:020000040800F2
:1000000000000524D12B00086521000867210008A5
:10001000692100086B2100086D2100080000000024
:10002000000000000000000000000000B1C6000851
:100030006F2100080000000051C70008B5C7000884
:10004000212C0008212C0008212C0008212C00085C
:10005000212C0008212C0008212C0008212C00084C
:10006000212C0008212C0008212C0008212C00083C
:10007000212C000871210008212C00088121000892
:1000800091210008212C0008212C0008A121000842
:10009000B1210008212C0008212C0008212C000887
:1000A000212C0008212C0008212C0008212C0008FC
:1000B000212C0008212C0008C1210008212C000857
:1000C000212C0008212C0008212C0008212C0008DC
:1000D000D1210008212C0008E1210008F1210008AD
:1000E000212C0008212C000800000000212C000811
:1000F000212C0008212C0008212C0008212C0008AC
:10010000212C0008212C0008212C0008212C00089B
:10011000212C000801220008212C0008212C0008B5
:100120001122000821220008312200084122000883
:10013000212C0008212C0008212C0008212C00086B
:1001400000000000000000000000000000000000AF
:1001500051220008212C0008212C0008212C000825
:10016000212C0008212C0008212C0008212C00083B
:10017000212C000861220008212C0008000000004A
:10018000212C0008212C0008212C0008212C00081B
:10019000212C0008212C0008212C0008212C00080B
:1001A000212C0008212C0008212C00080000000050
:1001B000212C0008212C0008212C0008212C0008EB
:1001C000212C0008212C0008000000000000000085
:1001D0000000000000000000212C000800000000CA
:1001E000000000000000000000000000000000000F
:1001F0000000000000000000212C0008212C000855
:10020000212C0008212C000800000000212C0008EF
:10021000212C0008212C0008212C0008212C00088A
:10022000212C000800000000212C00080000000024
:10023000212C0008212C000800000000212C0008BF
:10024000212C0008212C0008212C0008212C00085A
:10025000212C0008212C0008212C0008212C00084A
:10026000212C0008212C0008212C0008212C00083A
:10027000212C0008212C0008212C0008000000007F
:10028000212C0008212C0008212C0008212C00081A
:1002900000000000212C0008212C000800000000B4
:1002A00000000000212C0008212C0008212C00084F
:1002B00071220008212C0008212C0008812200084E
:0C02C000212C000891220008212C0008CD
:1003000010B5054C237833B9044B13B10448AFF34F
:1003100000800123237010BD500F00240000000056
:100320008CED010808B5034B1BB103490348AFF33B
:10033000008008BD00000000540F00248CED01086F
:1003400081F0004102E000BF83F0004330B54FEA86
:1003500041044FEA430594EA050F08BF90EA020FF3
:100360001FBF54EA000C55EA020C7FEA645C7FEA86
:10037000655C00F0E2804FEA5454D4EB5555B8BFA9
:100380006D420CDD2C4480EA020281EA030382EA1A
:10039000000083EA010180EA020281EA0303362DAC
:1003A00088BF30BD11F0004F4FEA01314FF4801C7F
:1003B0004CEA113102D0404261EB410113F0004F91
:1003C0004FEA03334CEA133302D0524263EB430348
:1003D00094EA050F00F0A780A4F10104D5F1200EE6
:1003E0000DDB02FA0EFC22FA05F2801841F1000141
:1003F00003FA0EF2801843FA05F359410EE0A5F115
:1004000020050EF1200E012A03FA0EFC28BF4CF045
:10041000020C43FA05F3C01851EBE37101F00045FB
:1004200007D54FF0000EDCF1000C7EEB00006EEB08
:100430000101B1F5801F1BD3B1F5001F0CD3490892
:100440005FEA30004FEA3C0C04F101044FEA4452E9
:1004500012F5800F80F09A80BCF1004F08BF5FEA70
:10046000500C50F1000041EB045141EA050130BD50
:100470005FEA4C0C404141EB0101013C28BFB1F562
:10048000801FE9D291F0000F04BF01460020B1FAAD
:1004900081F308BF2033A3F10B03B3F120020CDA80
:1004A0000C3208DD02F1140CC2F10C0201FA0CF05E
:1004B00021FA02F10CE002F11402D8BFC2F1200CC3
:1004C00001FA02F120FA0CFCDCBF41EA0C01904079
:1004D000E41AA2BF01EB0451294330BD6FEA0404C2
:1004E0001F3C1CDA0C340EDC04F11404C4F12002AD
:1004F00020FA04F001FA02F340EA030021FA04F3BF
:1005000045EA030130BDC4F10C04C4F1200220FA15
:1005100002F001FA04F340EA0300294630BD21FA53
:1005200004F0294630BD94F0000F83F4801306BF19
:1005300081F480110134013D4EE77FEA645C18BF0D
:100540007FEA655C29D094EA050F08BF90EA020FA4
:1005500005D054EA000C04BF1946104630BD91EA9C
:10056000030F1EBF0021002030BD5FEA545C05D19F
:100570004000494128BF41F0004130BD14F58004DE
:100580003CBF01F5801130BD01F0004545F0FE4152
:1005900041F470014FF0000030BD7FEA645C1ABF87
:1005A000194610467FEA655C1CBF0B46024650EABE
:1005B000013406BF52EA033591EA030F41F40021EA
:1005C00030BD00BF90F0000F04BF0021704730B570
:1005D0004FF4806404F132044FF000054FF0000145
:1005E00050E700BF90F0000F04BF0021704730B506
:1005F0004FF4806404F1320410F0004548BF4042DB
:100600004FF000013EE700BF42004FEAE2014FEA2F
:1006100031014FEA02701FBF12F07F4393F07F4F0A
:1006200081F06051704732F07F4208BF704793F00D
:100630007F4F04BF41F40021704730B54FF4607420
:1006400001F0004521F000411CE700BF50EA010223
:1006500008BF704730B54FF000050AE050EA0102CC
:1006600008BF704730B511F0004502D5404261EB3C
:1006700041014FF4806404F132045FEA915C3FF47D
:10068000D8AE4FF003025FEADC0C18BF03325FEA1A
:10069000DC0C18BF033202EBDC02C2F1200300FACB
:1006A00003FC20FA02F001FA03FE40EA0E0021FAF0
:1006B00002F11444BDE600BF70B54FF0FF0C4CF4DE
:1006C000E06C1CEA11541DBF1CEA135594EA0C0F90
:1006D00095EA0C0F00F0DEF82C4481EA030621EACB
:1006E0004C5123EA4C5350EA013518BF52EA033506
:1006F00041F4801143F4801338D0A0FB02CE4FF0B8
:100700000005E1FB02E506F00042E0FB03E54FF0E7
:100710000006E1FB03569CF0000F18BF4EF0010EDF
:10072000A4F1FF04B6F5007F64F5407404D25FEADB
:100730004E0E6D4146EB060642EAC62141EA55518E
:100740004FEAC52040EA5E504FEACE2EB4F1FD0CD0
:1007500088BFBCF5E06F1ED8BEF1004F08BF5FEA4E
:10076000500E50F1000041EB045170BD06F0004600
:1007700046EA010140EA020081EA0301B4EB5C04AD
:10078000C2BFD4EB0C0541EA045170BD41F48011A5
:100790004FF0000E013C00F3AB8014F1360FDEBFCA
:1007A000002001F0004170BDC4F10004203C35DAA6
:1007B0000C341BDC04F11404C4F1200500FA05F329
:1007C00020FA04F001FA05F240EA020001F00042CA
:1007D00021F0004110EBD37021FA04F642EB060140
:1007E0005EEA430E08BF20EAD37070BDC4F10C046A
:1007F000C4F1200500FA04F320FA05F001FA04F22E
:1008000040EA020001F0004110EBD37041F1000119
:100810005EEA430E08BF20EAD37070BDC4F1200524
:1008200000FA05F24EEA020E20FA04F301FA05F28C
:1008300043EA020321FA04F001F0004121FA04F234
:1008400020EA020000EBD3705EEA430E08BF20EA04
:10085000D37070BD94F0000F0FD101F0004640003E
:1008600041EB010111F4801F08BF013CF7D041EAC0
:10087000060195F0000F18BF704703F000465200C4
:1008800043EB030313F4801F08BF013DF7D043EA95
:100890000603704794EA0C0F0CEA135518BF95EA4B
:1008A0000C0F0CD050EA410618BF52EA4306D1D1D2
:1008B00081EA030101F000414FF0000070BD50EAF1
:1008C000410606BF1046194652EA430619D094EA7B
:1008D0000C0F02D150EA013613D195EA0C0F05D165
:1008E00052EA03361CBF104619460AD181EA0301B9
:1008F00001F0004141F0FE4141F470014FF0000071
:1009000070BD41F0FE4141F4780170BD70B54FF00B
:10091000FF0C4CF4E06C1CEA11541DBF1CEA13558B
:1009200094EA0C0F95EA0C0F00F0A7F8A4EB05046D
:1009300081EA030E52EA03354FEA013100F0888064
:100940004FEA03334FF0805545EA131343EA12632D
:100950004FEA022245EA111545EA10654FEA0026E2
:100960000EF000419D4208BF964244F1FD0404F59B
:10097000407402D25B084FEA3202B61A65EB0305F7
:100980005B084FEA32024FF480104FF4002CB6EBB4
:10099000020E75EB030E22BFB61A754640EA0C0034
:1009A0005B084FEA3202B6EB020E75EB030E22BF74
:1009B000B61A754640EA5C005B084FEA3202B6EBB5
:1009C000020E75EB030E22BFB61A754640EA9C0074
:1009D0005B084FEA3202B6EB020E75EB030E22BF44
:1009E000B61A754640EADC0055EA060E18D04FEA02
:1009F000051545EA16754FEA06164FEAC30343EAA2
:100A000052734FEAC2025FEA1C1CC0D111F4801F6E
:100A10000BD141EA00014FF000004FF0004CB6E767
:100A200011F4801F04BF01430020B4F1FD0C88BF06
:100A3000BCF5E06F3FF6AFAEB5EB030C04BFB6EB11
:100A4000020C5FEA500C50F1000041EB045170BD04
:100A50000EF0004E4EEA113114EB5C04C2BFD4EB31
:100A60000C0541EA045170BD41F480114FF0000EB5
:100A7000013C90E645EA060E8DE60CEA135594EA31
:100A80000C0F08BF95EA0C0F3FF43BAF94EA0C0F34
:100A90000AD150EA01347FF434AF95EA0C0F7FF4A9
:100AA00025AF104619462CE795EA0C0F06D152EAFD
:100AB00003353FF4FDAE1046194622E750EA4106E1
:100AC00018BF52EA43067FF4C5AE50EA41047FF4F2
:100AD0000DAF52EA43057FF4EBAE12E74FF0FF3C57
:100AE00006E000BF4FF0010C02E000BF4FF0010C28
:100AF0004DF804CD4FEA410C7FEA6C5C4FEA430CA1
:100B000018BF7FEA6C5C1BD001B050EA410C0CBFEF
:100B100052EA430C91EA030F02BF90EA020F002051
:100B2000704710F1000F91EA030F58BF994208BFB8
:100B300090422CBFD8176FEAE37040F00100704775
:100B40004FEA410C7FEA6C5C02D150EA013C07D1CC
:100B50004FEA430C7FEA6C5CD6D152EA033CD3D017
:100B60005DF8040B704700BF8446104662468C4611
:100B70001946634600E000BF01B5FFF7B7FF002844
:100B800048BF10F1000F01BD4DF808EDFFF7F4FF6D
:100B90000CBF012000205DF808FB00BF4DF808EDF8
:100BA000FFF7EAFF34BF012000205DF808FB00BF1B
:100BB0004DF808EDFFF7E0FF94BF012000205DF83D
:100BC00008FB00BF4DF808EDFFF7CEFF94BF0120F2
:100BD00000205DF808FB00BF4DF808EDFFF7C4FFEB
:100BE00034BF012000205DF808FB00BF4FEA41023E
:100BF000B2F1E04324BFB3F5001CDCF1FE5C0DD97B
:100C000001F0004C4FEAC0024CEA5070B2F1004FC4
:100C100040EB830008BF20F00100704711F0804FC7
:100C200021D113F13872BCBF01F00040704741F48C
:100C300080114FEA5252C2F11802C2F1200C10FA90
:100C40000CF320FA02F018BF40F001004FEAC12374
:100C50004FEAD32303FA0CFC40EA0C0023FA02F318
:100C60004FEA4303CCE77FEA625307D150EA0133EE
:100C70001EBF4FF0FE4040F44000704701F00040BE
:100C800040F0FE4040F40000704700BF80F000409C
:100C900002E000BF81F0004142001FBF5FEA410354
:100CA00092EA030F7FEA226C7FEA236C6AD04FEA54
:100CB0001262D2EB1363C1BFD21841404840414099
:100CC000B8BF5B42192B88BF704710F0004F40F44B
:100CD000000020F07F4018BF404211F0004F41F467
:100CE000000121F07F4118BF494292EA030F3FD033
:100CF000A2F1010241FA03FC10EB0C00C3F1200346
:100D000001FA03F100F0004302D5494260EB4000D4
:100D1000B0F5000F13D3B0F1807F06D340084FEA3F
:100D2000310102F10102FE2A51D2B1F1004F40EB34
:100D3000C25008BF20F0010040EA0300704749009C
:100D400040EB0000013A28BFB0F5000FEDD2B0FA39
:100D500080FCACF1080CB2EB0C0200FA0CF0AABF5C
:100D600000EBC25052421843BCBFD04018437047FA
:100D700092F0000F81F4000106BF80F40000013200
:100D8000013BB5E74FEA41037FEA226C18BF7FEAD7
:100D9000236C21D092EA030F04D092F0000F08BF19
:100DA0000846704790EA010F1CBF0020704712F000
:100DB0007F4F04D1400028BF40F00040704712F13F
:100DC00000723CBF00F50000704700F0004343F0A4
:100DD000FE4040F4000070477FEA226216BF0846DA
:100DE0007FEA23630146420206BF5FEA412390EA9D
:100DF000010F40F4800070474FF0000304E000BF93
:100E000010F0004348BF40425FEA000C08BF704743
:100E100043F0964301464FF000001CE050EA010207
:100E200008BF70474FF000030AE000BF50EA01021C
:100E300008BF704711F0004302D5404261EB410109
:100E40005FEA010C02BF84460146002043F0B6432E
:100E500008BFA3F18053A3F50003BCFA8CF2083A53
:100E6000A3EBC25310DB01FA02FC634400FA02FC5C
:100E7000C2F12002BCF1004F20FA02F243EB020063
:100E800008BF20F00100704702F1200201FA02FCC5
:100E9000C2F1200250EA4C0021FA02F243EB0200B8
:100EA00008BF20EADC70704753B94AB9002908BF6F
:100EB00000281CBF4FF0FF314FF0FF3000F074B935
:100EC000ADF1080C6DE904CE00F006F8DDF804E0A1
:100ED000DDE9022304B070472DE9F047089D044680
:100EE0008E46002B4DD18A42944669D9B2FA82F2DD
:100EF00052B101FA02F3C2F1200120FA01F10CFA19
:100F000002FC41EA030E94404FEA1C48210CBEFB50
:100F1000F8F61FFA8CF708FB16E341EA034306FBD9
:100F200007F199420AD91CEB030306F1FF3080F068
:100F30001F81994240F21C81023E63445B1AA4B2B5
:100F4000B3FBF8F008FB103344EA034400FB07F757
:100F5000A7420AD91CEB040400F1FF3380F00A8198
:100F6000A74240F207816444023840EA0640E41B8D
:100F700000261DB1D4400023C5E900433146BDE839
:100F8000F0878B4209D9002D00F0EF800026C5E9DB
:100F9000000130463146BDE8F087B3FA83F6002EF3
:100FA0004AD18B4202D3824200F2F980841A61EB6B
:100FB000030301209E46002DE0D0C5E9004EDDE789
:100FC00002B9FFDEB2FA82F2002A40F09280A1EB71
:100FD0000C014FEA1C471FFA8CFE0126200CB1FBC6
:100FE000F7F307FB131140EA01410EFB03F08842BF
:100FF00008D91CEB010103F1FF3802D2884200F24C
:10100000CB804346091AA4B2B1FBF7F007FB1011DD
:1010100044EA01440EFB00FEA64508D91CEB04047B
:1010200000F1FF3102D2A64500F2BB800846A4EBD6
:101030000E0440EA03409CE7C6F12007B34022FAC1
:1010400007FC4CEA030C20FA07F401FA06F31C43F0
:10105000F9404FEA1C4900FA06F3B1FBF9F8200CFD
:101060001FFA8CFE09FB181140EA014108FB0EF043
:10107000884202FA06F20BD91CEB010108F1FF3A93
:1010800080F08880884240F28580A8F1020861449F
:10109000091AA4B2B1FBF9F009FB101144EA0141AD
:1010A00000FB0EFE8E4508D91CEB010100F1FF3458
:1010B0006CD28E456AD90238614440EA0840A0FBF0
:1010C0000294A1EB0E01A142C846A64656D353D0C6
:1010D0005DB1B3EB080261EB0E0101FA07F722FAEA
:1010E00006F3F1401F43C5E9007100263146BDE813
:1010F000F087C2F12003D8400CFA02FC21FA03F376
:10110000914001434FEA1C471FFA8CFEB3FBF7F0F6
:1011100007FB10360B0C43EA064300FB0EF69E421B
:1011200004FA02F408D91CEB030300F1FF382FD2B4
:101130009E422DD9023863449B1B89B2B3FBF7F65C
:1011400007FB163341EA034106FB0EF38B4208D935
:101150001CEB010106F1FF3816D28B4214D9023E76
:101160006144C91A46EA004638E72E46284605E794
:101170000646E3E61846F8E64B45A9D2B9EB020865
:1011800064EB0C0E0138A3E74646EAE7204694E7F5
:101190004046D1E7D0467BE7023B614432E7304628
:1011A00009E76444023842E7704700BF844641EAD9
:1011B000000313F003036DD1403A41D351F8043BCF
:1011C00040F8043B51F8043B40F8043B51F8043B21
:1011D00040F8043B51F8043B40F8043B51F8043B11
:1011E00040F8043B51F8043B40F8043B51F8043B01
:1011F00040F8043B51F8043B40F8043B51F8043BF1
:1012000040F8043B51F8043B40F8043B51F8043BE0
:1012100040F8043B51F8043B40F8043B51F8043BD0
:1012200040F8043B51F8043B40F8043B51F8043BC0
:1012300040F8043B51F8043B40F8043B403ABDD22F
:10124000303211D351F8043B40F8043B51F8043BD1
:1012500040F8043B51F8043B40F8043B51F8043B90
:1012600040F8043B103AEDD20C3205D351F8043B60
:1012700040F8043B043AF9D2043208D0D2071CBF2C
:1012800011F8013B00F8013B01D30B880380604655
:10129000704700BF082A13D38B078DD010F00303CB
:1012A0008AD0C3F10403D21ADB071CBF11F8013B3B
:1012B00000F8013B80D331F8023B20F8023B7BE78A
:1012C000043AD9D3013A11F8013B00F8013BF9D2B5
:1012D0000B7803704B7843708B788370604670474F
:1012E00000000000000000000000000000000000FE
:1012F00000000000000000000000000000000000EE
:1013000090F800F06DE9024520F007016FF0000C45
:1013100010F0070491F820F040F049804FF00004ED
:101320006FF00700D1E9002391F840F000F10800C8
:1013300082FA4CF2A4FA8CF283FA4CF3A2FA8CF300
:101340004BBBD1E9022382FA4CF200F10800A4FA67
:101350008CF283FA4CF3A2FA8CF3E3B9D1E90423BB
:1013600082FA4CF200F10800A4FA8CF283FA4CF3F2
:10137000A2FA8CF37BB9D1E9062301F1200182FAAC
:101380004CF200F10800A4FA8CF283FA4CF3A2FAB2
:101390008CF3002BC6D0002A04BF04301A4612BAC0
:1013A000B2FA82F2FDE8024500EBD2007047D1E9C3
:1013B000002304F00305C4F100004FEAC50514F052
:1013C000040F91F840F00CFA05F562EA05021CBF23
:1013D00063EA050362464FF00004A9E7000000003D
:1013E00001F0FF01102A2BDB10F0070F08D010F8D6
:1013F000013B013A8B422DD010F0070F42B3F6D1DA
:10140000F0B441EA012141EA014122F007047FF0F2
:1014100000070023F0E80256083C85EA010586EA49
:10142000010685FA47F5A3FA87F586FA47F6A5FA85
:1014300087F68EB9EED1F0BC01F0FF0102F0070291
:1014400032B110F8013B013A83EA010313B1F8D13C
:101450000020704701387047002D06BF354603381D
:10146000073815F0010F07D1013015F4807F02BF56
:10147000013015F4C03F0130F0BC0138704700BFA7
:101480004FEA410C7FEA6C5C02D150EA013C0AD180
:101490004FEA430C7FEA6C5C02D152EA033C02D172
:1014A0004FF0000070474FF0010070474FEA4102D3
:1014B00012F5001215D211D56FF47873B3EB6252A6
:1014C00012D94FEAC12343F0004343EA505311F0CD
:1014D000004F23FA02F018BF404270474FF000005F
:1014E000704750EA013005D111F0004008BF6FF09D
:1014F000004070474FF00000704700BF00B583B058
:101500002D4BD3F8D82042F00102C3F8D820D3F8ED
:10151000D82002F001020092009AD3F8D82042F0BD
:101520000202C3F8D820D3F8D83003F002030193A5
:10153000019B002205210D2001F0E4FB0D2001F0AC
:1015400017FC002205210F2001F0DCFB0F2001F029
:101550000FFC00220521102001F0D4FB102001F027
:1015600007FC00220521382001F0CCFB382001F0D7
:10157000FFFB00220521392001F0C4FB392001F0D6
:10158000F7FB002205213A2001F0BCFB3A2001F0D4
:10159000EFFB002205213B2001F0B4FB3B2001F0D2
:1015A000E7FB00220521442001F0ACFB442001F0C0
:1015B000DFFB03B05DF804FB0044025810B5164889
:1015C000164B036000238360C360037443740122DD
:1015D0008274032444610A2282611D21C161026276
:1015E00044628262C162026343630E228263C36308
:1015F0000422026442648364C264036542658365B5
:10160000C36502664366826603F08EF800B910BDBA
:1016100000F00AFBFBE700BF700F002400A00040B1
:1016200010B51648164B036000238360C360037433
:1016300043748374032444610A2282611D21C161C1
:10164000026244628262C16202634FF45572426375
:101650000E228263C3630364042242648264C26410
:10166000036542658365C36502664366826603F06F
:101670005BF800B910BD00F0D7FAFBE710100024AA
:1016800000A4004010B51648164B03600023836089
:10169000C360037443748374032444610A22826127
:1016A0001D21C161026244628262C162026340F232
:1016B000AA6242630E228263C3630422026442640C
:1016C0008364C264036542658365C36502664366DD
:1016D000826603F029F800B910BD00F0A5FAFBE717
:1016E000B010002400D4004030B5BBB00446002147
:1016F00035913691379138913991B82206A815F075
:10170000E7F823686F4A934208D06F4A93424BD060
:101710006E4A934200F08E803BB030BD4FF40042E1
:101720000023CDE906234FF08053219306A805F04E
:10173000A1FB40BB664A136801331360012B25D01F
:10174000644BD3F8E02042F00802C3F8E020D3F85D
:10175000E03003F008030193019B03233593022338
:1017600036930024379438940923399335A95A487D
:1017700003F0C6FC22460521132001F0C3FA132012
:1017800001F0F6FAC8E700F04FFAD3E7514BD3F86F
:10179000EC2042F48072C3F8EC20D3F8EC3003F470
:1017A00080730093009BCBE74FF400420023CDE908
:1017B00006234FF08053219306A805F05BFB40BB46
:1017C000434A136801331360012B25D0414BD3F8F2
:1017D000E02042F00202C3F8E020D3F8E03003F04A
:1017E00002030393039B6023359302233693002463
:1017F000379438940923399335A9384803F080FC8D
:1018000022460521142001F07DFA142001F0B0FADF
:1018100082E700F009FAD3E72E4BD3F8EC2042F42C
:101820008072C3F8EC20D3F8EC3003F48073029399
:10183000029BCBE74FF400420023CDE906234FF093
:101840008053219306A805F015FB48BB204A136876
:1018500001331360012B26D01E4BD3F8E02042F059
:101860000802C3F8E020D3F8E03003F00803059342
:10187000059B4FF44053359302233693002437944D
:1018800038940525399535A9134803F039FC2246CB
:1018900029469F2001F036FA9F2001F069FA3BE7C4
:1018A00000F0C2F9D2E70B4BD3F8EC2042F480727F
:1018B000C3F8EC20D3F8EC3003F480730493049B5A
:1018C000CAE700BF00A0004000A4004000D40040D0
:1018D0006C0F002400440258000C02580004025807
:1018E00008B50DF023FB01226421104611F076FDAE
:1018F0004FF4FA700CF08EFB00221146104611F0E6
:101900006DFD4FF4FA700CF085FBECE7034B0360C0
:10191000034B0B6080231360704700BF58130024F3
:1019200054110024034B0360034B0B604FF480738E
:1019300013607047E01B0024E017002410B588B046
:101940000DF1040C074C0FCCACE80F0094E8070035
:101950008CE80700002101A80AF042FD024B186044
:1019600008B010BDA8ED0108501100242DE9F04F7A
:101970008DB000240794089409940A940B94A44B06
:10198000D3F8E02042F01002C3F8E020D3F8E020C2
:1019900002F010020192019AD3F8E02042F0040212
:1019A000C3F8E020D3F8E02002F004020292029A89
:1019B000D3F8E02042F08002C3F8E020D3F8E02022
:1019C00002F080020392039AD3F8E02042F0010271
:1019D000C3F8E020D3F8E02002F001020492049A58
:1019E000D3F8E02042F00202C3F8E020D3F8E02070
:1019F00002F002020592059AD3F8E02042F00802B4
:101A0000C3F8E020D3F8E03003F008030693069B08
:101A1000DFF804B201224EF22901584603F07AFCA5
:101A2000DFF8F8A122464FF40041504603F072FC63
:101A3000DFF8EC8122464FF44061404603F06AFC37
:101A400001224FF48051404603F064FC22464FF4DB
:101A50008061704803F05EFC4FF4604307930127F8
:101A6000089709940A9407A9584603F049FB2923CB
:101A700007930897099403250A9507A9584603F088
:101A80003FFB02260796089609940A9509230B93B3
:101A9000DFF8909107A9484603F032FB082307932B
:101AA000089609940A9506230B9307A9484603F064
:101AB00027FB202307930895099407A9484603F0BC
:101AC0001FFB102307930895099407A9584603F0B4
:101AD00017FB0797089609940A954FF0040BCDF869
:101AE0002CB007A9404603F00BFBCDF81CB00896BC
:101AF00009940A9509230B9307A9404603F000FBBC
:101B00004FF4A05307934FF488130893099407A93F
:101B1000504603F0F5FA4FF40063079308960994D2
:101B20000A950B230B9307A9504603F0E9FA4FF4EB
:101B3000004BCDF81CB0089709940A9407A95046A9
:101B400003F0DEFA4FF440630793089709940A9470
:101B500007A9404603F0D4FA4FF48053079308973F
:101B600009970A9507A9404603F0CAFACDF81CB0B8
:101B7000089609940A940B9607A9404603F0C0FA08
:101B80004FF480630793089709940A9407A92148A2
:101B900003F0B6FA4FF400630793089609940A9588
:101BA00009230B9307A91B4803F0AAFA4FF480738B
:101BB0000793089609940A940B9407A9484603F0E2
:101BC0009FFA4FF400730793089609940A95072328
:101BD0000B9307A9484603F093FACDF81CB008947C
:101BE000099407A9484603F08BFA802307930896C7
:101BF00009940A9505230B9307A9064803F080FA78
:101C000021464FF0006001F061F80DB0BDE8F08FA3
:101C100000440258000C02580008025800100258F4
:101C2000000402580000025872B6FEE700B59DB0ED
:101C30004C22002109A814F04BFE2022002101A80B
:101C400014F046FE022004F0DBF900230093264B3B
:101C50009A6922F440429A619B6903F440430093DD
:101C6000009B214B9B6913F4005FFAD02323099357
:101C70004FF480330A9301220C9240230D930F926C
:101C80000223129313931493282115911692042280
:101C9000179218930C23199300231A931B9309A8E6
:101CA00004F0E0F9D8B93F23019303210291002306
:101CB0000393082304934023059306934FF4806213
:101CC0000792089301A804F00FFE50B94FF4802248
:101CD0000021084604F0BCFC1DB05DF804FBFFF7D2
:101CE000A3FFFFF7A1FF00BF0048025880B500F036
:101CF00099FFFFF79BFFFFF739FEFFF7FFFBFFF7A9
:101D00005DFCFFF78DFCFFF7BDFC00F063FC00F00D
:101D10005FF800F01BFC00F077FB00F007FD00F01F
:101D200087F800F093FC00F0C9FC0DF0FFF84FF4C9
:101D3000F07010F0BFF80FF05DFE1E480FF02AFDA6
:101D40000CF0EEFE0322002101200BF0D1F81A4E18
:101D500030600322002101200BF0CAF8174D2860E3
:101D60000322002101200BF0C3F8154F3860032037
:101D70000BF025FD0146134C206038680BF025FD63
:101D8000216830680BF021FD216828680BF01DFDEB
:101D900001200BF0FFF90C4B186013F059FE11F005
:101DA000C7FB0A4806F02EFFFFF7C8FD0AF009FB43
:101DB000FEE700BF6C2100246C2000247420002466
:101DC0007020002478200024682000241823002498
:101DD00008B51548154B03604FF48003436000239A
:101DE00083600722C2604FF0007202614FF0807280
:101DF00042614FF0806282614FF08042C2610362B3
:101E000043628362C36242638363C3630364436464
:101E10008364C36403654365836505F0CFFF00B940
:101E200008BDFFF701FFFBE76C21002400380040EC
:101E300008B51648164B03604FF4800343604FF417
:101E4000003383600723C360002303614FF0807277
:101E500042614FF0806282614FF08052C261036242
:101E600043628362C3624FF0804242638363C36311
:101E7000036443648364C36403654365836505F059
:101E80009DFF00B908BDFFF7CFFEFBE7F42100245A
:101E9000001400582DE9F041BAB0044600213591F4
:101EA0003691379138913991B82206A814F010FD77
:101EB0002368714A934206D0704A934200F09080A2
:101EC0003AB0BDE8F0814FF480520023CDE90623FB
:101ED00006A804F0CFFF002879D1694BD3F8E82099
:101EE00042F48042C3F8E820D3F8E82002F48042AC
:101EF0000092009AD3F8E02042F00402C3F8E020F8
:101F0000D3F8E02002F004020192019AD3F8E02015
:101F100042F00202C3F8E020D3F8E03003F00203FD
:101F20000293029B062335934FF00208CDF8D88028
:101F300000253795032738970526399635A9514846
:101F400003F0DEF84FF400533593CDF8D880379581
:101F50003897399635A94C4803F0D2F84B484C4B8A
:101F60000360272343608560C5604FF4806303618D
:101F700045618561C5614FF440330362456201F0FC
:101F800019F938BB414BE3679C634248424B0360FD
:101F900028234360402383600023C3604FF48062A2
:101FA000026143618361C3614FF4003202624362A4
:101FB00001F000F988B9374BA3679C630022052123
:101FC000242000F09FFE242000F0D2FE78E7FFF7E7
:101FD0002BFE82E7FFF728FED4E7FFF725FEEAE7AE
:101FE0004FF480420023CDE906234FF0A043319304
:101FF00006A804F03FFF00283BD1214BD3F8F42082
:1020000042F02002C3F8F420D3F8F42002F02002BA
:102010000392039AD3F8E02042F00102C3F8E020D3
:10202000D3F8E02002F001020492049AD3F8E020F1
:1020300042F00202C3F8E020D3F8E03003F00203DC
:102040000593059B8023359302263696002437940A
:1020500038940825399535A9104803F051F835957D
:10206000369637943894399535A9074803F048F8DF
:1020700026E7FFF7D9FDC0E70038004000140058FC
:102080000044025800080258000402587C20002432
:1020900010040240F42000242804024000000258EA
:1020A00000B583B00A4BD3F8F42042F00202C3F823
:1020B000F420D3F8F43003F002030193019B0022D3
:1020C0000F216FF0010000F01DFE03B05DF804FB6E
:1020D000004402580F2801D90120704710B58AB07A
:1020E000044600220146A12000F00CFEA12000F0D1
:1020F0003FFE174B1C60174BD3F8EC2042F0807268
:10210000C3F8EC20D3F8EC3003F080730093009B0D
:1021100001A902A804F078FD04F064FD43000E4814
:10212000A0FB03239B0C013B0C480D4A026040F2CC
:10213000E732C260436000230361836006F004FF5E
:1021400010B101200AB010BD044806F05BFDF9E7AC
:102150000C0000240044025883DE1B437C22002430
:1021600000E00040FEE7FEE7FEE7FEE7FEE770471F
:1021700008B5024801F00CFE08BD00BF642300242E
:1021800008B5024801F004FE08BD00BF4425002444
:1021900008B5024801F0FCFD08BD00BFDC230024A7
:1021A00008B5024802F01EFE08BD00BF700F0024F3
:1021B00008B5024802F016FE08BD00BF101000244A
:1021C00008B5024806F072FD08BD00BF18230024C0
:1021D00008B5024806F078FA08BD00BF6C2100245B
:1021E00008B5024807F054FA08BD00BFC82600240D
:1021F00008B5024807F04CFA08BD00BF5C27002470
:1022000008B5024807F044FA08BD00BFF0270024D3
:1022100008B5024801F0BCFD08BD00BF7C200024C9
:1022200008B5024801F0B4FD08BD00BFF420002449
:1022300008B5024801F0ACFD08BD00BF54240024DD
:1022400008B5024801F0A4FD08BD00BFCC2400245D
:1022500008B5024801F09CFD08BD00BFBC25002464
:1022600008B5024803F08DFB08BD00BF905203245F
:1022700008B5024807F00CFA08BD00BF3426002458
:1022800008B5024802F0AEFD08BD00BFB010002442
:1022900008B5024806F00AFD08BD00BF7C220024F4
:1022A0000120704708B514F031F8162303604FF091
:1022B000FF3008BD08B54FF0FF31FFF7F3FFFEE731
:1022C00070B50C461646002506E0AFF300802146A7
:1022D00001F8010B01350C46B542F6DB304670BD06
:1022E00070B50C461646002504E014F8010BAFF358
:1022F00000800135B542F8DB304670BD4FF0FF304D
:1023000070474FF400534B60002070470120704726
:102310000020704710B503460C4A0D490D4800686F
:1023200040B10C4800680344521A934206D8094A47
:10233000136010BD0748084C0460F2E713F0E6FF95
:102340000C2303604FF0FF30F3E700BF00000524CB
:1023500000100000C8220024806B0324224AD2F817
:10236000883043F47003C2F88830204B1B6803F0B8
:102370000F03062B06D81D4A136823F00F0343F002
:10238000070313601A4B1A6842F001021A60002218
:102390001A611968174A0A401A60144B1B6813F037
:1023A000080F06D0114A136823F00F0343F0070308
:1023B00013600F4B00229A61DA611A620E4999622A
:1023C0000E49D9620E4919635A639963DA63196435
:1023D0005A64196821F4802119601A66094B43F286
:1023E000D2021A60704700BF00ED00E000200052EA
:1023F000004402587FEDF6EA000202020000FF01ED
:10240000800201010040005200B589B0002304930E
:102410000593069307930193029303931448154A77
:102420000260436083604BF67F32C2600361836168
:1024300006F08AFD90B94FF48053049304A90C4828
:1024400006F0D6FE68B900230193039301A908485A
:1024500007F036F840B909B05DF804FBFFF7E4FB7C
:10246000E9E7FFF7E1FBEEE7FFF7DEFBF3E700BF8D
:10247000182300240008004002680A4B9A4200D04A
:10248000704782B0084BD3F8E82042F00202C3F84C
:10249000E820D3F8E83003F002030193019B02B077
:1024A000704700BF000400400044025802680F4B10
:1024B0009A4200D0704700B583B00D4BD3F8E820A6
:1024C00042F00402C3F8E820D3F8E83003F0040334
:1024D0000193019B002205211E2000F013FC1E2009
:1024E00000F046FC03B05DF804FB00BF00080040AC
:1024F0000044025800B587B0002301930293039370
:102500000493059302680E4B9A4202D007B05DF81F
:1025100004FB0C4BD3F8E02042F00202C3F8E020A9
:10252000D3F8E03003F002030093009B02230193F1
:102530000293059301A9044802F0E2FDE6E700BF1B
:1025400000040040004402580004025800B58BB05B
:102550000023079308930993009301930293039335
:102560000493059306931948194A026017224260A2
:10257000836042F20F72C26003618023836106F0C0
:1025800013FDC8B900230793099307A90F4806F064
:1025900097FFA0B960230093002301930293049353
:1025A0000C226946094806F079FD58B90748FFF73B
:1025B000A1FF0BB05DF804FBFFF736FBE2E7FFF786
:1025C00033FBE7E7FFF730FBF0E700BFCC22002446
:1025D0000004004008B51A481A4B03601A4B4360C8
:1025E0004FF4805383604FF40053C3604FF4806313
:1025F00003610423436100238361C3610362436277
:10260000836207F004FF70B900210D4808F016F846
:1026100060B900210A4808F036F850B9084807F0B8
:10262000EEFF48B908BDFFF7FFFAEDE7FFF7FCFA48
:10263000EFE7FFF7F9FAF1E7FFF7F6FAF2E700BF85
:10264000F027002400500040A086010008B518487B
:10265000184B0360184B436000218160C160016129
:102660000C2343618161C1610162416281620B4659
:102670000A4607F07DFF70B900210D4807F0DEFF24
:1026800060B900210A4807F0FEFF50B9084807F07A
:10269000B6FF48B908BDFFF7C7FAEDE7FFF7C4FA80
:1026A000EFE7FFF7C1FAF1E7FFF7BEFAF2E700BF85
:1026B000C82600240044004000093D0008B5184821
:1026C000184B0360184B436000218160C1600161B9
:1026D0000C2343618161C1610162416281620B46E9
:1026E0000A4607F045FF70B900210D4807F0A6FF24
:1026F00060B900210A4807F0C6FF50B9084807F042
:102700007EFF48B908BDFFF78FFAEDE7FFF78CFAB7
:10271000EFE7FFF789FAF1E7FFF786FAF2E700BF84
:102720005C2700240048004000093D0008B5174818
:10273000174B03604FF4E133436000238360C360B1
:1027400003610C2242618361C3610362436283625D
:1027500007F05DFE70B900210C4807F06FFF60B90B
:1027600000210A4807F08FFF50B9084807F047FFDB
:1027700048B908BDFFF758FAEDE7FFF755FAEFE75C
:10278000FFF752FAF1E7FFF74FFAF2E73426002499
:10279000001C01402DE9F041BEB0044600213991F2
:1027A0003A913B913C913D91B8220AA814F090F8DF
:1027B00023687A4A93420DD0794A93427BD0794A72
:1027C000934200F00581784A934200F08B813EB03D
:1027D000BDE8F08102220023CDE90A230AA804F013
:1027E00049FB002861D1714BD3F8E82042F48012F4
:1027F000C3F8E820D3F8E82002F480120092009A8F
:10280000D3F8E02042F00402C3F8E020D3F8E0203F
:1028100002F004020192019AD3F8E02042F008028B
:10282000C3F8E020D3F8E03003F008030293029BE2
:102830004FF4805339934FF00208CDF8E88000251B
:102840003B9503273C9708263D9639A9584802F046
:1028500057FC04233993CDF8E8803B953C973D968F
:1028600039A9544802F04CFC5348544B03604123AF
:1028700043608560C5604FF4806303614561856195
:10288000C5614FF440330362456200F093FC78B9B0
:10289000494BC4F880309C6300220521352000F0AC
:1028A00031FA352000F064FA91E7FFF7BDF99AE7B5
:1028B000FFF7BAF9ECE702220023CDE90A230AA8C0
:1028C00004F0D8FA00285FD1384BD3F8E82042F45E
:1028D0000032C3F8E820D3F8E82002F40032039273
:1028E000039AD3F8E02042F00802C3F8E020D3F8BE
:1028F000E03003F008030493049B70233993022310
:102900003A9300253B953C9507233D9339A92948E7
:1029100002F0F6FB2A482B4B03602B2343608560B3
:10292000C5604FF48063036145618561C5614FF403
:1029300000330362456200F03DFC40BB204BC4F80D
:1029400080309C632048214B03602C23436040234C
:1029500083600023C3604FF480620261436183613E
:10296000C3614FF400320262436200F023FC88B975
:10297000154BE3679C6300220521262000F0C2F975
:10298000262000F0F5F922E7FFF74EF99CE7FFF764
:102990004BF9D3E7FFF748F9EAE700BF00500040E2
:1029A0000044004000480040001C01400044025820
:1029B00000080258000C0258642300244000024022
:1029C0005424002440040240CC2400245804024033
:1029D00002220023CDE90A230AA804F04BFA0028BA
:1029E00077D1714BD3F8E82042F48022C3F8E82075
:1029F000D3F8E82002F480220592059AD3F8E0206B
:102A000042F00202C3F8E020D3F8E02002F0020214
:102A10000692069AD3F8E02042F00802C3F8E020BC
:102A2000D3F8E03003F008030793079B4FF480438B
:102A3000399302273A9700253B953C9507263D960A
:102A400039A95A4802F05CFB4FF4407339933A9726
:102A50003B953C953D9639A9554802F051FB5548A8
:102A6000554B03602D2343608560C5604FF4806340
:102A7000036145618561C5614FF4003303624562BE
:102A800000F098FB40BB4B4BC4F880309C634B4834
:102A90004B4B03602E234360402383600023C360BD
:102AA0004FF48062026143618361C3614FF400327D
:102AB0000262436200F07EFB88B9404BE3679C638F
:102AC00000220521272000F01DF9272000F050F9F1
:102AD0007DE6FFF7A9F884E7FFF7A6F8D3E7FFF74D
:102AE000A3F8EAE701220023CDE90A230AA804F0AB
:102AF000C1F9002851D12C4BD3F8F02042F08002CC
:102B0000C3F8F020D3F8F02002F080020892089A6F
:102B1000D3F8E02042F01002C3F8E020D3F8E03010
:102B200003F010030993099B0423399302273A9772
:102B300000253B953C953D93224E39A9304602F045
:102B4000DFFA082339933A973B953C950B233D9345
:102B500039A9304602F0D4FA1B481C4B0360762397
:102B600043608560C5604FF48063036145618561A2
:102B7000C5614FF400330362456200F01BFB78B976
:102B8000114BC4F880309C63002205219C2000F08A
:102B9000B9F89C2000F0ECF819E6FFF745F8AAE731
:102BA000FFF742F8ECE700BF004402580004025867
:102BB000000C02584425002470000240BC2500246B
:102BC0008804024000100258DC23002488000240E0
:102BD000DFF834D0FFF7C2FB0C480D490D4A002343
:102BE00002E0D458C4500433C4188C42F9D30A4AC2
:102BF0000A4C002301E013600432A242FBD313F01D
:102C00008BFBFFF773F870470000052400000024D9
:102C1000500F0024FC090208500F0024806B03248D
:102C2000FEE7000010B5032000F05AF803F062FD43
:102C30000F498B69C3F303230E4AD35C03F01F03D0
:102C4000D8408B6903F00F03D35C03F01F0320FA15
:102C500003F3094A1360094B18600F20FFF73AFA93
:102C600010B10124204610BD0446FFF719FAF9E718
:102C700000440258E8EE010804000024000000248B
:102C8000034B1B78034A11680B441360704700BF65
:102C90000800002484280024014B1868704700BFF6
:102CA0008428002438B50446FFF7F6FF0546B4F142
:102CB000FF3F02D0044B1B781C44FFF7EDFF401B85
:102CC000A042FAD338BD00BF08000024034A53686D
:102CD00023EA00030B435360704700BF0004005811
:102CE0000649CB6823F4E0631B041B0C000200F4CC
:102CF000E0600343024A1A43CA60704700ED00E0F7
:102D00000000FA0500B5174BDB68C3F30223C3F1DB
:102D1000070CBCF1040F28BF4FF0040C03F1040EA4
:102D2000BEF1060F14D9033B4FF0FF3E0EFA0CFC28
:102D300021EA0C0199400EFA03F322EA0303194336
:102D4000002807DB0901C9B2074B19545DF804FBE1
:102D50000023E9E700F00F000901C9B2034B195441
:102D6000F4E700BF00ED00E000E400E014ED00E057
:102D7000002807DB00F01F02400901239340024AAC
:102D800042F82030704700BF00E100E0F0B4876DEA
:102D90000468664E664DAC4218BFB44242D0183546
:102DA000AC423FD01835AC423CD01835AC4239D09B
:102DB0001835AC4236D01835AC4233D01835AC4259
:102DC00030D005F55675AC422CD01835AC4229D020
:102DD0001835AC4226D01835AC4223D01835AC4259
:102DE00020D01835AC421DD01835AC421AD0183559
:102DF000AC4217D04F4DAC4214D01435AC4211D078
:102E00001435AC420ED01435AC420BD01435AC4264
:102E100008D01435AC4205D01435AC4202D014357C
:102E2000AC4207D1446E856E6560C46E14B1046F08
:102E3000456F656004683D4E3D4DAC4218BFB442DD
:102E400052D01835AC424FD01835AC424CD0183562
:102E5000AC4249D01835AC4246D01835AC4243D0CC
:102E60001835AC4240D005F55675AC423CD018350B
:102E7000AC4239D01835AC4236D01835AC4233D0DC
:102E80001835AC4230D01835AC422DD01835AC4294
:102E90002AD01835AC4227D0264E274DAC4218BF59
:102EA000B44211D0254DAC420ED01435AC420BD0FB
:102EB0001435AC4208D01435AC4205D01435AC42C0
:102EC00002D01435AC4224D1C46D04F01F05012496
:102ED000AC407C60046863608368402B20D003684A
:102EE00099600368DA6014E0C46D04F01F0C3F249D
:102EF00004FA0CF4BC6005682C6824F480242C606F
:102F0000046863608368402B05D003689960036898
:102F1000DA60F0BC704703689A600368D960F8E72C
:102F200003689A600368D960F3E700BF10000240AD
:102F300028000240085402581C54025830540258C9
:102F400003682749274A934218BF8B422FD0183273
:102F500093422CD01832934229D01832934226D073
:102F60001832934223D01832934220D01832934221
:102F70001DD002F55672934219D01832934216D0E2
:102F80001832934213D01832934210D01832934221
:102F90000DD0183293420AD01832934207D018321B
:102FA000934204D023F0FF038365806D704710B413
:102FB000D9B210390C4AA2FB0142C2F302120B4CE7
:102FC000A25CC2655F2907D9094A1A4004328265AA
:102FD000806D5DF8044B7047054A1A408265F7E73B
:102FE0001000024028000240ABAAAAAAF8EE01088D
:102FF00000FCFFFF83699BB9836A012B0AD0022B77
:1030000002D00BB100207047C36A13F0807F2AD131
:1030100000207047C36AB3F1C07F26D000207047FC
:10302000B3F5005F0AD0836A022B26D9032B26D181
:10303000C36A13F0807F24D100207047836A032B7A
:1030400003D8DFE803F01404140A00207047C36AB1
:1030500013F0807F0DD100207047C36AB3F1C07FA9
:1030600009D00020704701207047012070470120DF
:1030700070470120704701207047012070470020F1
:10308000704701207047000003682249224A93429A
:1030900018BF8B4228D01432934225D01432934269
:1030A00022D0143293421FD0143293421CD01432D7
:1030B000934219D01432934216D0DAB2103A17491B
:1030C000A1FB0212120916491944A8291FD9154B50
:1030D00013449B000366144B436602F01F02012356
:1030E00003FA02F282667047DBB2083B0F4AA2FB8A
:1030F00003230F4A02EB1312920002660D4A426646
:10310000C3F30413012202FA03F383667047083203
:10311000DDE700BF085402581C540258ABAAAAAA03
:10312000F0FBFDBF0082001080080240CDCCCCCC6B
:10313000009600168058025801794A1E072A2CD89A
:1031400030B40368154D164CA34218BFAB4218D0DB
:103150001434A34215D01434A34212D01434A34221
:103160000FD01434A3420CD01434A34209D0143429
:10317000A34206D00B4B0B449B00C3660A4B03676C
:1031800005E00A4B0B449B00C366094B0367012310
:1031900003FA02F2426730BC704770470854025885
:1031A0001C5402583F820010400902403F9600160E
:1031B0004059025870B50446FFF76EFD002C00F030
:1031C000B381054623685349534A934218BF8B4243
:1031D0000CBF0122002250D030318B424DD018312B
:1031E0008B424AD018318B4247D018318B4244D0A1
:1031F00018318B4241D018318B423ED001F55671C7
:103200008B423AD018318B4237D018318B4234D0B0
:1032100018318B4231D018318B422ED018318B426D
:103220002BD018318B4228D018318B4225D03B4906
:103230003B4A934218BF8B4200F02E81394A934299
:1032400000F02A811432934200F026811432934216
:1032500000F022811432934200F01E811432934216
:1032600000F01A811432934200F016814023636506
:10327000032384F8353001204AE0022184F8351018
:10328000002184F834107ABB274A93422CD018329C
:10329000934229D01832934226D01832934223D039
:1032A0001832934220D0183293421DD002F5567244
:1032B000934219D01832934216D01832934213D049
:1032C0001832934210D0183293420DD018329342E4
:1032D0000AD01832934207D01832934204D01A68A9
:1032E00022F001021A6003E01A6822F001021A605B
:1032F00023681A6812F0010F18D0FFF7CDFC431BAA
:10330000052BF5D920236365032384F8353001208C
:1033100070BD00BF1000024028000240085402584F
:103320001C54025830540258400002401A687F482A
:103330001040A168E2680A4321690A4361690A43AF
:10334000A1690A43E1690A43216A0A430243616AA7
:10335000042900F096806168A1F12905A1F13F00E0
:10336000032888BF052D0AD9A1F14700012806D9F5
:10337000A1F14F00032802D97439032901D842F47E
:1033800080121A602668756925F00705636A1D4377
:10339000042B08D1A36A1D43E36A23B12046FFF73B
:1033A00029FE002872D175612046FFF7C9FDE36D43
:1033B00003F01F023F239340836023685C495D4A0A
:1033C000934218BF8B4242D0183293423FD01832FA
:1033D00093423CD01832934239D01832934236D0BF
:1033E0001832934233D01832934230D002F55672DD
:1033F00093422CD01832934229D01832934226D0CF
:103400001832934223D01832934220D0183293427C
:103410001DD0183293421AD01832934217D0464A20
:10342000934214D01432934211D0143293420ED0EE
:10343000143293420BD01432934208D01432934288
:1034400005D01432934202D01432934213D1204655
:10345000FFF71AFEA368802B59D0236E22791A60D9
:10346000636EA26E5A606368013B072B52D900233A
:10347000E3662367636700206065012384F83530C5
:1034800046E7E16A206B01430A4364E74023636532
:10349000012084F835003BE7022284F83520002221
:1034A00084F834201A6825491140A268402A2CD09B
:1034B000802A27D00022E06842EAD002206942EA4E
:1034C000D002606942EAD002A06942EAD002E06913
:1034D00042EAD002206A42EA10120A431A602268C5
:1034E000174B1344174AA2FB03231B099B00E365F8
:1034F0002046FFF725FDE26D02F01F0101228A4000
:1035000042605AE74FF48042D5E71022D3E7002308
:103510006360A2E72046FFF70FFEE36E00221A6009
:10352000236F626F5A60A6E70120F1E63F8010FE2C
:103530001000024028000240085402580F00FEFF0D
:10354000F8ABFDA7CDCCCCCC002800F03E8170B507
:10355000044690F83400012800F03981012084F8F5
:10356000340094F83500C0B2012807D04FF400634E
:103570006365002384F83430012070BD022084F894
:103580003500002060652068924E934DA84218BF18
:10359000B0422FD01835A8422CD01835A84229D0D7
:1035A0001835A84226D01835A84223D01835A8428D
:1035B00020D01835A8421DD005F55675A84219D05F
:1035C0001835A84216D01835A84213D01835A8428D
:1035D00010D01835A8420DD01835A8420AD0183599
:1035E000A84207D01835A84204D0056825F0010587
:1035F000056003E0056825F0010505602046FFF73A
:10360000C5FB23687349744A934218BF8B4238D074
:103610001832934235D01832934232D01832934246
:103620002FD0183293422CD01832934229D018321E
:10363000934226D002F55672934222D0183293421A
:103640001FD0183293421CD01832934219D018322E
:10365000934216D01832934213D01832934210D0AE
:10366000183293420DD01A6822F00E0242F00A027C
:103670001A60236C93B12268136843F0040313604B
:103680000CE01A6822F01E0242F016021A60236C47
:1036900023B12268136843F00803136023684D497F
:1036A0004D4A934218BF8B4242D0183293423FD0CA
:1036B000183293423CD01832934239D01832934298
:1036C00036D01832934233D01832934230D002F5BC
:1036D000567293422CD01832934229D0183293421A
:1036E00026D01832934223D01832934220D0183279
:1036F00093421DD0183293421AD01832934217D0F9
:10370000364A934214D01432934211D01432934269
:103710000ED0143293420BD01432934208D014329C
:10372000934205D01432934202D0143293420ED108
:10373000236E1A6812F4803F03D01A6842F4807234
:103740001A60E36E1BB11A6842F480721A60236833
:103750002049214A934218BF8B4230D018329342FD
:103760002DD0183293422AD01832934227D01832E3
:10377000934224D01832934221D0183293421ED063
:1037800002F5567293421AD01832934217D018326B
:10379000934214D01832934211D0183293420ED073
:1037A000183293420BD01832934208D01832934209
:1037B00005D01A6842F001021A600020DDE61A689E
:1037C00042F001021A600020D7E601207047022073
:1037D000D3E600BF100002402800024008540258FF
:1037E00070B50446FFF758FA002C00F091810546A9
:1037F00094F83530DBB2022B06D0802363650023BA
:1038000084F83430012070BD23688C498C4A93427F
:1038100018BF8B4230D0183293422DD018329342C9
:103820002AD01832934227D01832934224D018322B
:10383000934221D0183293421ED002F55672934221
:103840001AD01832934217D01832934214D018323B
:10385000934211D0183293420ED0183293420BD0BB
:103860001832934208D01832934205D01A6822F0D9
:103870000E021A60266809E01A6822F01E021A6019
:103880002268536923F080035361266823686B49DB
:103890006B4A934218BF8B4242D0183293423FD0BA
:1038A000183293423CD01832934239D018329342A6
:1038B00036D01832934233D01832934230D002F5CA
:1038C000567293422CD01832934229D01832934228
:1038D00026D01832934223D01832934220D0183287
:1038E00093421DD0183293421AD01832934217D007
:1038F000544A934214D01432934211D0143293425A
:103900000ED0143293420BD01432934208D01432AA
:10391000934205D01432934202D01432934204D120
:10392000226E136823F48073136023684349444A6A
:10393000934218BF8B422FD0183293422CD01832AA
:10394000934229D01832934226D01832934223D082
:103950001832934220D0183293421DD002F556728D
:10396000934219D01832934216D01832934213D092
:103970001832934210D0183293420DD0183293422D
:103980000AD01832934207D01832934204D01A68F2
:1039900022F001021A6003E01A6822F001021A60A4
:1039A000336813F0010F0ED0FFF776F9431B052B98
:1039B000F6D920236365032384F83530002384F887
:1039C000343001201FE723681C491D4A934218BF69
:1039D0008B4239D01832934236D01832934233D0CA
:1039E0001832934230D0183293422DD0183293427D
:1039F0002AD01832934227D002F55672934223D030
:103A00001832934220D0183293421DD0183293427C
:103A10001AD01832934217D01832934214D0183269
:103A2000934211D0183293420ED0A16DE36D03F092
:103A30001F02012393404B600DE000BF10000240C5
:103A40002800024008540258A16DE36D03F01F02E4
:103A50003F2393408B6023682E492F4A934218BF1F
:103A60008B4242D0183293423FD0183293423CD01E
:103A70001832934239D01832934236D018329342DA
:103A800033D01832934230D002F5567293422CD084
:103A90001832934229D01832934226D018329342DA
:103AA00023D01832934220D0183293421DD01832BE
:103AB00093421AD01832934217D0184A934214D026
:103AC0001432934211D0143293420ED014329342E6
:103AD0000BD01432934208D01432934205D01432E2
:103AE000934202D0143293420BD1636EA26E5A609D
:103AF000E36E33B11A6822F480721A60236F626F2A
:103B00005A60012384F83530002084F834007AE6C6
:103B1000012078E6100002402800024008540258B4
:103B2000002800F0298108B5024690F83530DBB254
:103B3000022B03D080234365012008BD0368904811
:103B400090498B4218BF83420CBF0121002166D0EF
:103B50003030834263D01830834260D018308342C3
:103B60005DD0183083425AD01830834257D0183075
:103B7000834254D000F55670834250D018308342AF
:103B80004DD0183083424AD01830834247D0183085
:103B9000834244D01830834241D0183083423ED013
:103BA000183083423BD0196821F00E011960136868
:103BB000A0F5956073498B4218BF83426AD0724961
:103BC0008B4267D018318B4264D018318B4261D060
:103BD00018318B425ED018318B425BD018318B424A
:103BE00058D001F556718B4254D018318B4251D0C8
:103BF00018318B424ED018318B424BD018318B424A
:103C000048D018318B4245D018318B4242D0183100
:103C10008B423FD0196821F0010119603EE0042079
:103C200082F8350081BB584A93422DD01832934216
:103C30002AD01832934227D01832934224D0183217
:103C4000934221D0183293421ED002F5567293420D
:103C50001AD01832934217D01832934214D0183227
:103C6000934211D0183293420ED0183293420BD0A7
:103C70001832934208D01832934205D01A6822F0C5
:103C800001021A60002058E71A6822F001021A6047
:103C9000002052E7196821F00101196013683848C3
:103CA00038498B4218BF834242D018318B423FD0F3
:103CB00018318B423CD018318B4239D018318B42AD
:103CC00036D018318B4233D018318B4230D001F5C9
:103CD00056718B422CD018318B4229D018318B422F
:103CE00026D018318B4223D018318B4220D0183186
:103CF0008B421DD018318B421AD018318B4217D00D
:103D000022498B4214D014318B4211D014318B4292
:103D10000ED014318B420BD014318B4208D01431A9
:103D20008B4205D014318B4202D014318B4217D113
:103D3000116E0B6823F480730B60906DD36D03F0EC
:103D40001F0101238B404360536E916E5960D36E07
:103D500033B1196821F480711960136F516F596084
:103D6000012382F83530002382F83430136D2BB1F3
:103D7000104698470020E0E6012070470020DCE66E
:103D8000100002402800024040000240085402583F
:103D9000F0B583B00446002301937D4B1D687D4B35
:103DA000A3FB0535AD0A876D3E68D7F800C00368F0
:103DB00079497A48834218BF8B420CBF012000200A
:103DC00061D0774A93425ED0183293425BD018326A
:103DD000934258D01832934255D01832934252D061
:103DE000183293424FD002F5567293424BD018329C
:103DF000934248D01832934245D01832934242D071
:103E0000183293423FD0183293423CD0183293423A
:103E100039D01832934236D06249634A934218BF70
:103E20008B4212D0614A93420FD0143293420CD08D
:103E30001432934209D01432934206D01432934282
:103E400003D01432934240F061821A68E16D01F0B0
:103E50001F010420884010EA0C0F00F0A78212F026
:103E6000040F00F0A382786012F4004F00F05A8231
:103E700012F4803F40F05082A36C002B00F0468289
:103E80002046984742E2E26D02F01F0108228A4074
:103E9000324241D070BB424A93422BD018329342F7
:103EA00028D01832934225D01832934222D01832AB
:103EB00093421FD0183293421CD002F5567293429F
:103EC00018D01832934215D01832934212D01832BB
:103ED00093420FD0183293420CD01832934209D03B
:103EE0001832934206D01832934203D01A68C2F3B4
:103EF000C00202E01A68C2F380026AB11A6822F0B6
:103F000004021A60E36D03F01F0208239340BB60B4
:103F1000636D43F001036365E26D02F01F0226FA50
:103F200002F313F0010F47D023681B481B498B4253
:103F300018BF83423CD018318B4239D018318B42A4
:103F400036D018318B4233D018318B4230D01831F3
:103F50008B422DD018318B422AD001F556718B42FD
:103F600026D018318B4223D018318B4220D0183103
:103F70008B421DD018318B421AD018318B4217D08A
:103F800018318B4214D018318B4211D01B6813E0CA
:103F900000000024B5814E1B1000024028000240A2
:103FA00040000240085402581C5402583054025831
:103FB0005B6913F0800F3BD1E36D03F01F03042214
:103FC00002FA03F3334240D02268964896498A4267
:103FD00018BF824235D018318A4232D018318A4215
:103FE0002FD018318A422CD018318A4229D018316A
:103FF0008A4226D018318A4223D001F556718A426E
:104000001FD018318A421CD018318A4219D0183179
:104010008A4216D018318A4213D018318A4210D001
:1040200018318A420DD018318A420AD013680CE048
:10403000012303FA02F2BA60636D43F00203636581
:10404000BAE7126812F0020F3DD1E36D03F01F03CF
:10405000102202FA03F333425FD02268714872499A
:104060008A4218BF824234D018318A4231D0183186
:104070008A422ED018318A422BD018318A4228D059
:1040800018318A4225D018318A4222D001F5567162
:104090008A421ED018318A421BD018318A4218D069
:1040A00018318A4215D018318A4212D018318A420A
:1040B0000FD018318A420CD018318A4209D01268C8
:1040C000C2F3800208E0BB60636D43F004036365E4
:1040D000BBE71268C2F3C002FAB1BB6023681A687A
:1040E00012F4802F0DD01B6813F4002F04D1236C21
:1040F0009BB12046984710E0A36C73B120469847C7
:104100000BE01A6812F4807F03D11A6822F00802CB
:104110001A60236C0BB120469847E36D03F01F0330
:10412000202202FA03F3334200F0928022683D48D5
:104130003D498A4218BF82422ED018318A422BD084
:1041400018318A4228D018318A4225D018318A4243
:1041500022D018318A421FD018318A421CD001F572
:1041600056718A4218D018318A4215D018318A42C5
:1041700012D018318A420FD018318A420CD018312F
:104180008A4209D018318A4206D018318A4203D0B7
:104190001268C2F3400202E01268C2F30012002A61
:1041A00056D0BB6094F83530DBB2042B0ED02368B8
:1041B0001A6812F4802F39D01B6813F4002F2CD109
:1041C000636C002B44D02046984741E02268136876
:1041D00023F0160313602268536923F080035361B0
:1041E000236CB3B12268136823F008031360E36DF6
:1041F00003F01F023F239340BB60012384F8353056
:10420000002384F83430236D002B7FD0204698475C
:104210007CE0A36C002BE5D1E9E7E36BC3B120465A
:10422000984715E010000240280002401A6812F476
:10423000807F09D11A6822F010021A60012384F8E5
:104240003530002384F83430E36B0BB120469847B7
:10425000636D002B5AD0636D13F0010F52D004230D
:1042600084F8353023689649964A934218BF8B42AA
:104270002FD0183293422CD01832934229D01832C2
:10428000934226D01832934223D01832934220D042
:10429000183293421DD002F55672934219D018324B
:1042A000934216D01832934213D01832934210D052
:1042B000183293420DD0183293420AD018329342EA
:1042C00007D01832934204D01A6822F001021A6013
:1042D00003E01A6822F001021A60019B0133019386
:1042E000AB4204D823681B6813F0010FF5D1236893
:1042F0001B6813F0010F0BD0032384F83530002323
:1043000084F83430E36C0BB12046984703B0F0BD1D
:10431000012384F83530F2E7236C002BF6D02046D9
:104320009847F3E712F0200F3AD123686449654AB1
:10433000934218BF8B422FD0183293422CD01832A0
:10434000934229D01832934226D01832934223D078
:104350001832934220D0183293421DD002F5567283
:10436000934219D01832934216D01832934213D088
:104370001832934210D0183293420DD01832934223
:104380000AD01832934207D01832934204D01A68E8
:1043900022F004021A6003E01A6822F008021A6090
:1043A000236C002BB2D020469847AFE7022088400C
:1043B00010EA0C0F60D012F0020F5DD0786012F49A
:1043C000004F0ED012F4803F05D1636C002B9DD0BE
:1043D000204698479AE7E36B002B97D020469847F2
:1043E00094E712F0200F40D123683549354A9342B3
:1043F00018BF8B422FD0183293422CD018329342E0
:1044000029D01832934226D01832934223D0183242
:10441000934220D0183293421DD002F55672934237
:1044200019D01832934216D01832934213D0183252
:10443000934210D0183293420DD0183293420AD0D2
:104440001832934207D01832934204D01A6822F0EF
:104450000A021A6003E01A6822F014021A600123AB
:1044600084F83530002384F83430E36B002B3FF4BC
:104470004DAF2046984749E7082000FA01F111EABC
:104480000C0F3FF443AF12F0080F3FF43FAF1A6830
:1044900022F00E021A60E36D03F01F03012202FAFC
:1044A00003F37B60626584F83520002384F83430A0
:1044B000E36C002B3FF42AAF2046984726E700BF65
:1044C000100002402800024030B4446B0368D3F867
:1044D00084106F4A114041EA8401C3F884100368D4
:1044E000D3F8841021F47F01856B41EA0541C3F8BC
:1044F0008410836B23440468D4F88810114041EA87
:104500008301C4F888100468D4F8881021F4FE01EF
:10451000C56B41EA0541C4F88810C16B03EB410348
:104520000468D4F8A010114041EA8301C4F8A01037
:104530000468D4F8A01021F4FE01056C41EA05419D
:10454000C4F8A010016C446C04FB01330468D4F877
:10455000B010114041EA8301C4F8B0100468D4F8E7
:10456000B01021F4FE01856C41EA0541C4F8B01099
:10457000816CC46C04FB01330468D4F8AC101140A6
:1045800041EA8301C4F8AC10016D446D04FB0133B2
:104590000468D4F8F010114041EA8301C4F8F01027
:1045A0000468D4F8F01021F47C11856D41EA0541CE
:1045B000C4F8F010816D03EB41030468D4F8C01017
:1045C0000A4042EA8303C4F8C0300268D2F8C0301F
:1045D00023F47C13C16D43EA0143C2F8C030026882
:1045E000D2F8C03023F07C53016E43EA0163C2F875
:1045F000C030436B274A1A449200C266836B02EBB9
:1046000083030367C16B03EBC1034367016C446C15
:1046100004FB01F103EB81038367816CC46C04FB31
:1046200001F103EB8103C367016D446D04FB01F1EC
:1046300003EB8103C0F88030816D03EBC103C0F848
:104640008430816EC46D01FB04FC03EB8C03C0F865
:104650008830046E04FB01F103EB8103C0F8903055
:104660000D498B420DD9D0F89C3043F02003C0F89F
:104670009C30032380F89830012007E0002342F8A3
:10468000043BD0F890309342F8D8002030BC7047FB
:104690000300FFFF002B0010FCD3004070B54C68F6
:1046A000FCB90D698C6825430C6845EA84450E6A9F
:1046B000CC6944EA06648E6934434E693443CE685B
:1046C00044EA0644D0F88460806E00FB03F306EBF6
:1046D000830E46F82350CEF804400EF1080E002059
:1046E00019E00C698D6825430C68254345F0804529
:1046F000DDE702EB000C9CF803409CF802301B0441
:1047000043EA04639CF8014043EA0423145C234316
:104710004EF8043B0430CB68024CE35C8342E8D89B
:1047200070BD00BF00EF010830B595B004464C22C3
:10473000A04901A8FCF73AFD002C00F0388123685D
:104740009D4A934220D094F898300BB32268936925
:1047500023F010039361FEF79FFA054623689A69D8
:1047600012F0080F1AD0FEF797FA431B0A2BF5D95F
:10477000D4F89C3043F00103C4F89C30032384F840
:104780009830012015B030BD03F580736360DAE71F
:1047900084F899302046FCF7A7FFD7E79A6942F0E2
:1047A00001029A61FEF778FA054623689A6912F0C9
:1047B000010F0FD1FEF770FA401B0A28F5D9D4F883
:1047C0009C3043F00103C4F89C30032384F89830F4
:1047D0000120D7E79A6942F002029A61237C012BFB
:1047E00040D02268936943F040039361637C012BBE
:1047F0003ED02268936923F480439361A37C012B0C
:104800003CD02268936943F4805393612268936992
:1048100023F44073A1680B4393612268936923F0EA
:10482000A40393612268136923F010031361E36802
:10483000012B29D0002B2CD0022B00F09B8022686A
:10484000936943F0800393612268136943F0100376
:104850001361E368032B1CD12268936943F02003A2
:10486000936116E02268936923F040039361BDE7EA
:104870002268936943F480439361BFE72268936998
:1048800023F480539361C1E72268936943F00403E2
:104890009361A3695A1EE369013B1B0243EA426329
:1048A000226A013A13436269013A216843EA0243EA
:1048B000CB61A368B3F5407F62D0236E33B1226829
:1048C000D2F8C030616E0B43C2F8C030E36D226E87
:1048D000D3420DD02168D1F8C83023F00703A26E6F
:1048E00014A800EB820252F84C2C1343C1F8C830D4
:1048F000236C6BB12168D1F8BC3023F00703626CE4
:1049000014A800EB820252F84C2C1343C1F8BC30BF
:10491000A36C73B12168D1F8BC3023F07003E26C52
:1049200014A800EB820252F84C2C43EA0213C1F89F
:10493000BC30236D73B12168D1F8BC3023F4E0633F
:10494000626D14A800EB820252F84C2C43EA022359
:10495000C1F8BC302268184B9A4222D00023C4F818
:104960009430C4F89C30012384F898302046FFF737
:10497000ABFD07E72268936943F02003936188E762
:10498000A36A013BE26A013A43EA0223226B013A3D
:1049900043EA0213626A013A216843EA0243CB60A8
:1049A0008BE76268936823F003039360D6E70120E6
:1049B000E8E600BFC4ED010800A0004090F8983080
:1049C000013BDBB2012B07D9D0F89C3043F0020346
:1049D000C0F89C3001207047CB680A68D2B9072B19
:1049E0000ED08A68DB0643EA82730A6943EA02430F
:1049F0004A691343C26E496842F82130002070476B
:104A00000A69CB691B0243EA02438A69134343F0F4
:104A10006053EFE710B40A6942EA4372072B0FD0E4
:104A20004B698C6843EA8473006F496800EBC10CE2
:104A300040F83120CCF8043000205DF8044B70477A
:104A40008B69F1E790F898C05FFA8CFCBCF1010F1C
:104A500007D0D0F89C3043F00403C0F89C3001200C
:104A60007047920042EA011242EA43020368009949
:104A70000A43C3F880200020704790F89830DBB2DA
:104A8000012B07D0D0F89C3043F00403C0F89C30D1
:104A900001207047022380F898300268936923F060
:104AA000010393610023C0F89C301846704738B565
:104AB000044690F89830DBB2022B2BD10368D3F870
:104AC000C00010F07C5F0CD0D3F8C40010F4001FBD
:104AD0000FD0D4F89C3043F40073C4F89C3001200C
:104AE0001FE0D4F89C3043F02003C4F89C30012030
:104AF00017E0D3F8C450C5F304452B462046FFF712
:104B0000CDFD22680123AB40C2F8D030C4F8943008
:104B1000002006E0D0F89C3043F00803C0F89C3039
:104B2000012038BD90F898C05FFA8CFCBCF1020FF0
:104B300040F0E28070B540290CD041293DD0046D91
:104B40008C426DD8D0F89C3043F02003C0F89C30E4
:104B50000120C3E00468D4F8A05015F4FE0F0CD077
:104B6000D4F8A45015F07F0F0FD1D0F89C3043F447
:104B70008073C0F89C300120B0E0D0F89C3043F046
:104B80002003C0F89C300120A8E0D4F8A450C5F35D
:104B9000006615F0807F04D0D4F8A060F60F00D135
:104BA0000026D4F8A440C4F305242644456F446C81
:104BB00006FB04F405EB840C39E00468D4F8B0502B
:104BC00015F4FE0F0CD0D4F8B45015F07F0F0FD1B0
:104BD000D0F89C3043F48073C0F89C3001207DE015
:104BE000D0F89C3043F02003C0F89C30012075E0E1
:104BF000D4F8B450C5F3006615F0807F04D0D4F823
:104C0000B060F60F00D10026D4F8B440C4F30524F8
:104C10002644856FC46C06FB04F405EB840C06E0A7
:104C2000C56F446D01FB04F405EB840C0026DCF831
:104C3000004004F08044546074BBDCF80040C4F3CE
:104C40008A441460DCF8004004F000549460DCF8FE
:104C5000004004F000441461BCF80440D461BCF886
:104C6000064004F00F04D460DCF8044004F480141F
:104C70005461DCF8044004F4001494619CF807408B
:104C800004F07F041462DCF80440E40F54620CF179
:104C9000080E4FF0000C0BE0DCF8004024F06044FC
:104CA0001460CFE71EF80C4003F80C400CF1010C27
:104CB000D468154D2C5D6445F4D840290AD04129AB
:104CC0000DD01F290FD80268012303FA01F1C2F8A1
:104CD000981002E00368C3F8A860002070BD036864
:104CE000C3F8B860F9E701F01F010268012303FA75
:104CF00001F1C2F89C10F0E7D0F89C3043F00803B3
:104D0000C0F89C300120704700EF0108402905D011
:104D10000368D3F8B40000F07F0070470368D3F84D
:104D2000A40000F07F0070470368D3F8C40000F0CF
:104D30003F00704790F89830013BDBB2012B07D958
:104D4000D0F89C3043F00203C0F89C30012070473B
:104D500010B403689C6D0C4224D1DC6D44F0010456
:104D6000DC6511F4007F05D00468D4F8E03013430B
:104D7000C4F8E03011F4806F05D00468D4F8E43052
:104D80001A43C4F8E4200068436D0C4A0A401343F8
:104D900043650B4A536943EA9171516100205DF804
:104DA000044B70479C6D31EA040402D00324DC6597
:104DB000D7E7DC6D44F00204DC65D2E7FFFFCF3FAC
:104DC00000A80040704770477047704770477047B1
:104DD000704770477047704770477047704770471B
:104DE000704700002DE9F04F83B00446B04B1A69BC
:104DF0005B699B0703EA8273019303681A6D02F4EF
:104E0000704A5A6D0AEA020A1A6D02F00F095A6DC9
:104E100009EA02091A6D02F0F0085A6D08EA020860
:104E20001E6D06F071565A6D16401F6D07F06077C3
:104E30005A6D17405D6DD3F850B015F4807F02D0E5
:104E40001BF4807F64D115F4806F02D01BF4806F57
:104E500067D1019B002B74D1BAF1000F7CD1B9F15D
:104E6000000F40F08580B8F1000F40F08D8015F400
:104E7000006F03D01BF4006F40F0928015F4007FA8
:104E800003D01BF4007F40F0968015F4002F03D070
:104E90001BF4002F40F09F8015F4803F03D01BF4DB
:104EA000803F40F0A38015F4802F03D01BF4802FA7
:104EB00040F0A78015F4003F0FD01BF4003F0CD04A
:104EC00023684FF400321A65794B00221A61D4F836
:104ED0009C3043F08003C4F89C30002F40F09C804D
:104EE0004EB123681E65B20F714B1A61D4F89C3025
:104EF0001E43C4F89C6022686E4B9A4200F0968074
:104F0000D4F89C30002B40F0F78003B0BDE8F08F60
:104F10004FF480721A65664B00221A61FFF75AFF40
:104F200091E72368D3F8DC10D3F8E4204FF48060D5
:104F300018655F4B0020186111402046FFF746FFBF
:104F400087E7236800221A6501998A0F584B1A6176
:104F50002046FFF737FF7FE72368C3F850A04FEAEA
:104F60009A72534B1A6151462046FFF72CFF76E7A1
:104F70002368C3F850904FEA99724D4B1A61494625
:104F800020460CF093FD6EE72368C3F850804FEA8B
:104F90009872474B1A61414620460CF0B7FD66E710
:104FA00023684FF400621A65414B00221A612046C3
:104FB000FFF70AFF62E72368D3F8D810D3F8E020A0
:104FC0004FF4007018653A4B0020186111402046DC
:104FD000FFF7FBFE59E723684FF400221A65344BB4
:104FE00000221A612046FFF7F2FE55E723684FF4CE
:104FF00080321A652E4B00221A612046FFF7E8FE28
:1050000051E723684FF480221A65294B00221A6168
:105010002046FFF7DEFE4DE723681F65BA0F244BDD
:105020001A6139462046FFF7D7FE59E763689A6848
:1050300012F0030F3FF464AF196A01F00F015A6ACE
:10504000186A00F03008586A08EA00081F6A07F476
:10505000C077586A07401E6A06F4FC46586A064044
:105060001D6A05F4F025586A0540D3F82490D3F85A
:1050700020A0114020D1B8F1000F22D119F0400F2B
:1050800002D01AF0400F24D17FBB36B163681E6294
:10509000D4F89C301E43C4F89C60002D3FF430AF20
:1050A00063681D62D4F89C301D43C4F89C5027E708
:1050B00000A8004000A0004019622046FFF78DFEC6
:1050C000D9E76368C3F8208041462046FFF786FE93
:1050D000D4E76368D96BDA6B4020186202F03F02B4
:1050E000090C2046FFF77BFECEE763681F62394656
:1050F0002046FFF775FEC8E72046FFF76CFE04E781
:10510000F0B583B000236BE085685E000324B440F3
:1051100025EA0405CC68B4402C438460446824EA42
:105120000C0C4C68C4F300149C4044EA0C0444602A
:1051300068E0DD08083550F8256003F007044FEA01
:10514000840C0F2404FA0CF426EA040E0C6904FA09
:105150000CF444EA0E0440F825406BE0092400E01A
:10516000002404FA0EF42C430CF1020C664D45F8B1
:105170002C404FF0B0442568D44325EA02064F681E
:1051800017F4801F01D042EA05064FF0B0452E60AB
:105190006D6804EA05064F6817F4001F01D042EA63
:1051A00005064FF0B0456E60D5F8845004EA050658
:1051B0004F6817F4003F01D042EA05064FF0B045B2
:1051C000C5F88460D5F880502C404E6816F4803FB6
:1051D00001D042EA05044FF0B042C2F880400133EA
:1051E0000A6832FA03F400F08C804FF0010C0CFADC
:1051F00003FC1CEA0202F2D04C6804F00304013CF8
:10520000012C81D94C6804F00304032C0CD0C46831
:105210005D004FF0030C0CFA05FC24EA0C0C8C68C2
:10522000AC4044EA0C04C4604C6804F00304022C53
:105230003FF47FAF04684FEA430E4FF0030C0CFAC3
:105240000EFC24EA0C0C4C6804F0030404FA0EF47F
:1052500044EA0C0404604C6814F4403FBFD02B4C6B
:10526000D4F8F45045F00205C4F8F450D4F8F440F2
:1052700004F002040194019C4FEA930C0CF1020526
:10528000214C54F8255003F003044FEA840E0F24F8
:1052900004FA0EF425EA04051D4CA0423FF460AF69
:1052A00004F58064A0421ED004F58064A0421CD0A6
:1052B00004F58064A0421AD004F58064A04218D09E
:1052C00004F58064A04216D004F58064A04214D096
:1052D00004F58064A04212D004F50064A0423FF4BB
:1052E0003DAF0A243DE701243BE7022439E70324CC
:1052F00037E7042435E7052433E7062431E707249C
:105300002FE703B0F0BD00BF00040058004402586E
:10531000000002580AB18161704709048161704739
:105320002DE9F04383B0D0F8008001EBC10300EB1E
:1053300083039A6A5B6A9A4254D807460C469B1AC2
:1053400001EBC10200EB8202D2699A4200D31A46F5
:1053500002F103094FEA990915E006F103094FEA42
:105360009909BB7904EBC40507EB8505296A00930D
:10537000B3B2E2B2404605F00CFD2B6A33442B6217
:10538000AB6A3344AB6208EB441303F510639B69CB
:105390009BB24B4512D304EBC40207EB8202916A25
:1053A000536A99420AD24BB15B1A04EBC40207EB71
:1053B0008202D6699E42D0D31E46CEE704EBC400DB
:1053C00007EB80077A6ABB6A9A420FD804F00F0491
:1053D0000123A340D8F8344824EA0304C8F8344829
:1053E000002000E0012003B0BDE8F0830020FAE7D0
:1053F00030B583B000287AD0044690F89534ABB12C
:10540000032384F89534206805F07AFA237C8DF81C
:105410000030231D0ECB206805F0A8F958B10223F7
:1054200084F895340125284603B030BD80F89434C3
:1054300009F080FEE4E70021206805F0CBFE02467B
:1054400008B9034617E0022384F895340125EAE7FA
:1054500003EBC30104EB8101012048750B75CB857B
:1054600000200876C861086203EBC30104EB8101E8
:1054700048620133DBB220799842E9D816E002EBAA
:10548000C20304EB8303002183F8551283F85422EE
:1054900083F85812C3F85C12C3F8601202EBC2031F
:1054A00004EB8303C3F864120132D2B29042E6D80F
:1054B000237C8DF80030231D0ECB206805F076FA92
:1054C000054658B900236374012384F89534237B7F
:1054D000012B08D0206805F03AFEA4E7022384F8E7
:1054E000953401259FE7204600F074FDF2E7012581
:1054F00099E7036890F89424012A1AD010B504465D
:10550000012280F89424DA6812F0400F02D0427B26
:10551000012A09D0206805F0EDF9206805F009FEA0
:10552000002084F8940410BD9A6B42F480329A6390
:10553000F0E702207047000070B504460D46006891
:10554000066C00EB411303F530639A68A1790129D9
:1055500011D038498E4256D03DB905EBC50304EB56
:105560008303D3F86432002B5ED0E9B2204609F001
:1055700023FE002070BD12F0080F09D02E498E4284
:10558000F7D912F4004FF4D04FF400429A60F0E7DC
:1055900012F0200F02D020229A60EAE712F0280FC2
:1055A000E7D125498E4206D912F4004F03D04FF4BB
:1055B00000429A60DDE705EBC50204EB8202D2F8F7
:1055C00074121B69C3F31203CB1AC2F868327DB997
:1055D00005EBC50204EB8202D2F864226AB105EB46
:1055E000C50204EB8202D2F860120B44C2F86032AA
:1055F000E9B2204609F0E0FDBBE704F29C4201213C
:1056000005F02AFEF4E712F4004F03D04FF40042F5
:105610009A60AEE712F0200F01D020229A60E9B222
:10562000204609F0C9FDA4E704F29C42002105F0E0
:1056300013FE9AE70A31544F0A30544F38B50446E6
:1056400003681D6C03EB4113D3F8081B0E4A954207
:1056500007D903F5306311F4004F02D04FF4004234
:105660009A60204609F0A0FD074B9D4202D9A3791C
:10567000012B01D0002038BD04F29C42012120689A
:1056800005F0EAFDF6E700BF0A30544F90F8943475
:10569000012B0CD010B50446012380F894344174DA
:1056A000006805F036FD002084F8940410BD022047
:1056B000704738B505468C4611F0800F2BD101F0AC
:1056C0000F0E0EEBCE04A40004F514740444211D47
:1056D0000EEBCE0E00EB8E0E00208EF855020CF075
:1056E0000F0C81F800C0C2F30A028A600B714A787D
:1056F0000AB1A1F81AC0022B1CD095F89434012BE2
:105700001BD0012385F89434286805F025FA002081
:1057100085F8940438BD01F00F0000EBC00189004A
:1057200010312944043100EBC00005EB8000012456
:105730004475D4E700234B71DFE70220EAE710B598
:1057400004460A4611F0800F20D101F00F0000EB53
:10575000C0039B0003F514732344191D00EBC00024
:1057600004EB8000002380F8553202F00F020A702B
:1057700094F89434012B18D0012384F894342068D1
:1057800005F038FA002084F8940410BD01F00F00F1
:1057900000EBC0039B0010332344191D00EBC00035
:1057A00004EB800001234375DFE70220EDE710B52D
:1057B000144601F00F0C0CEBCC01890001F51471BB
:1057C000014404310CEBCC0E00EB8E0ECEF86022BF
:1057D000CEF864320023CEF868328EF855328EF857
:1057E00054C28279012A04D0006805F0E9FA002049
:1057F00010BDCEF87042F7E701F00F0101EBC101D7
:1058000000EB8101D1F86802704710B5144601F031
:105810000F0C0CEBCC0189001031014404310CEB6E
:10582000CC0E00EB8E0ECEF82020CEF824300023D4
:10583000CEF8283001238EF815308EF814C0827906
:105840009A4204D0006805F0BBFA002010BDCEF8E3
:105850003040F7E738B501F00F050279AA4238D396
:1058600004460B4611F0800F1FD101EBC1018900E6
:1058700001F514710144043103EBC30300EB83030E
:10588000002283F8552201238B700D7094F8943414
:10589000012B20D0012384F89434206805F0DEFB2E
:1058A00085B1002084F8940438BD05EBC50189005A
:1058B00010310144043105EBC50300EB83030122E1
:1058C0005A75E0E704F29C42A179206805F0C4FC17
:1058D000E7E70120E8E70220E6E701F00F0302799D
:1058E0009A4230D310B5044611F0800F1ED103EB5D
:1058F000C301890001F514710144043103EBC302B3
:1059000000EB8202002082F8550200228A700B70A0
:1059100094F89434012B18D0012384F8943420682F
:1059200005F0C9FB002084F8940410BD03EBC3010B
:10593000890010310144043103EBC30200EB820201
:1059400001205075E1E7012070470220EDE708B51E
:1059500011F0800F0CD101F00F0101EBC1018900A2
:1059600001F5147101440431006805F0B3F908BD74
:1059700001F00F0101EBC101890010310144043134
:10598000F2E72DE9F04F83B004460568284605F09C
:105990001DFC10B103B0BDE8F08F0646206805F08D
:1059A000E4FB0028F6D005F50067BB68C3F30D23C0
:1059B000C4F8D434206805F0D8FB10F0020F04D0EE
:1059C0002268536903F002035361206805F0CDFBA0
:1059D00010F0100F14D02268936923F01003936124
:1059E000D5F8208008F00F09C8F34343022B69D093
:1059F000062B00F08D802268936943F010039361B9
:105A0000206805F0B2FB10F4002F40F0938020686E
:105A100005F0ABFB10F4802F40F0FC80206805F00F
:105A2000A4FB0028C0F27D81206805F09EFB10F4E5
:105A3000006F09D0BB6813F0010F40F08A81226823
:105A4000536903F400635361206805F08EFB10F086
:105A5000006F15D02268536903F00063536194F816
:105A6000CC34002B40F07981012184F8CC142368D8
:105A70005B6DC3F38303C4F8D034204600F0BEFA54
:105A8000206805F072FB10F4805F40F06A812068A6
:105A900005F06BFB10F4005F40F0B681206805F064
:105AA00064FB10F0080F40F0C781206805F05DFB33
:105AB00010F0800F00F0DA81AB6923F08003AB6156
:105AC0000126C3E147F6F07318EA030F93D04FEABB
:105AD000181B4FEAC903019309EBC90A04EB8A0AB0
:105AE000C8F30A12DAF86012284605F08DFACBF3F3
:105AF0000A0BDAF860325B44CAF86032019B4B440F
:105B000004EB8303D3F868325B44CAF8683272E767
:105B1000082204F29C41284605F076FAC8F30A18D8
:105B200009EBC90204EB8202D2F868324344C2F89E
:105B3000683260E7206805F01CFB8046B14635E01E
:105B400005EB49130122C3F8082B49462046FFF70D
:105B5000F3FC3CE005EB49130822C3F8082B494647
:105B60002046FFF76BFD35E009EBC90304EB830327
:105B700093F85732012B41D005EB49130222C3F8A9
:105B8000082B1AF0200F04D005EB49132022C3F88C
:105B9000082B1AF4005F05D005EB49134FF40052AF
:105BA000C3F8082B09F101094FEA5808B8F1000FB2
:105BB0003FF42DAF18F0010FF4D05FFA89FB59467E
:105BC000206805F0E6FA824610F0010FB8D11AF00D
:105BD000080FBFD11AF0100F04D005EB49131022A3
:105BE000C3F8082B1AF0020FCBD06B6913F0800FAB
:105BF000BAD07B6843F480637B60B5E709EBC903E7
:105C000004EB8303002283F857225946204609F00B
:105C100023FBB1E7206805F0B4FA8046B14625E0E1
:105C20005946204609F0D4FA1AF0080F04D005EBC3
:105C300049130822C3F808291AF0100F04D005EB05
:105C400049131022C3F808291AF0400F04D005EBBD
:105C500049134022C3F808291AF0020F40D11AF064
:105C6000800F59D109F101094FEA5808B8F1000F26
:105C70003FF4D4AE18F0010FF4D05FFA89FB594617
:105C8000206805F08FFA824610F0010FCCD009F0A1
:105C90000F03012101FA03F27B6B23EA02037B630A
:105CA00005EB4913C3F80819A3798B42B8D109EB66
:105CB000C90304EB8303D9691A6A0A441A62B9F169
:105CC000000FADD109EBC90304EB83035B6A002B22
:105CD000A6D104F29C420121206805F0BDFA9FE79D
:105CE0004946284604F012FE09EBC90304EB83037E
:105CF000DB7D012B05D005EB49130222C3F80829EF
:105D0000ADE709EBC90304EB83030022DA755946BA
:105D1000204609F0A7FAEEE749462046FFF700FBC8
:105D2000A0E77B6823F001037B6094F8CC34012B5F
:105D300008D0204609F08AFA2268536903F000432C
:105D4000536171E6002184F8CC14204600F056F926
:105D5000F2E7204609F062FA71E6204609F05EFAA1
:105D60008EE67B6823F001037B601021206804F03D
:105D7000CDFD1AE005EB46134FF67F31C3F8081945
:105D8000D3F8002922F40012C3F80029C3F8081B35
:105D9000D3F8002B22F40012C3F8002BD3F8002B09
:105DA00042F00062C3F8002B01362379B342E1D8F8
:105DB000FB6943F00113FB61E37BDBB1D7F884306F
:105DC00043F00B03C7F884307B6C43F00B037B6418
:105DD000D5F8003823F4FE63C5F8003804F29C427D
:105DE000A179206805F038FA2268536903F48053DA
:105DF00053614CE67A6942F22B0313437B613B69A2
:105E000043F00B033B61E3E7206805F015FA2068D7
:105E100004F092FEE071266800F0B0FE0146E279DF
:105E2000304604F0F5FC204609F0E3F92268536996
:105E300003F40053536131E6204609F0D4F9226897
:105E4000536903F0080353612FE601362379B34207
:105E50000CD906EBC60304EB830393F85732012BEE
:105E6000F3D1F1B22046FFF772FDEEE7206805F0AE
:105E70007CF910F4801F25D1206805F076F910F424
:105E8000001F58D0012326E001362379B3421BD9E5
:105E900005EB4613D3F8002906EBC60304EB830396
:105EA0001B7E012BF0D1002AEEDA06EBC60304EBD1
:105EB00083030122DA7566F07F01C9B22046FFF73D
:105EC00046FDE1E70126E0E72268536903F4801309
:105ED0005361D1E7013322799A4227D905EB431266
:105EE000D2F8001B03EBC30204EB820292F85822A3
:105EF000012AEFD10029EDDAD4F8D42482EA114244
:105F000012F0010FE6D103EBC30204EB8202012180
:105F100082F85712AA6942F08002AA616A6912F0F7
:105F2000800FD7D17B6843F400737B60226853698C
:105F300003F400135361206805F017F910F0804F47
:105F400010D1206805F011F910F0040F3FF422ADD4
:105F500023685D6815F0040F0DD1226853682B4348
:105F6000536017E5204609F083F92268536903F06E
:105F700080435361E5E7204609F080F9EDE710B46E
:105F80000468606A31B940EA0240A06200205DF80E
:105F9000044B70478C46A36A00EB1340002308E0D3
:105FA00003F1400104EB8101496800EB114001332A
:105FB000DBB20CF1FF318B42F2D340EA02400CF12C
:105FC0003F0104EB81014860E0E70368596200206B
:105FD00070470000034602680121C0F8D814002071
:105FE00083F8CC04936943F000639361516D024BD5
:105FF0000B435365704700BF03000010704700005B
:10600000134BDB6813F0040F07D1114BDB6803F06F
:10601000070383421AD00120704710B50C4AD36899
:1060200023F007031843D060FCF736FE0446084B04
:106030005B6813F4005F07D1FCF72EFE001BB0F580
:106040007A7FF4D9012000E0002010BD00207047C5
:1060500000480258024AD36843F08073D360704707
:1060600000480258002800F0D78238B5044603687B
:1060700013F0010F25D0A04A136903F03803926A88
:10608000102B15D0182B0FD06368B3F5803F3FD08D
:10609000002B53D1984B1A6822F480321A601A6888
:1060A00022F480221A6038E002F00302022AEBD1C7
:1060B000914B1B6813F4003F03D06368002B00F082
:1060C000AD82236813F0020F00F088808A4A1369BA
:1060D000926A13F038035AD0182B55D0E368002B7E
:1060E00000F0A98084490A6822F0190213430B606A
:1060F000FCF7D2FD0546804B1B6813F0040F40F0FF
:106100009180FCF7C9FD401B0228F4D903208CE2E2
:10611000794A136843F48033136063682BB3FCF748
:10612000BBFD0546744B1B6813F4003FC9D1FCF757
:10613000B3FD401B6428F5D9032076E2B3F5A02F08
:1061400009D06D4B1A6822F480321A601A6822F462
:1061500080221A60E1E7684B1A6842F480221A60D4
:106160001A6842F480321A60D7E7FCF795FD0546BD
:10617000614B1B6813F4003FA3D0FCF78DFD401B5F
:106180006428F5D9032050E212F0030FA6D15A4B30
:106190001B6813F0040F03D0E368002B00F040826B
:1061A000554A136823F01903E1680B431360FCF7A9
:1061B00073FD0546504B1B6813F0040F06D1FCF726
:1061C0006BFD401B0228F5D903202EE24A4A536892
:1061D00023F0FE43216943EA01635360236813F00F
:1061E000100F51D0444A136903F03803926A082B08
:1061F00039D0182B33D0E369002B69D03E4A13689D
:1062000043F080031360FCF747FD05463A4B1B68DB
:1062100013F4807F53D1FCF73FFD401B0228F5D9D2
:10622000032002E2344A536823F0FE43216943EA23
:1062300001635360D2E7304A136823F0010313600F
:10624000FCF72AFD05462C4B1B6813F0040FC5D044
:10625000FCF722FD401B0228F5D90320E5E102F0FE
:106260000302012AC7D1244B1B6813F4807F03D09B
:10627000E369802B40F0D6811F4AD36823F07C531A
:10628000216A43EA0163D360236813F0080F49D001
:106290006369002B32D0184A536F43F001035367F0
:1062A000FCF7FAFC0546144B5B6F13F0020F39D173
:1062B000FCF7F2FC401B0228F5D90320B5E10E4A99
:1062C000D36823F07C53216A43EA0163D360DBE7A0
:1062D000094A136823F080031360FCF7DDFC0546D0
:1062E000054B1B6813F4807FCED0FCF7D5FC401B18
:1062F0000228F5D9032098E1004402589D4A536FC3
:1063000023F001035367FCF7C7FC0546994B5B6F0D
:1063100013F0020F06D0FCF7BFFC401B0228F5D992
:10632000032082E1236813F0200F29D0A3699BB1D9
:10633000904A136843F480531360FCF7ADFC0546A4
:106340008C4B1B6813F4005F1AD1FCF7A5FC401BB3
:106350000228F5D9032068E1864A136823F48053A4
:106360001360FCF799FC0546824B1B6813F4005F31
:1063700006D0FCF791FC401B0228F5D9032054E11C
:10638000236813F0040F21D1636A002B00F04C81C5
:10639000784A126902F03802182A00F0F380022BC2
:1063A00075D0744A136823F080731360FCF774FC93
:1063B0000446704B1B6813F0007F00F0D880FCF798
:1063C0006BFC001B0228F4D903202EE16A4A1368F3
:1063D00043F480731360FCF75FFC0546664B1B6853
:1063E00013F4807F06D1FCF757FC401B6428F5D9D5
:1063F00003201AE1A368012B0AD00BBB5D4B1A6F77
:1064000022F001021A671A6F22F004021A6704E0F0
:10641000584A136F43F001031367A36833B3FCF7C3
:106420003BFC0546534B1B6F13F0020FACD1FCF73E
:1064300033FC401B41F288339842F3D90320F4E047
:10644000052B09D04B4B1A6F22F001021A671A6F05
:1064500022F004021A67E0E7464B1A6F42F004028A
:106460001A671A6F42F001021A67D6E7FCF714FCAC
:106470000546404B1B6F13F0020F85D0FCF70CFC58
:10648000401B41F288339842F3D90320CDE0394ACA
:10649000136823F080731360FCF7FEFB0546354B51
:1064A0001B6813F0007F06D0FCF7F6FB401B0228A8
:1064B000F5D90320B9E02F4B996A304A0A40A16A06
:1064C000E06A41EA00110A439A62226B013AC2F380
:1064D0000802616B0139490289B20A43A16B013993
:1064E000090401F4FE010A43E16B0139090601F0D8
:1064F000FE410A431A63DA6A22F00102DA62596B3A
:106500001F4A0A40A16C42EAC1025A63DA6A22F0C9
:106510000C02216C0A43DA62DA6A22F00202616C30
:106520000A43DA62DA6A42F48032DA62DA6A42F400
:106530000032DA62DA6A42F48022DA62DA6A42F01F
:106540000102DA621A6842F080721A60FCF7A4FB5A
:106550000446084B1B6813F0007F06D1FCF79CFB38
:10656000001B0228F5D903205FE000205DE0002039
:106570005BE000BF00440258004802580CFCFFFFDB
:106580000700FFFF30498A6A086B012B4ED002F0EA
:106590000303A16A8B424BD1C2F30512E36A9A420C
:1065A00048D1C0F30802236B013B9A4244D1C0F3A7
:1065B0004622636B013B9A4240D1C0F30642A36B73
:1065C000013B9A423CD1C0F30660E36B013B984229
:1065D00038D11D4B5B6BC3F3CC03A26C9A4201D143
:1065E000002022E0184AD36A23F00103D362FCF7AB
:1065F00053FB0546FCF750FBA842FBD0124A516BF7
:10660000124B0B40A16C43EAC1035363D36A43F0BE
:106610000103D362002008E001207047012004E05C
:10662000012002E0012000E0002038BD0120FCE74D
:106630000120FAE70120F8E70120F6E70120F4E75E
:106640000120F2E70120F0E7004402580700FFFFB5
:1066500070B588B00C46154610BB234ED6F8E03016
:1066600043F00103C6F8E030D6F8E03003F0010350
:106670000193019B4FF4807303930223049303233C
:10668000069300230593079303A91848FEF738FDE6
:10669000336923F0FE7325431D43356108B070BD97
:1066A000114ED6F8E03043F00403C6F8E030D6F8D7
:1066B000E03003F004030293029B4FF40073039352
:1066C000022304930323069300230593079303A94E
:1066D0000748FEF715FD336923F07E4344EAC514ED
:1066E0001C433461DAE700BF00440258000002583E
:1066F00000080258744B1B6903F03803102B00F09C
:10670000DE80182B10D00BB1704870476E4B1B68A1
:1067100013F0200F00F0D5806B4B1868C0F3C10058
:106720006B4B23FA00F0704710B4674A916A01F08E
:106730000301946AC4F30510D36A03F0010C536B90
:10674000C3F3CC030CFB03F307EE903AF8EE677A41
:1067500014F47C7F00F09380012965D0022900F0B9
:106760009180E1B107EE100AF8EE476A9FED596A91
:1067700086EE267A544B1B6BC3F3080306EE903A61
:10678000F8EE666A9FED546A67EE867A76EEA77A2F
:10679000F7EE006A77EEA67A27EE277A60E01368B4
:1067A00013F0200F23D011461268C2F3C102484BE8
:1067B000D34007EE103AF8EE476A07EE100AB8EE3B
:1067C000476A86EE867A0B6BC3F3080306EE903AAF
:1067D000F8EE666A9FED406A67EE867A76EEA77AF3
:1067E000F7EE006A77EEA67A27EE277A38E007EE12
:1067F000100AF8EE476A9FED396A86EE267A324B28
:106800001B6BC3F3080306EE903AF8EE666A9FED41
:10681000326A67EE867A76EEA77AF7EE006A77EE4E
:10682000A67A27EE277A1BE007EE100AF8EE476AF1
:106830009FED286A86EE267A234B1B6BC3F3080371
:1068400006EE903AF8EE666A9FED236A67EE867A66
:1068500076EEA77AF7EE006A77EEA67A27EE277A29
:10686000194B1B6BC3F34623013307EE903AF8EE46
:10687000677AC7EE276AFCEEE67A17EE900A5DF8B3
:10688000044B704707EE100AF8EE476A9FED146A52
:1068900086EE267A0C4B1B6BC3F3080306EE903A88
:1068A000F8EE666A9FED0C6A67EE867A76EEA77A56
:1068B000F7EE006A77EEA67A27EE277AD0E7094846
:1068C00070470348704700BF0044025800093D006C
:1068D0000090D0030024744A000000390024744C56
:1068E000001BB74B00366E01002800F0328170B5F6
:1068F0000D4604469B4B1B6803F00F038B420BD2E3
:10690000984A136823F00F030B431360136803F0D6
:106910000F038B4240F01F81236813F0040F0CD04B
:106920002269914B9B6903F070039A4205D98E4905
:106930008B6923F070031A438A61236813F0080FF0
:106940000CD06269884BDB6903F070039A4205D969
:106950008549CB6923F070031A43CA61236813F099
:10696000100F0CD0A269804BDB6903F4E0639A42FC
:1069700005D97D49CB6923F4E0631A43CA612368D2
:1069800013F0200F0CD0E269774B1B6A03F0700301
:106990009A4205D974490B6A23F070031A430A62BC
:1069A000236813F0020F0CD0E2686F4B9B6903F071
:1069B0000F039A4205D96C498B6923F00F031A43E0
:1069C0008A61236813F0010F41D0674A936923F469
:1069D0007063A1680B4393616368022B0AD0032B99
:1069E00027D0012B2CD0604A126812F0040F06D178
:1069F0000120ADE0126812F4003F00F0AE805A4969
:106A00000A6922F0070213430B61FCF745F90646B9
:106A1000554B1B6903F038036268B3EBC20F16D005
:106A2000FCF73AF9801B41F288339842F0D90320F1
:106A30008EE04D4A126812F0007FE0D1012087E01D
:106A4000494A126812F4807FD9D1012080E023687E
:106A500013F0020F0CD0E268434B9B6903F00F0365
:106A60009A4205D240498B6923F00F031A438A6189
:106A70003C4B1B6803F00F03AB420AD9394A136839
:106A800023F00F032B431360136803F00F03AB4293
:106A900065D1236813F0040F0CD02269324B9B6937
:106AA00003F070039A4205D22F498B6923F07003DB
:106AB0001A438A61236813F0080F0CD062692A4BCD
:106AC000DB6903F070039A4205D22749CB6923F0B2
:106AD00070031A43CA61236813F0100F0CD0A26927
:106AE000214BDB6903F4E0639A4205D21E49CB696E
:106AF00023F4E0631A43CA61236813F0200F0CD01B
:106B0000E269194B1B6A03F070039A4205D21649D9
:106B10000B6A23F070031A430A62FFF7EBFD124978
:106B20008B69C3F30323114AD35C03F01F03D840DE
:106B30008B6903F00F03D35C03F01F0320FA03F308
:106B40000B4A13600B4B18600B4B1868FBF7C2FA2B
:106B500070BD012070470120FAE70120F8E701200D
:106B6000F6E700BF0020005200440258E8EE01089A
:106B700004000024000000240C00002408B5FFF7E6
:106B8000B9FD0B4A9369C3F303230A49CB5C03F0B5
:106B90001F0320FA03F3926902F00F02885C00F0F1
:106BA0001F0023FA00F0044A1060044A136008BD75
:106BB00000440258E8EE010804000024000000240C
:106BC00008B5FFF7DBFF054BDB69C3F30213044A8B
:106BD000D35C03F01F03D84008BD00BF0044025837
:106BE000E8EE010808B5FFF7C9FF054BDB69C3F301
:106BF0000223044AD35C03F01F03D84008BD00BF42
:106C000000440258E8EE01083F230360114B1A6963
:106C100002F0070242609A6902F4706282609A6927
:106C200002F00F02C2609A6902F070020261DA6932
:106C300002F070024261DA6902F4E06282611B6A6A
:106C400003F07003C361044B1B6803F00F030B6078
:106C5000704700BF0044025800200052404B9B6A1E
:106C600003F00303032B79D070B505460E463C4A6A
:106C7000136823F080631360FCF70EF80446384B6A
:106C80001B6813F0006F06D0FCF706F8031B022BFD
:106C9000F5D9032070BD324B9A6A22F47C32296800
:106CA00042EA01329A626A68013AC2F30802A968AC
:106CB0000139490289B20A43E9680139090401F43A
:106CC000FE010A4329690139090601F0FE410A4320
:106CD0009A63DA6A22F0C00269690A43DA62DA6A00
:106CE00022F02002A9690A43DA62DA6A22F010026D
:106CF000DA62D96B1B4A0A40E96942EAC102DA63E7
:106D0000DA6A42F01002DA62C6B91A46DB6A43F464
:106D10000023D362124A136843F080631360FBF7C9
:106D2000BBFF04460E4B1B6813F0006F14D1FBF73A
:106D3000B3FF001B0228F5D90320ABE7012E05D0D5
:106D4000074AD36A43F40013D362E3E7044AD36AE1
:106D500043F48013D362DDE700209BE701207047F6
:106D6000004402580700FFFF404B9B6A03F00303F7
:106D7000032B79D070B505460E463C4A136823F0C4
:106D800080531360FBF788FF0446384B1B6813F0F1
:106D9000005F06D0FBF780FF031B022BF5D9032011
:106DA00070BD324B9A6A22F07C72296842EA015225
:106DB0009A626A68013AC2F30802A9680139490275
:106DC00089B20A43E9680139090401F4FE010A4362
:106DD00029690139090601F0FE410A431A64DA6A99
:106DE00022F4406269690A43DA62DA6A22F40072C4
:106DF000A9690A43DA62DA6A22F48072DA62596CAB
:106E00001B4A0A40E96942EAC1025A64DA6A42F45A
:106E10008072DA62C6B91A46DB6A43F48003D36231
:106E2000124A136843F080531360FBF735FF0446A2
:106E30000E4B1B6813F0005F14D1FBF72DFF001BF6
:106E40000228F5D90320ABE7012E05D0074AD36A03
:106E500043F08073D362E3E7044AD36A43F4000348
:106E6000D362DDE700209BE7012070470044025811
:106E70000700FFFFF8B50446036813F0006F30D039
:106E8000436EB3F5001F26D00ED8EBB1B3F5801FCB
:106E900007D102210830FFF7E1FE054645B12E4635
:106EA00021E0012635461EE0B3F5401F09D100253B
:106EB0009F4A136D23F44013616E0B431365002644
:106EC00011E0012635460EE0994AD36A43F40033B7
:106ED000D3620025ECE702212830FFF745FF054685
:106EE000DCE700263546236813F4807F27D0A36DA6
:106EF000042B20D8DFE803F00311180808008C4A9F
:106F0000D36A43F40033D362C5B9894A136D23F0C1
:106F10000703A16D0B43136511E0002104F1080084
:106F2000FFF79CFE0546EFE7002104F12800FFF77C
:106F30001BFF0546E8E70126354600E02E4623689C
:106F400013F4806F22D0D4F8A430B3F5800F3FD073
:106F50000DD8BBB3B3F5001F06D1002104F1080022
:106F6000FFF77CFE054608E0012635460EE0B3F546
:106F7000000F02D0B3F5200F1ED185BB6C4A936D74
:106F800023F46003D4F8A4100B439365236813F42F
:106F9000006F39D0D4F8A830B3F1007F5AD023D88D
:106FA000002B51D0B3F1807F1BD1002104F10800E8
:106FB000FFF754FE05461DE0B3F5C00FDDD00126F6
:106FC0003546E3E75A4AD36A43F40033D362D4E741
:106FD000002104F12800FFF7C7FE0546CDE72E4645
:106FE000D4E7012635460FE0B3F1806F02D0B3F14C
:106FF000A06F23D1002D34D14D4A936D23F0E0636F
:10700000D4F8A8100B439365236813F0007F31D0A8
:10701000E36C202B42D029D833B1102B23D1444A22
:10702000D36A43F40033D362002D3ED1404AD36C7F
:1070300023F03003E16C0B43D3641BE0B3F1407FDA
:10704000D8D001263546DFE7394AD36A43F4003306
:10705000D362CFE7002104F12800FFF785FE054643
:10706000C8E72E46D0E70126354603E0302BDBD0BB
:1070700001263546236813F4805F3BD0E36DB3F5FA
:10708000005F2FD016D83BB3B3F5805F0FD100213E
:1070900004F10800FFF7E2FD054611E0022104F1CA
:1070A0000800FFF7DBFD0546BEE72E46E2E70126B6
:1070B00035461FE0B3F5405F02D0B3F5804F08D1ED
:1070C000BDB91B4A136D23F4E043E16D0B43136517
:1070D00010E0012635460DE0154AD36A43F400332B
:1070E000D362EDE7002104F12800FFF73DFE0546DD
:1070F000E6E72E46236813F4005F29D0236EB3F52C
:10710000003F44D019D843B1B3F5803F12D10121DB
:1071100004F10800FFF7A2FD0546002D3ED1044A08
:10712000136D23F4E023216E0B43136510E000BFC1
:1071300000440258012635460AE0B3F5802FECD012
:10714000B3F5A02FE9D0B3F5403FE6D00126354690
:10715000236813F4804F31D0D4F8AC30B3F1005F22
:1071600045D020D843B1B3F1805F19D1012104F19A
:107170000800FFF773FD0546002D3FD18F4A936D40
:1071800023F0E043D4F8AC100B43936516E00121E3
:1071900004F12800FFF7E8FD0546BEE72E46D7E7D5
:1071A000012635460AE0B3F1804FE5D0B3F1A04F98
:1071B000E2D0B3F1405FDFD001263546236813F4F7
:1071C000004F09D0E36EB3F1805F19D0B3F1005FD7
:1071D00024D0D3B101263546236813F0807F33D005
:1071E000A36C032B5BD8DFE803F027225327012190
:1071F00004F12800FFF7B8FD0546BDE72E46DDE7A0
:107200006E4AD36A43F40033D36275B96B4A136D87
:1072100023F04053E16E0B431365DDE7012104F1D8
:107220000800FFF71BFD0546EFE72E46D4E7634A4B
:10723000D36A43F40033D362A5BB604AD36C23F016
:107240000303A16C0B43D364236813F4800F2BD189
:10725000236813F0010F00F0A380A36F282B00F226
:107260009D80DFE803F08B9B9B9B9B9B9B9B859B5F
:107270009B9B9B9B9B9B949B9B9B9B9B9B9B8B9B75
:107280009B9B9B9B9B9B8B9B9B9B9B9B9B9B8B0009
:10729000022104F10800FFF7E1FC0546CCE70126D6
:1072A0003546D1E72E46CFE7454A136843F480734D
:1072B0001360FBF7F1FC0746414B1B6813F4807F1A
:1072C00005D1FBF7E9FCC01B6428F5D90325002D87
:1072D0004AD13A4B1B6FD4F8B020534013F4407F8F
:1072E0000CD0364B1A6F22F44072196F41F4803182
:1072F0001967196F21F4803119671A67D4F8B03013
:10730000B3F5807F15D08DBBD4F8B03003F4407254
:10731000B2F5407F1ED0294A136923F47C531361D0
:1073200026490B6FD4F8B020C2F30B0213430B674E
:107330008EE7FBF7B1FC0746204B1B6F13F0020FE3
:10734000E1D1FBF7A9FCC01B41F288339842F3D985
:107350000325D8E71948026922F47C52194901EA49
:10736000131313430361DBE72E4671E72E466FE7E5
:10737000012104F10800FFF771FC0546E5B90F4A49
:10738000536D23F03803A16F0B43536508E00121CF
:1073900004F12800FFF7E8FC0546EFE70126354633
:1073A000236813F0020F1DD0636F052B2ED8DFE882
:1073B00003F0110B261111112E46F1E7004402587B
:1073C00000480258CFFFFF00012104F10800FFF739
:1073D00045FC0546EDB9A94A536D23F00703616FDB
:1073E0000B435365236813F0040F23D0D4F8903077
:1073F000052B45D8DFE803F0150F3D1515150121C4
:1074000004F12800FFF7B0FC0546E3E70126354606
:10741000E8E72E46E6E7012104F10800FFF71EFC2D
:10742000054685BB954A936D23F00703D4F8901069
:107430000B439365236813F0200F34D0D4F88C30BD
:10744000B3F1005F4ED023D843B1B3F1805F1CD1BC
:10745000002104F10800FFF701FC0546002D48D18A
:10746000864A536D23F0E043D4F88C100B435365E8
:1074700019E0012104F12800FFF776FC0546D0E76A
:1074800001263546D6E72E46D4E7012635460AE0E2
:10749000B3F1804FE2D0B3F1A04FDFD0B3F1405F42
:1074A000DCD001263546236813F0400F31D0D4F8E4
:1074B0009830B3F5006F4DD020D843B1B3F5806F4D
:1074C00019D1002104F10800FFF7C8FB0546002D83
:1074D00047D16A4A936D23F4E053D4F898100B43D4
:1074E000936516E0022104F12800FFF73DFC0546F4
:1074F000B4E72E46D7E7012635460AE0B3F5805FAC
:10750000E5D0B3F5A05FE2D0B3F5406FDFD0012640
:107510003546236813F0800F33D0D4F89C30B3F590
:10752000804F00F0A18021D843B1B3F5005F1AD19C
:10753000002104F10800FFF791FB0546002D40F003
:107540009A804E4A936D23F46043D4F89C100B4309
:10755000936516E0022104F12800FFF705FC0546BB
:10756000B5E72E46D5E7012635460AE0B3F5004FCC
:10757000E4D0B3F5204FE1D0B3F5C04FDED0012603
:107580003546236813F0080F0CD0D4F88030B3F5DB
:10759000805F75D0394A536D23F44053D4F880107E
:1075A0000B435365236813F0100F0CD0D4F89430BC
:1075B000B3F5807F6DD0314A936D23F44073D4F8D6
:1075C00094100B439365236813F4002F0BD0D4F869
:1075D000A030B3F5803F75D0B3F5003F68D0002BE5
:1075E00060D001263546236813F4802F0CD0D4F8E0
:1075F0008430B3F5001F7DD0B3F5401F70D0B3F5D4
:10760000801F68D001263546236813F4803F08D0D8
:10761000236D002B77D0B3F5803F00F082800126E8
:107620003546236813F0005F40F08480236813F42C
:10763000003F00F08C80E36FB3F5807F00F0DF80C7
:1076400040F28280B3F5007F03D0B3F5407F40F075
:10765000D480002D40F0D980084A536D23F4407344
:10766000E16F0B43536572E0022104F12800FFF73C
:107670007BFB054662E72E4683E700BF00440258C5
:10768000022104F12800FFF76FFB002882D00126B9
:1076900080E7022104F12800FFF766FB00288AD06A
:1076A000012688E7002104F10800FFF7D7FA054614
:1076B0007DB9724A936D23F44033D4F8A0100B4384
:1076C000936590E7022104F12800FFF74DFB054682
:1076D000EEE72E4687E7694AD36A43F40033D36264
:1076E0007DB9664A536D23F44013D4F884100B43DC
:1076F000536589E7012104F12800FFF735FB0546B2
:10770000EEE72E4680E75D4AD36A43F40033D36246
:1077100075B95A4AD36C23F48033216D0B43D3647B
:107720007FE7022104F10800FFF798FA0546EFE72A
:107730002E4676E7022104F12800FFF715FB00280A
:107740003FF474AF012671E7002B82D00126236835
:1077500013F4801F06D0494A136D23F00043216FB4
:107760000B431365236813F4001F06D0434A136DBF
:1077700023F08073A16E0B431365236813F0804FD1
:1077800009D03E4B1A6922F400421A611A69D4F8F2
:10779000B4100A431A612368002B06DA374AD36C07
:1077A00023F04053616D0B43D364236813F4000F3F
:1077B00007D0324A536D23F44003D4F888100B43AA
:1077C0005365636813F0010F21D1636813F0020F52
:1077D00026D1636813F0040F2BD1636813F0080FF0
:1077E00030D1636813F0100F35D1636813F0200FA8
:1077F0003AD106B101263046F8BD0126A7E71F4A57
:10780000D36A43F40033D36223E72E469FE7002177
:1078100004F10800FFF722FA0028D6D00646D4E784
:10782000012104F10800FFF719FA0028D1D006461B
:10783000CFE7022104F10800FFF710FA0028CCD0AE
:107840000646CAE7002104F12800FFF78DFA002858
:10785000C7D00646C5E7012104F12800FFF784FAE6
:107860000028C2D00646C0E7022104F12800FFF735
:107870007BFA0028BDD00646BBE700BF0044025893
:1078800008B5FFF77BF9054B1B6AC3F30213044AE3
:10789000D35C03F01F03D84008BD00BF004402586A
:1078A000E8EE010810B5774A916A946AC4F3053E80
:1078B000D36AC3F3001CD36BC3F3CC030CFB03F3F9
:1078C00014F47C3F00F0D88001F0030107EE903AF9
:1078D000F8EE677A012965D0022900F0B080E1B1A5
:1078E00007EE10EAB8EE477A9FED676AC6EE076AC0
:1078F000644B9B6BC3F3080307EE103AB8EE477A6C
:107900009FED626A67EE867A77EE277AB7EE007AA5
:1079100077EE877A66EEA76A60E0136813F0200FAF
:1079200023D011461268C2F3C102594BD34007EE6F
:10793000103AB8EE477A06EE90EAB8EE666AC7EEFD
:10794000066A8B6BC3F3080307EE103AB8EE477A6A
:107950009FED4E6A67EE867A77EE277AB7EE007A69
:1079600077EE877A66EEA76A38E007EE10EAB8EE9F
:10797000477A9FED486AC6EE076A424B9B6BC3F39A
:10798000080307EE103AB8EE477A9FED406A67EEBB
:10799000867A77EE277AB7EE007A77EE877A66EE08
:1079A000A76A1BE007EE10EAB8EE477A9FED366A49
:1079B000C6EE076A334B9B6BC3F3080307EE103A1E
:1079C000B8EE477A9FED316A67EE867A77EE277ACE
:1079D000B7EE007A77EE877A66EEA76A294A936B4C
:1079E000C3F3462307EE103AB8EE477AB7EE006AC3
:1079F00037EE067AC6EE877AFCEEE77AC0ED007ABB
:107A0000936BC3F3064307EE103AB8EE477A37EEAE
:107A1000067AC6EE877AFCEEE77AC0ED017A936BC0
:107A2000C3F3066307EE903AF8EE677A77EE867A4C
:107A300086EEA77ABCEEC77A80ED027A10BD07EE1B
:107A400010EAB8EE477A9FED146AC6EE076A0D4B4E
:107A50009B6BC3F3080307EE103AB8EE477A9FED2D
:107A60000B6A67EE867A77EE277AB7EE007A77EEC2
:107A7000877A66EEA76AB1E70023036043608360FC
:107A8000DCE700BF004402580024744A00000039BB
:107A90000090D0030024744C001BB74B10B5774AFC
:107AA000916A946AC4F3055ED36AC3F3002C536CE5
:107AB000C3F3CC030CFB03F314F07C7F00F0D880FD
:107AC00001F0030107EE903AF8EE677A012965D0DC
:107AD000022900F0B080E1B107EE10EAB8EE477A73
:107AE0009FED676AC6EE076A644B1B6CC3F308031D
:107AF00007EE103AB8EE477A9FED626A67EE867A33
:107B000077EE277AB7EE007A77EE877A66EEA76A85
:107B100060E0136813F0200F23D011461268C2F3FF
:107B2000C102594BD34007EE103AB8EE477A06EE41
:107B300090EAB8EE666AC7EE066A0B6CC3F30803F8
:107B400007EE103AB8EE477A9FED4E6A67EE867AF6
:107B500077EE277AB7EE007A77EE877A66EEA76A35
:107B600038E007EE10EAB8EE477A9FED486AC6EEB5
:107B7000076A424B1B6CC3F3080307EE103AB8EEDA
:107B8000477A9FED406A67EE867A77EE277AB7EEFE
:107B9000007A77EE877A66EEA76A1BE007EE10EAB6
:107BA000B8EE477A9FED366AC6EE076A334B1B6C18
:107BB000C3F3080307EE103AB8EE477A9FED316A37
:107BC00067EE867A77EE277AB7EE007A77EE877AD5
:107BD00066EEA76A294A136CC3F3462307EE103AF0
:107BE000B8EE477AB7EE006A37EE067AC6EE877AC5
:107BF000FCEEE77AC0ED007A136CC3F3064307EEA0
:107C0000103AB8EE477A37EE067AC6EE877AFCEE7F
:107C1000E77AC0ED017A136CC3F3066307EE903A7E
:107C2000F8EE677A77EE867A86EEA77ABCEEC77AA8
:107C300080ED027A10BD07EE10EAB8EE477A9FEDAC
:107C4000146AC6EE076A0D4B1B6CC3F3080307EEFC
:107C5000103AB8EE477A9FED0B6A67EE867A77EEB8
:107C6000277AB7EE007A77EE877A66EEA76AB1E7F1
:107C70000023036043608360DCE700BF00440258D8
:107C80000024744A000000390090D0030024744C92
:107C9000001BB74B10B402685369916941F00801A9
:107CA000916101688A6942F010028A6101680A687C
:107CB00022F001020A6001680C69294A22400A6127
:107CC00001688A6822F440428A6090F88120D2B22A
:107CD000042A0DD013F0200F0AD0D0F8842042F0EF
:107CE0008002C0F8842001688A6942F020028A611B
:107CF00090F88120D2B2032A0DD013F0400F0AD0A1
:107D0000D0F8842042F00402C0F8842001688A6917
:107D100042F040028A6113F4007F0AD0D0F8842038
:107D200042F00102C0F8842001688A6942F40072BE
:107D30008A6113F4807F0AD0D0F8843043F00803BE
:107D4000C0F884300268936943F480739361002320
:107D5000A0F86230A0F86A305DF8044B704700BFAD
:107D600090FCFFFFC36B5B09C0680830C00803FBD1
:107D7000000070472DE9F04107460E4615461C46A7
:107D8000DDF8188000E0B4B13B685B6936EA0303B4
:107D90000CBF01230023AB420AD1FAF77DFFA0EB11
:107DA0000800A042EFD3B4F1FF3FECD0032000E085
:107DB0000020BDE8F0810320FBE70000002800F070
:107DC000B78070B504460023836205685C4B5D4E46
:107DD0009D4218BFB54214BF0126002607D0A3F567
:107DE00074439D4203D0C3680F2B00F2A38020464A
:107DF000FFF7B8FF2EB1544B9D4202D0082800F285
:107E00009B804F4A4F4B9D4218BF954203D003F5CC
:107E100080639D4202D1102800F2908094F8813056
:107E2000F3B1022384F881302268136823F0010340
:107E3000136021688A6802F4F812A369B3F1806FB5
:107E400014D0636813F4800F23D0E368062B20D985
:107E500021680B6823F48073206D03430B601DE0E1
:107E600084F880302046FAF715F8DAE76368B3F54E
:107E7000800F06D0002BE4D1A36BB3F1805FE0D17B
:107E800002E0A06B0028F5D10B6843F480530B602F
:107E9000D7E721680B6823F480730B60E369A16A5C
:107EA0000B431343E26B1343E16822680B43936077
:107EB000636B626A1343A26B1343A2691343226983
:107EC000134362691343226A134362681343E26CEB
:107ED0001343A2681343A26C1343A16D22680B43A2
:107EE000D36063686BB92268936823F4C05343F48A
:107EF000006393602268936823F4C06343F4806353
:107F000093602268136D23F001031365636813F413
:107F1000800F06D02268D36823F00043616D0B43C5
:107F2000D3600020C4F88400012384F8813070BD40
:107F3000012070470120FAE70120F8E70120F6E769
:107F40000030014000380040003C00402DE9F0477F
:107F500082B004468A4691461D46D0F80080FAF762
:107F60009BFE94F88160F6B2012E40F048810746EE
:107F7000B9F1000F18BFBAF1000F00F0418194F879
:107F80008030012B00F04081012384F880300323EE
:107F900084F881300023C4F88430C4F85CA0A4F8CD
:107FA0006090A4F862906366A4F86830A4F86A3020
:107FB00063672367A368B3F5C02F1CD02268D3681A
:107FC00023F4C02343F40033D360236859688F4AF5
:107FD0000A4049EA02025A602268136843F001032A
:107FE00013606368B3F5800F0BD0E3680F2B1BD8C9
:107FF000072B4DD8ACE02268136843F4006313608C
:10800000E3E72268136843F400731360EDE7E26D61
:1080100012681A62E36D0433E365B4F8622092B229
:10802000013A92B2A4F86220B4F862309BB2002BFD
:1080300000F0C98023685A6912F0020FE7D1FAF7FD
:108040002BFEC01BA84202D3B5F1FF3F01D1002D8A
:10805000EAD12046FFF71EFED4F8843043F4807343
:10806000C4F88430012384F88130002384F8803000
:108070000326C5E0E36D1B88A8F82030E36D0233CA
:10808000E365B4F862309BB2013B9BB2A4F8623066
:10809000B4F862309BB2002B00F0958022685369DF
:1080A00013F0020F15D0B4F862309BB2012BE1D966
:1080B000E36B002BDED0E36D1B681362E36D0433CA
:1080C000E365B4F862309BB2023B9BB2A4F8623025
:1080D000DEE7FAF7E1FDC01BA84202D3B5F1FF3F8E
:1080E00001D1002DD4D12046FFF7D4FDD4F884303F
:1080F00043F48073C4F88430012384F88130002372
:1081000084F8803003267BE0B4F862309BB2012B08
:1081100010D9E36B73B1E36D1B88A8F82030E36DD1
:108120000233E365B4F862309BB2023B9BB2A4F821
:1081300062300DE0E36D1B7882F82030E36D01338F
:10814000E365B4F862309BB2013B9BB2A4F86230A5
:10815000B4F862309BB2002B35D02268536913F01B
:10816000020F15D0B4F862309BB2032BCCD9E36B6D
:10817000402BC9D9E36D1B681362E36D0433E365DB
:10818000B4F862309BB2043B9BB2A4F86230DFE7E4
:10819000FAF782FDC01BA84202D3B5F1FF3F01D11F
:1081A000002DD5D12046FFF775FDD4F8843043F477
:1081B0008073C4F88430012384F88130002384F86C
:1081C000803003261CE000972B4600220821204621
:1081D000FFF7D0FD28B1D4F8843043F02003C4F871
:1081E00084302046FFF756FD012384F881300023B8
:1081F00084F88030D4F8843013B9002600E00226D9
:10820000304602B0BDE8F0870226F9E70000FFFF24
:108210002DE9F04F83B004468A4691461D46D0F8BA
:1082200000B0C66BC6F34F16FAF736FD94F88170AE
:10823000FFB2012F40F02F820136B6B28046B9F16D
:10824000000F18BFBAF1000F00F02682002D00F0D9
:10825000238294F88030012B00F02282012384F8DD
:108260008030052384F881300023C4F88430C4F8BA
:108270006490A4F86A50A4F86850C4F85CA0A4F80C
:108280006250A4F86050236763672268D36823F4C0
:10829000C023D36022689C499C4B9A4218BF8A42F3
:1082A00009D003F580639A4202D04FF0080904E038
:1082B0004FF0100901E04FF010095168944B0B404A
:1082C0002B4353602268136843F001031360636813
:1082D000B3F5800F06D0E3680F2B7AD94FEA990BDC
:1082E000A9461FE02268136843F400731360F2E7A5
:1082F00023685A69B9F1000F14D0596911F0010FC0
:1083000032D0626E1B6B1360636E04336366B4F825
:108310006A309BB2013B9BB2A4F86A30B4F86A9011
:108320001FFA89F945EA09039BB2002B00F09681F8
:1083300023685A6912F0020FDAD0002DD8D005EB6D
:108340000B029145D4D2E26D12681A62E36D0433D8
:10835000E365B4F862309BB2013B9BB2A4F8623093
:10836000B4F86250ADB2C3E7B14514D212F4004F75
:1083700011D0626E1B6B1360636E04336366B4F8D6
:108380006A309BB2013B9BB2A4F86A30B4F86A90A1
:108390001FFA89F9C6E7FAF77FFCA0EB08000C9BEF
:1083A000984202D3B3F1FF3F02D10C9B002BB9D10D
:1083B0002046FFF76FFCD4F8843043F48073C4F890
:1083C0008430012384F88130002384F8803003272F
:1083D00062E1072B40F240814FEA59039A46A946D1
:1083E0001AE023685A69B9F1000F15D05B6913F0E0
:1083F000010F34D0636EBBF830201A80636E0233F5
:108400006366B4F86A309BB2013B9BB2A4F86A3051
:10841000B4F86A901FFA89F945EA09039BB2002B68
:1084200000F01C8123685B6913F0020FD9D0002D86
:10843000D7D05346EB189945D3D2E36D1B88ABF8E0
:108440002030E36D0233E365B4F862309BB2013B48
:108450009BB2A4F86230B4F86250ADB2C1E7B14546
:108460001BD212F4004F18D0636EBBF830201A8074
:10847000636E9A1C6266BBF830205A80636E0233CA
:108480006366B4F86A309BB2023B9BB2A4F86A30D0
:10849000B4F86A901FFA89F9BEE7B9F1010F15D156
:1084A00012F4005F12D0636EBBF830201A80636E46
:1084B00002336366B4F86A309BB2013B9BB2A4F806
:1084C0006A30B4F86A901FFA89F9A5E7FAF7E4FB75
:1084D000A0EB08000C9B984202D3B3F1FF3F02D1FE
:1084E0000C9B002B98D12046FFF7D4FBD4F88430A6
:1084F00043F48073C4F88430012384F8813000236E
:1085000084F880300327C7E0003001400038004085
:108510000000FFFF23685A69BBF1000F15D05969AD
:1085200011F0010F34D0626E93F830301370636E27
:1085300001336366B4F86A309BB2013B9BB2A4F886
:108540006A30B4F86AB01FFA8BFB45EA0B039BB2A2
:10855000002B00F0838023685A6912F0020FD9D0F3
:10856000002DD7D005EB09029345D3D2E26D1278E6
:1085700083F82020E36D0133E365B4F862309BB2E9
:10858000013B9BB2A4F86230B4F86250ADB2C1E7CF
:10859000B3452AD212F4004F27D0626E93F83030E0
:1085A0001370636E5A1C6266226892F830205A700B
:1085B000636E5A1C6266226892F830205A70636EAD
:1085C0005A1C6266226892F830205A70636E01333A
:1085D0006366B4F86A309BB2043B9BB2A4F86A307D
:1085E000B4F86AB01FFA8BFBAFE7BBF1030F15D8E5
:1085F00012F4C04F12D0626E93F830301370636E75
:1086000001336366B4F86A309BB2013B9BB2A4F8B5
:108610006A30B4F86AB01FFA8BFB96E7FAF73CFBB6
:10862000A0EB08000C9B984202D3B3F1FF3F02D1AC
:108630000C9B002B89D12046FFF72CFBD4F884300B
:1086400043F48073C4F88430012384F8813000231C
:1086500084F8803003271FE0AB4676E7CDF8008032
:108660000C9B002208212046FFF784FB28B1D4F898
:10867000843043F02003C4F884302046FFF70AFB1F
:10868000012384F88130002384F88030D4F88430CA
:1086900013B9002700E00227384603B0BDE8F08F89
:1086A0000227F9E7704770477047704708B5806B3D
:1086B0000023A0F86A30A0F86230012380F88130EE
:1086C000FFF7F3FF08BD70472DE9F843044606683D
:1086D0003269736902EA0305D6F8089090F8817050
:1086E000FFB213F4006F02D012F0080F3FD105F073
:1086F0006403042B42D0002305F04508B8F1010FB4
:1087000044D005F02602022A45D0002B46D115F0B0
:10871000080F79D02268936943F0080393612268B7
:10872000936943F0100393612268936943F40063F3
:1087300093612268136923F00803136123689B681F
:1087400013F4404F3BD02046FFF7A4FA012384F8EE
:108750008130D4F88430002B4AD1052F4CD0042F1F
:108760004ED0032F1AD12046FFF79CFF16E0B369C5
:1087700043F40063B361FFF7A6FF0FE0636F204689
:108780009847236F204698470123B5E7236F20467B
:1087900098474346B5E7636F20469847BDE8F8839E
:1087A000072B1CD9636E328E1A80636E02336366A8
:1087B000B4F86A309BB2013B9BB2A4F86A30B4F8BB
:1087C0006A309BB2002BBED0E3680F2BE8D9226839
:1087D000636E126B1A60636E04336366E8E72268A7
:1087E000636E92F830201A70636E01336366DFE7C0
:1087F0002046FFF75AFFD1E72046FFF755FFCDE7A8
:108800002046FFF750FFC9E715F4587FC6D015F092
:10881000400F0AD0D4F8843043F00403C4F8843005
:108820002268936943F04003936115F4007F0AD0F6
:10883000D4F8843043F00103C4F88430226893698B
:1088400043F40073936115F4807F0AD0D4F8843028
:1088500043F00803C4F884302268936943F48073BA
:10886000936115F0200F0AD0D4F8843043F08003D0
:10887000C4F884302268936943F020039361D4F8EC
:108880008430002B8AD02268136823F00103136020
:10889000226811691A4B0B40136109F44049B9F57C
:1088A000404F25D12268936823F440439360E36FDF
:1088B0005BB1144A1A65E06FFBF732F928B1D4F8BE
:1088C000843043F04003C4F88430A36F002B3FF49E
:1088D00065AF0C4A1A65A06FFBF722F900283FF438
:1088E0005DAFD4F8843043F04003C4F8843055E7DA
:1088F000012384F881302046FFF7D7FE4EE700BF02
:1089000094FCFFFFAD860008F0B4036A026A22F00F
:1089100001020262466884691F4A22400D681543BD
:1089200023F002038C6823431C4A1D4CA04218BF4D
:1089300090420CBF012200220CD004F58044A042DA
:1089400014BF00240124174FB84203D014B9164CA9
:10895000A04205D123F00803CC68234323F004038D
:108960005AB9124A904214BF002201220D4CA04273
:1089700003D012B90C4A904207D126F4407C4A69D0
:1089800042EA0C0C8E6946EA0C06466085614A682C
:1089900042630362F0BC70478CFFFEFF00000140A1
:1089A00000040140004001400048014000440140F3
:1089B00070B4036A026A22F4807202624568C46974
:1089C0001A4A22400E68164323F400738A6843EA69
:1089D0000223174A174CA04218BF90420CBF012235
:1089E000002206D123F40063CC6843EA042323F475
:1089F00080635AB9104A904214BF002201220F4CE2
:108A0000A04203D012B90E4A904207D125F4405C2F
:108A10004A694CEA021C8D694CEA05154560C6613D
:108A20004A68C263036270BC704700BF8CFFFEFFE0
:108A300000000140000401400044014000400140AA
:108A40000048014070B4036A026A22F48052026254
:108A50004468C569144A2A400D6842EA052223F495
:108A600000538D6843EA0533104E114DA84218BFDC
:108A7000B0420DD005F58045A84214BF0025012560
:108A800006F58046B04203D015B90A4DA84204D17C
:108A900024F480444D6944EA85144460C2614A6804
:108AA0000264036270BC7047FF8CFFFE000001404F
:108AB000000401400048014070B4036A026A22F4D5
:108AC000803202624268456D144C2C400D682C4384
:108AD00023F400338D6843EA0543114E114DA8423B
:108AE00018BFB0420DD005F58045A84214BF00253F
:108AF000012506F58046B04203D015B90A4DA842BB
:108B000004D122F480324D6942EA05224260446574
:108B10004A688265036270BC704700BF8FFFFEFF2A
:108B200000000140000401400048014070B4036AA5
:108B3000026A22F4801202624468456D144A2A4097
:108B40000D6842EA052223F400138D6843EA0553B9
:108B5000104E114DA84218BFB0420DD005F580450A
:108B6000A84214BF0025012506F58046B04203D077
:108B700015B90A4DA84204D124F480244D6944EA71
:108B80008524446042654A68C265036270BC7047D0
:108B9000FF8FFFFE0000014000040140004801403B
:108BA00010B4036A046A24F001040462846924F0A6
:108BB000F00C4CEA021223F00A030B4382610362B9
:108BC0005DF8044B704710B4036A046A24F0100483
:108BD0000462846924F4704C4CEA023223F0A0034E
:108BE00043EA0113826103625DF8044B70470000A1
:108BF0008268034B13400B4343F0070383607047C5
:108C00008FFFCFFF90F83D30DBB2012B42D1022322
:108C100080F83D300268D36843F00103D3600368F5
:108C20001E4AB3F1804F18BF934225D0A2F57C4273
:108C3000934221D002F5806293421DD002F58062FA
:108C4000934219D002F57842934215D0A2F56C42B6
:108C5000934211D002F5943293420DD0A2F5C04256
:108C6000934209D002F58062934205D01A6842F01F
:108C700001021A60002070479968094A0A40062AD2
:108C800018BFB2F5803F07D01A6842F001021A609F
:108C9000002070470120704700207047000001400D
:108CA00007000100704770477047704770B5044671
:108CB0000368DE681D6915F0020F10D016F0020F70
:108CC0000DD06FF002021A610123037703689B69DC
:108CD00013F0030F64D0FFF7E6FF0023237715F0AE
:108CE000040F12D016F0040F0FD023686FF00402A7
:108CF0001A610223237723689B6913F4407F55D0C0
:108D00002046FFF7D0FF0023237715F0080F12D07D
:108D100016F0080F0FD023686FF008021A610423C1
:108D200023772368DB6913F0030F46D02046FFF753
:108D3000BAFF0023237715F0100F12D016F0100F92
:108D40000FD023686FF010021A610823237723687D
:108D5000DB6913F4407F37D02046FFF7A4FF0023E0
:108D6000237715F0010F02D016F0010F33D115F45F
:108D7000025F02D016F0800F35D115F4807F02D04B
:108D800016F0800F37D115F0400F02D016F0400FCB
:108D900039D115F0200F02D016F0200F3BD170BD55
:108DA000FFF780FF2046FFF77FFF96E72046FFF79B
:108DB00079FF2046FFF778FFA5E72046FFF772FF0F
:108DC0002046FFF771FFB4E72046FFF76BFF204610
:108DD000FFF76AFFC3E723686FF001021A612046BC
:108DE0000CF0A8F8C3E723686FF402521A6120461A
:108DF00000F0BFFBC1E723686FF480721A61204660
:108E000000F0B8FBBFE723686FF040021A6120460C
:108E1000FFF74BFFBDE723686FF020021A61204681
:108E200000F0A6FBBBE7000070B403683E4A904226
:108E300014BF00220122B0F1804F14BF144642F04B
:108E40000104ACB9394DA84214BF00250125384EA4
:108E5000B0420DD065B905F1804505F58235A842CF
:108E600014BF0025012506F50066B04200D01DB1F3
:108E700023F070034D682B4364BB2C4CA04214BFFD
:108E8000002401242A4DA84224D01CBB04F18044B4
:108E900004F58234A04214BF0024012405F50065C6
:108EA000A84217D0B4B9234CA04214BF0024012417
:108EB00005F59A35A8420DD064B91F4CA04214BFE5
:108EC0000024012405F50065A84203D014B91B4C09
:108ED000A04203D123F44073CC68234323F08003E2
:108EE0004C6923438C68C4620C688462144CA042B1
:108EF00008BF42F0010262B90E4A904214BF00223C
:108F0000012204F57054A04203D012B90D4A9042D8
:108F100001D10A690263026842F004020260012280
:108F20004261036070BC70470000014000080040CF
:108F3000000400400044014000E0004000E4004024
:108F4000000401400048014060B310B5044690F8A9
:108F50003D3013B3022384F83D30214651F8040B11
:108F6000FFF762FF012384F8483084F83E3084F82C
:108F70003F3084F8403084F8413084F8423084F83F
:108F8000433084F8443084F8453084F8463084F81F
:108F9000473084F83D30002010BD80F83C30F9F7B0
:108FA00085FAD7E70120704760B310B5044690F802
:108FB0003D3013B3022384F83D30214651F8040BB1
:108FC000FFF732FF012384F8483084F83E3084F8FC
:108FD0003F3084F8403084F8413084F8423084F8DF
:108FE000433084F8443084F8453084F8463084F8BF
:108FF000473084F83D30002010BD80F83C30F9F750
:109000003BFAD7E70120704770B4036A026A22F086
:1090100010020262456884691A4A22400E6842EAD8
:10902000062623F020038A6843EA0213164A174CE7
:10903000A04218BF90420CBF0122002206D123F0AB
:109040008003CC6843EA041323F040035AB9104A62
:10905000904214BF002201220E4CA04203D012B94C
:109060000D4A904207D125F4406C4A694CEA820CC3
:109070008D694CEA8505456086614A6882630362B2
:1090800070BC7047FF8CFFFE0000014000040140EF
:1090900000440140004001400048014038B590F8CC
:1090A0003C30012B00F0958004460D46012380F8EA
:1090B0003C30142A00F28880DFE802F00B868686B6
:1090C0001F86868634868686488686865D86868660
:1090D00071000068FFF718FC2268936943F00803E9
:1090E00093612268936923F0040393612268936972
:1090F00029690B439361002067E00068FFF784FF54
:109100002268936943F4006393612268936923F4AE
:109110008063936122689369296943EA012393611B
:10912000002052E00068FFF743FC2268D36943F057
:109130000803D3612268D36923F00403D361226852
:10914000D36929690B43D36100203EE00068FFF733
:1091500079FC2268D36943F40063D3612268D36940
:1091600023F48063D3612268D369296943EA012328
:10917000D361002029E00068FFF79EFC2268536D50
:1091800043F0080353652268536D23F004035365CD
:109190002268536D29690B435365002015E0006870
:1091A000FFF7C4FC2268536D43F4006353652268E3
:1091B000536D23F4806353652268536D296943EA34
:1091C00001235365002000E00120002384F83C3097
:1091D00038BD0220FCE710B4846824F47F4C42EAD6
:1091E00003220A4342EA0C0282605DF8044B704796
:1091F00090F83C30012B00F08F8010B5044601231D
:1092000080F83C30022380F83D3002689068434B80
:10921000034093600B68702B55D031D8502B6CD025
:109220000CD9602B2AD1CA6849682068FFF7CBFCAB
:1092300060212068FFF7DCFC002035E0402B0AD1DC
:10924000CA6849682068FFF7ABFC40212068FFF737
:10925000CFFC002028E05BD8202B07D003D9302B8F
:1092600004D0012020E00BB1102B05D11946206855
:10927000FFF7BEFC002017E0012015E0012013E0FD
:10928000B3F5005F2CD00BD9254A9342EED012D90A
:10929000244A9342EAD010329342E7D0012003E0FF
:1092A000B3F5805F36D10020012384F83D300023E0
:1092B00084F83C3010BDB3F5801FD7D0B3F1101F38
:1092C000D4D00120F0E7CB684A6889682068FFF7AE
:1092D00082FF2268936843F0770393600020E3E7FE
:1092E000CB684A6889682068FFF775FF2268936831
:1092F00043F4804393600020D6E7CA684968206839
:10930000FFF74EFC50212068FFF772FC0020CBE7EE
:109310000120C9E70120C7E7022070478800CEFF7F
:10932000200010003000100001F01F01012303FA9B
:1093300001FC036A23EA0C030362036A02FA01F1E7
:109340000B4303627047000010B50446084600292D
:1093500056D194F83E30DBB2013B18BF0123002BFD
:1093600040F0A380002876D1022384F83E30012209
:1093700001462068FFF7D8FF23684E494E4A9342C2
:1093800018BF8B420BD002F57052934207D002F502
:109390008062934203D002F58062934203D15A6CFB
:1093A00042F400425A642368424AB3F1804F18BF26
:1093B00093426CD0A2F57C42934268D002F5806261
:1093C000934264D002F58062934260D002F5784205
:1093D00093425CD0A2F56C42934258D002F594328D
:1093E000934254D0A2F5C042934250D002F580621D
:1093F00093424CD01A6842F001021A60002055E0F6
:1094000004290CD0082911D00C2916D010291BD002
:1094100094F84330DBB2013B18BF01239FE794F877
:109420003F30DBB2013B18BF012398E794F840308E
:10943000DBB2013B18BF012391E794F84130DBB266
:10944000013B18BF01238AE794F84230DBB2013BAD
:1094500018BF012383E7042809D008280BD00C2863
:109460000DD010280FD0022384F843307FE7022369
:1094700084F83F307BE7022384F8403077E702230B
:1094800084F8413073E7022384F842306FE799682B
:109490000A4A0A40062A18BFB2F5803F07D01A6868
:1094A00042F001021A60002000E0012010BD0020FF
:1094B000FCE700BF0000014000040140070001007C
:1094C00090F83C30012B4DD070B4012380F83C3033
:1094D000022380F83D3003685A689C68224E234D71
:1094E000AB4218BFB34203D122F470024D682A4345
:1094F00022F070020D682A435A6003681A4AB3F1D9
:10950000804F18BF93421FD0A2F57C4293421BD0DC
:1095100002F58062934217D002F58062934213D025
:1095200002F5784293420FD0A2F56C4293420BD0E1
:1095300002F59432934207D0A2F5C042934203D081
:1095400002F58062934204D124F080048A681443B7
:109550009C60012380F83D30002380F83C301846A1
:1095600070BC7047022070470000014000040140B9
:10957000704770477047026852E8003F23F0C0030D
:1095800042E800310029F6D1026802F1080353E8ED
:10959000003F23F40003083242E800310029F3D1F0
:1095A0002023C0F888307047026852E8003F23F457
:1095B000907342E800310029F6D1026802F10803F5
:1095C00053E8001F0D4B0B40083242E800310029E0
:1095D000F3D1C36E012B06D02023C0F88C300023BA
:1095E000C36643677047026852E8003F23F01003E8
:1095F00042E800310029F6D1EEE700BFFEFFFFEFA1
:1096000008B5026852E8003F23F0400342E8003109
:109610000029F6D12023C0F888300023836709F0A1
:1096200047FB08BD7047704738B5846BD4F8882075
:10963000D4F88C5023689B6813F0800F01D0212A46
:1096400010D023689B6813F0400F01D0222D10D05A
:10965000D4F8903043F01003C4F8903020460CF05A
:10966000B1FA38BD0023A4F856302046FFF783FF37
:10967000E7E70023A4F85E302046FFF795FFE7E711
:1096800008B5806B0023A0F85E300CF09BFA08BD93
:1096900070B504460168CB6908688D6840F60F0212
:1096A0001A4008D113F0200F05D010F0200F34D14C
:1096B00015F0805F31D12AB18B4A2A4033D18B4ECD
:1096C000304230D1E26E012A00F0C68013F4801FD0
:1096D00003D015F4800F40F0A98113F0800F07D05C
:1096E00010F0800F40F0A98115F4000F40F0A58123
:1096F00013F0400F03D010F0400F40F0A58113F499
:10970000000F03D010F0804F40F0A28113F0807F53
:1097100002D00028C0F2A08170BD636F002BFBD087
:1097200020469847F8E713F0010F09D010F4807F26
:1097300006D001260E62D4F890103143C4F8901080
:1097400013F0020F0BD015F0010F08D0216802268C
:109750000E62D4F8901041F00401C4F8901013F098
:10976000040F0BD015F0010F08D0216804260E62FB
:10977000D4F8901041F00201C4F8901013F0080FD3
:109780000BD010F0200F00D13AB1226808211162ED
:10979000D4F890200A43C4F8902013F4006F0CD042
:1097A00010F0806F09D022684FF400611162D4F884
:1097B000902042F02002C4F89020D4F89020002A93
:1097C000AAD013F0200F09D010F0200F02D115F00D
:1097D000805F03D0636F0BB120469847D4F8902088
:1097E00023689B6813F0400F02D112F0280F2CD091
:1097F0002046FFF7D9FE23689B6813F0400F20D066
:10980000226802F1080353E8003F23F040030832C6
:1098100042E800310029F3D1D4F880306BB1344AEA
:109820001A65D4F88000FAF77BF900283FF474AF8A
:10983000D4F88000036D98476EE720460CF0C2F91B
:109840006AE720460CF0BEF966E720460CF0BAF94C
:109850000023C4F890305FE713F0100F3FF436AFE9
:1098600010F0100F3FF432AF10230B6223689B6897
:1098700013F0400F00F0A080D4F8802013681D483A
:109880001D498B4218BF834238D018318B4235D0E6
:1098900018318B4232D018318B422FD018318B4285
:1098A0002CD018318B4229D018318B4226D001F5AB
:1098B00056718B4222D018318B421FD018318B4207
:1098C0001CD018318B4219D018318B4216D0183168
:1098D0008B4213D018318B4210D018318B420DD0EF
:1098E0005B689BB20CE000BF010000102001000487
:1098F0008196000810000240280002405B689BB27D
:10990000002B49D0B4F85C10994245D9A4F85E30D8
:10991000D369B3F5807F32D0226852E8003F23F448
:10992000807342E800310029F6D1226802F1080371
:1099300053E8003F23F00103083242E800310029D8
:10994000F3D1226802F1080353E8003F23F04003FB
:10995000083242E800310029F3D12023C4F88C30CA
:109960000023E366226852E8003F23F0100342E838
:1099700000310029F6D1D4F88000F9F731FF022335
:109980002367B4F85C10B4F85E309BB2C91A89B290
:1099900020460CF07FF8BFE6B4F85C1099427FF4E3
:1099A000BBAED369B3F5807F7FF4B6AE02232367E5
:1099B00020460CF06FF8AFE6B4F85C10B4F85E30F7
:1099C0009BB2C91A89B2B4F85E309BB2002B3FF447
:1099D000A3AE00293FF4A0AE226852E8003F23F472
:1099E000907342E800300028F6D1226802F10803A3
:1099F00053E8000F1A4B0340083242E800300028B9
:109A0000F3D12023C4F88C300023E3666367226817
:109A100052E8003F23F0100342E800300028F6D15E
:109A20000223236720460CF035F875E64FF48013C7
:109A30000B62204600F0E0FD6EE6A36F002B3FF4C2
:109A40006BAE2046984767E62046FFF7D9FD63E6F0
:109A5000204600F0D3FD5FE6204600F0CEFD5BE639
:109A6000FEFFFFEF08B5806B01230367C36E012B78
:109A700002D0FFF7D8FD08BDB0F85C1049080CF023
:109A800009F8F8E708B50346806BDB69B3F5807F1A
:109A900029D00023A0F85E30026852E8003F23F48A
:109AA000807342E800310029F6D1026802F1080310
:109AB00053E8003F23F00103083242E80031002957
:109AC000F3D1026802F1080353E8003F23F040039A
:109AD000083242E800310029F3D12023C0F88C304D
:109AE000C36E012B07D000230367C36E012B0CD07C
:109AF000FFF798FD08BD026852E8003F23F010030D
:109B000042E800310029F6D1EDE7B0F85C100BF027
:109B1000C1FFEFE770B586B004460168836802694B
:109B2000134342691343C26913430868904A0240D1
:109B300013430B602268536823F44053E1680B43DE
:109B40005360A16922688B4B9A4201D0236A194362
:109B50009068894B03400B4393602268D36A23F0DB
:109B60000F03616A0B43D3622268844B9A4229D067
:109B7000834B9A4200F09480824B9A4200F0AA8074
:109B8000814B9A4200F0C080804B9A4200F0D68010
:109B90007F4B9A4200F008817E4B9A4200F02D8163
:109BA0007D4B9A4200F040817C4B9A4200F05381F9
:109BB0007B4B9A4200F078816E4B9A4200F09D8177
:109BC000802333E0774B5B6D03F03803282B65D897
:109BD000DFE813F02900640064006400640064009E
:109BE00064006400AB01640064006400640064000D
:109BF000640064002B00640064006400640064007E
:109C0000640064005E00640064006400640064003A
:109C10006400640060006400640064006400640028
:109C2000640064006200012300E0082351498A4275
:109C300000F09481E069B0F5004F00F00A82202B1B
:109C400000F26282202B00F2AC82DFE813F079028E
:109C50007F02AA02AA028202AA02AA02AA0287021A
:109C6000AA02AA02AA02AA02AA02AA02AA028C02B2
:109C7000AA02AA02AA02AA02AA02AA02AA02AA0284
:109C8000AA02AA02AA02AA02AA02AA02AA02980286
:109C90001023CBE72023C9E74023C7E78023C5E78C
:109CA000404B5B6D03F00703052B11D8DFE813F081
:109CB00006003F0108000A000C000E000023B5E773
:109CC0000823B3E71023B1E72023AFE74023ADE734
:109CD0008023ABE7334B5B6D03F00703052B11D8F3
:109CE000DFE813F00600270108000A000C000E0050
:109CF00000239BE7082399E7102397E7202395E7A4
:109D0000402393E7802391E7264B5B6D03F0070325
:109D1000052B11D8DFE813F006000F0108000A0038
:109D20000C000E00002381E708237FE710237DE766
:109D300020237BE7402379E7802377E7194B5B6D8E
:109D400003F00703052B11D8DFE813F00600F70036
:109D500008000A000C000E00002367E7082365E7EF
:109D6000102363E7202361E740235FE780235DE75B
:109D7000F369FFCF000C0058FFF4FF110010014001
:109D80000044004000480040004C004000500040AB
:109D90000014014000780040007C004000180140A1
:109DA000001C014000440258694B5B6D03F038030E
:109DB000282B20D8DFE803F0151F1F1F1F1F1F1FB0
:109DC000C31F1F1F1F1F1F1F171F1F1F1F1F1F1F07
:109DD000191F1F1F1F1F1F1F1B1F1F1F1F1F1F1F9D
:109DE0001D00012322E7082320E710231EE720237C
:109DF0001CE740231AE7802318E7554B5B6D03F0FF
:109E00000703052B0ED8DFE803F0039C0507090BB9
:109E100000230BE7082309E7102307E7202305E7C2
:109E2000402303E7802301E7494B5B6D03F0070301
:109E3000052B0ED8DFE803F003870507090B002385
:109E4000F4E60823F2E61023F0E62023EEE64023B2
:109E5000ECE68023EAE63E4B5B6D03F03803282BEB
:109E600020D8DFE803F0151F1F1F1F1F1F1F721FC1
:109E70001F1F1F1F1F1F171F1F1F1F1F1F1F191F00
:109E80001F1F1F1F1F1F1B1F1F1F1F1F1F1F1D0007
:109E90000123CBE60823C9E61023C7E62023C5E645
:109EA0004023C3E68023C1E6294B5B6D03F03803F2
:109EB000282B20D8DFE803F0151F1F1F1F1F1F1FAF
:109EC0004E1F1F1F1F1F1F1F171F1F1F1F1F1F1F7B
:109ED000191F1F1F1F1F1F1F1B1F1F1F1F1F1F1F9C
:109EE0001D000123A2E60823A0E610239EE62023FE
:109EF0009CE640239AE6802398E603F50E339B6D9B
:109F000003F00703052B0ED8DFE803F0032605074F
:109F1000090B02238AE6082388E6102386E620231D
:109F200084E6402382E6802380E604237EE6042341
:109F30007CE604237AE6042378E6042376E6042309
:109F400074E6042372E6042370E604236EE600BF81
:109F500000440258042369E6042367E6202B27D82F
:109F6000022BC0F01081023B1E2B00F20E81DFE8B5
:109F700013F050000C0156000C010C010C015B00A9
:109F80000C010C010C010C010C010C010C01600016
:109F90000C010C010C010C010C010C010C010C0159
:109FA0000C010C010C010C010C010C010C016C00EA
:109FB000402B2CD14FF40040626A804B33F81220C2
:109FC000B0FBF2F3656805EB4501994200F2DF80D2
:109FD000B3EB053F00F2DD80002633463146F6F74D
:109FE00063FF090241EA106100026B08C0182A46AB
:109FF000334641F10001F6F757FFA0F54072704B70
:10A000009A4200F2C8802368D8603046CAE0012036
:10A01000C8E0FDF735FC0028CED10020C2E003A83F
:10A02000FDF740FC0498F6E76846FDF737FD019818
:10A03000F1E7644B1B6813F0200F08D0614B1B68DD
:10A04000C3F3C1036048D840E5E76048B4E75E4821
:10A05000B2E7202B15D8202B00F29F80DFE803F019
:10A0600031379D9D3A9D9D9D3F9D9D9D9D9D9D9DB3
:10A07000449D9D9D9D9D9D9D9D9D9D9D9D9D9D9D69
:10A080005000402B1BD1626A4C4B33F81230B0FBAE
:10A09000F3F06268530803EB4000B0FBF2F0A0F16C
:10A0A00010024FF6EF739A4279D883B223F00F0370
:10A0B000C0F3420018432368D860002072E00120FA
:10A0C00070E0FCF77DFD0028DDD100206AE0FCF7A0
:10A0D00089FDF8E703A8FDF7E5FB0498F3E7684678
:10A0E000FDF7DCFC0198EEE7364B1B6813F0200F00
:10A0F00008D0344B1B68C3F3C1033348D840E2E7B0
:10A100003248C0E73048BEE7402B17D14FF400403B
:10A11000626A2A4B33F81230B0FBF3F0636800EB4D
:10A120005300B0FBF3F0A0F110024FF6EF739A4228
:10A1300042D8236880B2D860002033E0012031E0AB
:10A14000FCF73EFD0028E3D100202BE0FCF74AFDA0
:10A15000F8E703A8FDF7A6FB0498F3E76846FDF7C8
:10A160009DFC0198EEE7174B1B6813F0200F08D0F9
:10A17000144B1B68C3F3C1031348D840E2E71348EC
:10A18000C6E71148C4E701200CE001200AE00120E5
:10A1900008E0012006E0012004E0012002E00120A7
:10A1A00000E001200123A4F86A30A4F868300023FD
:10A1B0006367A36706B070BD0120F3E710EF0108E5
:10A1C000FFFC0F00004402580090D00300093D003E
:10A1D000836A13F0080F06D00268536823F4004323
:10A1E000816B0B435360836A13F0010F06D0026842
:10A1F000536823F40033C16A0B435360836A13F03E
:10A20000020F06D00268536823F48033016B0B43BE
:10A210005360836A13F0040F06D00268536823F476
:10A220008023416B0B435360836A13F0100F06D0F9
:10A230000268936823F48053C16B0B439360836A75
:10A2400013F0200F06D00268936823F40053016CCA
:10A250000B439360836A13F0400F0AD0026853687F
:10A2600023F48013416C0B435360436CB3F5801FA0
:10A270000BD0836A13F0800F06D00268536823F472
:10A280000023C16C0B43536070470268536823F48A
:10A29000C003816C0B435360EBE72DE9F84305469F
:10A2A0000E4617469946DDF820802C68E46936EAA8
:10A2B00004030CBF4FF0010C4FF0000CBC453AD129
:10A2C000B8F1FF3FF1D0F8F7E7FCA0EB09004045FB
:10A2D00034D8B8F1000F33D02B681A6812F0040F8D
:10A2E000E3D0B6F1400218BF0122802EDDD0002A53
:10A2F000DBD0DA6912F0080F11D1DA6912F4006FBD
:10A30000D3D04FF400621A622846FFF74DF920239C
:10A31000C5F89030002385F8843003200CE0082431
:10A320001C622846FFF740F9C5F89040002385F8E5
:10A330008430012000E00020BDE8F8830320FBE723
:10A340000320F9E730B583B004460023C0F890300D
:10A35000F8F7A2FC05462268126812F0080F10D127
:10A3600023681B6813F0040F28D12023C4F8883019
:10A37000C4F88C300020E066206784F8840003B0C5
:10A3800030BD6FF07E430093034600224FF400116E
:10A390002046FFF782FF0028E2D0226852E8003F03
:10A3A00023F0800342E800310029F6D12023C4F8CD
:10A3B0008830002384F884300320E0E76FF07E4388
:10A3C00000932B4600224FF480012046FFF765FFE3
:10A3D0000028CAD0226852E8003F23F4907342E874
:10A3E00000310029F6D1226802F1080353E8003F4A
:10A3F00023F00103083242E800310029F3D1202381
:10A40000C4F88C30002384F884300320B7E778B395
:10A4100010B50446D0F888300BB32423C4F8883034
:10A420002268136823F001031360A36AE3B920468E
:10A43000FFF770FB012811D02268536823F4904382
:10A4400053602268936823F02A039360226813689C
:10A4500043F0010313602046FFF774FF10BD80F83E
:10A460008430F8F797F9D8E72046FFF7B1FEDEE72A
:10A470000120704710B5044613468165A0F85C20A2
:10A480000022C0F890202222C0F88C20D0F8802032
:10A49000AAB12149D163D0F8802020491164D0F8B5
:10A4A00080201F49D164D0F8802000211165016807
:10A4B000826D2431D0F88000F9F746F820BB23697B
:10A4C00043B1226852E8003F43F4807342E8003110
:10A4D0000029F6D1226802F1080353E8003F43F057
:10A4E0000103083242E800310029F3D1226802F169
:10A4F000080353E8003F43F04003083242E80031CC
:10A500000029F3D1002010BD1023C4F8903020237F
:10A51000C4F88C300120F6E7859A0008659A000897
:10A5200029960008436E2BB90123A0F86A30A0F8E1
:10A530006830704730B403689A68C2F34262996821
:10A54000490F094D6B5C1B01084C615C93FBF1F3F7
:10A55000A0F86A30AB5C1B01A25C93FBF2F3A0F89D
:10A56000683030BC704700BF30EF010828EF0108A9
:10A5700000283CD0F8B50F4616461D460446D0F8D4
:10A5800088305BB32423C4F888302268136823F032
:10A5900001031360A36A33BB2046FFF7BBFA01280F
:10A5A0001BD02268936843F48043936023689968C2
:10A5B00021F400410F439F602D0445EA465522686F
:10A5C00011680C4B0B401D4315602268136843F063
:10A5D000010313602046FFF7B5FEF8BD80F8843014
:10A5E000F8F7D8F8CEE72046FFF7F2FDD4E70120D0
:10A5F000704700BFFFFF00FC70477047704790F83E
:10A600008430012B18D0012380F884302423C0F833
:10A61000883003681A68196821F00101196022F076
:10A6200000520023436601680A602022C0F8882097
:10A6300080F88430184670470220704738B590F88B
:10A640008430012B1DD00446012380F8843024235C
:10A65000C0F8883003681D681A6822F001021A6089
:10A660000268936823F0604319439160FFF75AFF33
:10A6700023681D602023C4F88830002084F88400FB
:10A6800038BD0220FCE738B590F88430012B1DD08E
:10A690000446012380F884302423C0F888300368FE
:10A6A0001D681A6822F001021A600268936823F09C
:10A6B000606319439160FFF735FF23681D60202315
:10A6C000C4F88830002084F8840038BD0220FCE7FC
:10A6D000D0F88C30202B21D110B50446002A18BFA9
:10A6E000002901D1012010BD0123C36600230367A7
:10A6F000FFF7C0FE0028F6D1E36E012B01D0012048
:10A70000F1E7236810221A62226852E8003F43F002
:10A71000100342E800310029F6D1E4E70220704737
:10A7200082B000230193019B01330193019BB3F19C
:10A73000706F15D80369002BF5DA002301930369C4
:10A7400043F001030361019B01330193019BB3F1CA
:10A75000706F08D8036913F0010FF4D1002000E0F6
:10A76000032002B070470320FBE7000084B010B55F
:10A77000044603A880E80E009DF81130012B1FD17C
:10A78000A36B23F48033A363E2681F4B1340E360A1
:10A79000E36823F44013E3609DF81830012B0AD0DE
:10A7A0002046FFF7BDFF9DF80E30012B1CD0BDE801
:10A7B000104004B07047E36843F48013E360EFE7B0
:10A7C000E36843F04003E3602046FFF7A9FF9DF8EC
:10A7D000153023B9A36B43F48033A363E3E7A36B82
:10A7E00023F48033A363DEE7E36D9BB2E365E26DA0
:10A7F000064B1343E365A36843F00603A360A36815
:10A8000043F02003A360D2E7BFFFBDFF0000EE03CB
:10A81000022A0AD00921C26822F47052C260C368B9
:10A8200043EA8123C36000207047204B0B44204A39
:10A83000934229D91F4B0B441F4A934226D91F4BE1
:10A840000B441F4A934223D91E4B0B441E4A93428A
:10A8500020D31E4B0B441E4A93421DD91D4B0B4463
:10A860001D4A93421AD31D4B0B441D4A934217D3E2
:10A870001C4B0B441C4A934214D31C4B0B441C4AE4
:10A88000934211D20721C6E70F21C4E70E21C2E788
:10A890000D21C0E70C21BEE70B21BCE70A21BAE776
:10A8A0000921B8E70821B6E70621B4E7405327FF9E
:10A8B000FF340C00401E1BFF3F420F0000DC0BFF6B
:10A8C0007F4F1200808CF9FE20D6130060B6E5FEA3
:10A8D0005FE3160000D3CEFE40771B00C05BB3FEE3
:10A8E000C091210000CA91FE20753800E05459FE45
:10A8F000E09C4100836843F00103836000207047BF
:10A90000836823F0010383600020704782B0002336
:10A910000193019B01330193019BB3F1706F15D833
:10A920000369002BF5DA00230193890141F020012E
:10A930000161019B01330193019BB3F1706F08D852
:10A94000036913F0200FF4D1002000E0032002B0CF
:10A9500070470320FBE782B000230193019B013382
:10A960000193019BB3F1706F13D80369002BF5DAE3
:10A970000023019310230361019B01330193019B89
:10A98000B3F1706F08D8036913F0100FF4D10020F1
:10A9900000E0032002B070470320FBE7D0F8003846
:10A9A0001943C0F8001800207047000084B0F8B5C3
:10A9B000044607A880E80E00002306E003F14002E9
:10A9C00004EB82020021516001330E2BF6D99DF871
:10A9D000266006BBD4F8043843F00203C4F80438F8
:10A9E000A36B23F40013A363236843F040032360A5
:10A9F000236843F0800323600023C4F8003E9DF8E1
:10AA00002130012B11D19DF81F304BB90021204678
:10AA1000FFF7C4FF0DE0A36B43F40013A363EBE760
:10AA200001212046FFF7BAFF03E003212046FFF78C
:10AA3000B5FF10212046FFF769FF054600B101254B
:10AA40002046FFF788FF00B1012504F5006C0023C4
:10AA5000CCF81030CCF81430CCF81C300AE0CBB96C
:10AA60004FF00060C2F8000900220A614FF67F3201
:10AA70008A6001339DF81C10994210D904EB4312EF
:10AA800002F51061D2F800090028E8DB0020C2F8C6
:10AA90000009E9E74FF09040C2F80009E4E700231D
:10AAA0000AE0BBB14FF09047C2F8007B0022026180
:10AAB0004FF67F3282600133994210D904EB431282
:10AAC00002F53060D2F8007B002FEADB0027C2F8E5
:10AAD000007BEBE74FF00067C2F8007BE6E7DCF8AD
:10AAE000103023F48073CCF810300023A3616FF092
:10AAF000804363619DF81E301BB9A36943F01003C6
:10AB0000A361A2690A4B1343A3619DF822301BB1D4
:10AB1000A36943F00803A361012E04D02846BDE8D1
:10AB2000F84004B07047A269024B1343A361F5E7F4
:10AB300000383C8004000040D0F8083813F00603C9
:10AB400005D0062B18BF022B03D10220704700202E
:10AB500070470F207047000010B591F800C04B7887
:10AB6000012B21D000F5006ED0F81C380CF00F043A
:10AB70000122A24043EA0243C0F81C3800EB4C100B
:10AB8000D0F8003B13F4004F0CD1D0F8002B8B68A9
:10AB9000C3F30A03097943EA81431343144A1A436E
:10ABA000C0F8002B002010BDD0F81C280CF00F0EB0
:10ABB00003FA0EF39BB21343C0F81C3800EB4C10A1
:10ABC000D0F8003913F4004FECD1D0F800298B688D
:10ABD000C3F30A03097943EA814343EA8C5C42EAFE
:10ABE0000C0C034B4CEA0303C0F80039DAE700BF52
:10ABF0000080001030B40B784A78012A26D000EB90
:10AC00004313D3F8002B002A52DBD0F83C480A78D3
:10AC100002F00F024FF0010C0CFA02F224EA024299
:10AC2000C0F83C28D0F81C28097801F00F010CFA74
:10AC300001FC22EA0C42C0F81C28D3F8001B234A6E
:10AC40000A40C3F8002B002030BC704700EB4313D0
:10AC5000D3F80029002A1EDBD0F83C580A7802F00D
:10AC60000F02012404FA02F292B225EA0202C0F8AD
:10AC70003C28D0F81C28097801F00F018C40A4B2C0
:10AC800022EA0404C0F81C48D3F80019104A0A400C
:10AC9000C3F80029D7E7D3F8002942F00062C3F8CF
:10ACA0000029D3F8002942F08042C3F80029D3E7F5
:10ACB000D3F8002B42F00062C3F8002BD3F8002B2E
:10ACC00042F08042C3F8002B9FE700BF0078F3EF0B
:10ACD000007833EC10B483B0024600230193487827
:10ACE00001280BD00B7802EB4313D3F8000B00289C
:10ACF0002DDB002003B05DF8044B70470B7802EBAE
:10AD00004313D3F80049002C01DB0020F2E7D3F80D
:10AD1000004944F00064C3F800490B7802EB431388
:10AD2000D3F8004944F08044C3F80049019B013343
:10AD30000193019C42F210739C42DBD80B7802EB2A
:10AD40004313D3F80039002BF0DB0020D2E7D3F80F
:10AD5000000B40F00060C3F8000B0B7802EB4313CC
:10AD6000D3F8000B40F08040C3F8000B019B013387
:10AD70000193019842F21073984208D80B7802EBC5
:10AD80004313D3F8003B002BF0DB0020B2E7012097
:10AD9000B0E710B59DF8084084B903334FEA930E2D
:10ADA0004FF0000C08E000EB023303F5805351F83C
:10ADB000044B1C600CF1010CF445F4D3002010BDD1
:10ADC000F0B583B00C784B78012B2DD000EB441CF0
:10ADD0000CF530631E69894D35401D611E69884D33
:10ADE00035401D61002C40F0CD800C690CB18C68A1
:10ADF0000C618C680C621D69C4F312042C431C6145
:10AE00001C6944F400241C61012A00F0DE800B79E7
:10AE1000012B00F0E080DCF8003B43F00443CCF869
:10AE2000003B002003B0F0BD0B6973BB00EB441383
:10AE3000D3F81069724D3540C3F81059D3F8105942
:10AE400045F40025C3F81059D3F810696B4D35400F
:10AE5000C3F81059012A53D000EB4414D4F8003938
:10AE600043F00443C4F800390B79012B71D00B690E
:10AE7000002BD6D0D0F834380A7802F00F01012226
:10AE80008A401343C0F83438CBE700EB441303F592
:10AE900010631E69594D35401D611E69584D35407E
:10AEA0001D617CB90E698D68AE4200D90D611D69C6
:10AEB00045F400251D611D690E69C6F31206354370
:10AEC0001D61C7E70E698F68F519013DB5FBF7F500
:10AED0001E691FFA85FC4B4F07EAC54535431D61C6
:10AEE0000D79012DE7D11D6925F0C0451D611D6952
:10AEF0004FEA4C7C0CF0C04C45EA0C051D61DAE7CA
:10AF0000CB691BB100EB4412C2F814390B79012B49
:10AF100008D000EB4410D0F8003943F00443C0F8E7
:10AF200000397EE7D0F8083813F4807F08D100EBB1
:10AF30004412D2F8003943F00053C2F80039E8E770
:10AF400000EB4412D2F8003943F08053C2F80039C4
:10AF5000DFE7D0F8083813F4807F0CD1D4F800393B
:10AF600043F00053C4F8003900920B8A0A78C9688C
:10AF7000FFF70FFF55E7D4F8003943F08053C4F8CA
:10AF80000039F1E70C6954B91C698D68C5F31205E5
:10AF90002C431C611C6944F400241C6134E78D6857
:10AFA0002C44013CB4FBF5F4A4B204FB05F50D629E
:10AFB0001D69144E06EAC4442C431C611C690D6AC9
:10AFC000C5F312052C431C611EE7CA68002A3FF432
:10AFD0001EAF5A611BE7D0F8083813F4807F06D102
:10AFE000DCF8003B43F00053CCF8003B13E7DCF8FF
:10AFF000003B43F08053CCF8003B0CE70000F8FF27
:10B00000FFFF07E00000F81F00B583B08446084644
:10B010004FEA920E02F00302002305E00CF5805186
:10B02000096840F8041B01337345F7D39AB10CF556
:10B03000805CDCF8003001934FF0000C5FFA8CF379
:10B04000D900019BCB4000F8013B0CF1010C013A07
:10B0500092B2002AF2D103B05DF804FB0B784A7873
:10B06000012A14D000EB4310D0F8002B002A06DB95
:10B070002BB1D0F8003B23F08043C0F8003BD0F860
:10B08000003B43F40013C0F8003B0020704700EB86
:10B090004310D0F80029002A06DB2BB1D0F8003984
:10B0A00023F08043C0F80039D0F8003943F400138E
:10B0B000C0F80039E9E70B784A78012A0ED000EB96
:10B0C0004310D0F8003B23F40013C0F8003B0B7989
:10B0D000023BDBB2012B15D90020704700EB431077
:10B0E000D0F8003923F40013C0F800390B79023B83
:10B0F000DBB2012BF0D8D0F8003943F08053C0F810
:10B100000039E9E7D0F8003B43F08053C0F8003B3A
:10B11000E2E7D0F8003823F4FE63C0F80038D0F836
:10B120000038090101F4FE611943C0F8001800203D
:10B130007047D0F8003E23F00303C0F8003ED0F87B
:10B14000043823F00203C0F8043800207047D0F818
:10B15000003E23F00303C0F8003ED0F8043843F06B
:10B160000203C0F80438002070474269806910402B
:10B170007047D0F8183800F50060C0691840000C1E
:10B180007047D0F8183800F50060C069184080B2E8
:10B19000704700EB4111D1F8082B00F500604069C1
:10B1A0001040704710B4D0F81048D0F8343801F08F
:10B1B0000F02D340DB01DBB2234300EB411000F56B
:10B1C0001060806818405DF8044B7047406900F0DB
:10B1D0000100704738B50546C36823F0C043C3601B
:10B1E000012913D019BBC36843F08043C360002416
:10B1F0000A20F7F757FD0A342846FFF7E7FF08B1A2
:10B20000C72CF5D9C82C14D0002038BDC36843F032
:10B210000053C36000240A20F7F744FD0A3428468F
:10B22000FFF7D4FF0128EDD0C72CF4D9EAE70120BD
:10B23000EBE70120E9E70000D0F80029054B1340B7
:10B24000C0F80039D0F8043843F48073C0F80438EB
:10B250000020704700F8FFFF10B4046C154B9C42AF
:10B2600003D9D0F8003B002B16DB0024C0F8104BAC
:10B27000D0F8104B44F40024C0F8104BD0F8104B19
:10B2800044F01804C0F8104BD0F8104B44F0C04400
:10B29000C0F8104B012903D000205DF8044B704723
:10B2A000C0F8142BD0F8003B43F08023C0F8003BDB
:10B2B000F2E700BF0A30544F10B5D0F8D43203F192
:10B2C000B00250F822408CB100EB820043687BB1A1
:10B2D00094F80002FF280DD09B6894F801222146C3
:10B2E0009847FF2384F80032002010BD0320FCE7BC
:10B2F0000020FAE70020F8E70A230380004870479F
:10B300008C000024F8B506460F4F8221384600F025
:10B3100041FC05460121384600F03CFC04468121F1
:10B32000384600F037FC0DB11022AA711CB1402242
:10B3300022710022627118B1402202710022427112
:10B34000432333800048F8BD48000024F8B5064682
:10B350000F4F8221384600F01DFC0546012138467A
:10B3600000F018FC04468121384600F013FC0DB1B2
:10B370001022AA711CB1402222710022627118B100
:10B380004022027100224271432333800048F8BDFD
:10B3900048000024F8B506460F4F8221384600F0D9
:10B3A000F9FB05460121384600F0F4FB04468121F3
:10B3B000384600F0EFFB0DB11022AA711CB100223B
:10B3C00022710222627118B10022027102224271BE
:10B3D000432333800048F8BD4800002438B5D0F836
:10B3E000D432B03350F8235095B1044603F09AFF9D
:10B3F000C5F80C02D4F8D432B03304EB830463688C
:10B40000DB6805F50371D5F804029847002038BDC4
:10B410000320FCE738B5D0F8C852D0F8D432B033A6
:10B4200050F8234084B301F00F0303EB830200EBD9
:10B43000820292694AB103EBC30C05EB8C05ED69FE
:10B44000B2FBF5FC05FB1C2292B10023C4F81432B8
:10B45000D0F8D432B03300EB830043681B69ABB142
:10B460000A4604F50471D4F808029847002038BD54
:10B4700003EB830300EB830300249C6123462246F5
:10B4800003F098FF2046F2E70320F0E70020EEE704
:10B49000F0B583B0D0F8D43203F1B00250F8227086
:10B4A00000228DF80720ADF80420002F7BD0044641
:10B4B0000D46097811F0600634D0202E6CD1EA8850
:10B4C0002AB311F0800F07D16B7887F80032EA8831
:10B4D0003F2A13D8D2B212E0B03300EB83035B688B
:10B4E0009B68394668789847EA88072A28BF072268
:10B4F0003946204600F017FF002651E0402287F829
:10B5000001223946204600F023FF002648E0B033F0
:10B5100000EB830463689B6800222946687898479B
:10B5200000263DE06F780B2F31D8DFE807F00639B1
:10B530003030303030303030162690F89C32DBB26C
:10B54000032B04D0294600F062FB032628E00222E8
:10B5500001A900F0E8FE3E4622E090F89C32DBB202
:10B56000032B04D0294600F052FB032618E00122E9
:10B570000DF1070100F0D7FE12E090F89C32DBB22B
:10B58000032B0DD0294600F042FB032608E0294694
:10B5900000F03DFB032603E0294600F038FB0326BC
:10B5A000304603B0F0BD0326FAE738B504468121E2
:10B5B00003F0E0FE002525870121204603F0DAFE96
:10B5C000A4F878518221204603F0D4FEA4F84C5010
:10B5D000A4F84E50D4F8D43203F1B00254F822202B
:10B5E0009AB1B03304EB83035B685B689847D4F887
:10B5F000D432B03354F8230003F09EFED4F8D43292
:10B60000B03344F82350C4F8BC52002038BD70B5A4
:10B6100004464FF4077003F08BFE002849D005461E
:10B620004FF4077200210BF053F9D4F8D432B03341
:10B6300044F82350C4F8BC52237C002B41D14FF472
:10B64000007302228121204603F089FE012626870D
:10B650004FF4007302223146204603F080FEA4F826
:10B6600078611023A4F84E3008230322822120465B
:10B6700003F075FE0123A4F84C300026C5F80462DF
:10B68000D4F8D432B03304EB83035B681B6898476B
:10B69000C5F81462C5F81862D5F8042262B3257C97
:10B6A0001DBB4FF400730121204603F08BFE28469A
:10B6B00070BDD4F8D432B033002244F823200225E0
:10B6C000F5E7402302228121204603F048FE0126AF
:10B6D0002687402302223146204603F040FEA4F88C
:10B6E00078611023A4F84E30BEE7402301212046A4
:10B6F00003F068FE0025DAE70225D8E739B1D0F873
:10B70000D432B03300EB8300416000207047032047
:10B710007047D0F8D432B03350F823302BB1C3F88F
:10B720000812C3F810220020704703207047D0F899
:10B73000D432B03350F823301BB1C3F804120020C8
:10B7400070470320704708B5D0F8D432B03350F8B2
:10B7500023209AB1D2F814320BB1012008BD012385
:10B76000C2F81432D2F81032C362D2F81032D2F8D2
:10B770000822812103F01EFE0020EFE70320EDE701
:10B7800010B5D0F8D432B03350F8232092B1047CF5
:10B7900044B94FF40073D2F80422012103F012FEE1
:10B7A000204610BD4023D2F80422012103F00AFEF6
:10B7B0000024F5E70324F3E798B108B50346002019
:10B7C000C3F8B802C3F8C402C3F8D00209B1C3F881
:10B7D000B412012183F89C121A70184603F054FD2C
:10B7E00008BD0320704710B582B00023ADF80630C5
:10B7F00089B10446C0F8B812CB6A23B10DF1060036
:10B800009847C4F8D002D4F8D8320133C4F8D832FB
:10B81000002002B010BD0320FBE708B503F097FD40
:10B8200008BD08B5D0F8B83213B11B68984708BDF9
:10B830000020FCE708B5D0F8B8325B68984700B93B
:10B8400008BD0320FCE738B5044600F2AA252846C7
:10B8500000F0C9F90123C4F89432B4F8B032C4F846
:10B86000983294F8AA1201F01F03012B0DD0022B7D
:10B8700010D02BB101F08001204603F083FD03E0DE
:10B880002946204600F096FB38BD2946204600F0A8
:10B89000CCFBF9E72946204600F009FCF4E7F8B5AF
:10B8A0000446012380F89C320023C0F894324360A0
:10B8B000C0F8A43280F8A032D0F8B832DBB15B68AF
:10B8C000DBB1002198470746C8B940230022114642
:10B8D000204603F044FD0126A4F864614025C4F825
:10B8E00060512B4600228021204603F038FDA684BB
:10B8F00025623846F8BD0027E7E70027E5E703277C
:10B90000E3E701740020704790F89C32DBB2042B0F
:10B9100004D090F89C32DBB280F89D32042380F88A
:10B920009C320020704790F89C32DBB2042B01D08F
:10B930000020704790F89D32DBB280F89C32F7E728
:10B9400008B590F89C32DBB2032B01D0002008BD73
:10B95000D0F8B832002BF9D0DB69002BF6D098472D
:10B96000F4E708B5D0F8D432AE3350F823205AB1FA
:10B9700090F89C32DBB2032B01D0002008BD136A83
:10B9800023B198470020F9E70320F7E70020F5E707
:10B9900008B5D0F8D432AE3350F823205AB190F81D
:10B9A0009C32DBB2032B01D0002008BD536A23B1C7
:10B9B00098470020F9E70320F7E70020F5E700208B
:10B9C000704708B5012380F89C32D0F8B83223B113
:10B9D0005B680179984710B908BD0020FCE7032097
:10B9E000FAE7002070470020704738B504460D463E
:10B9F000002943D11346D0F89422032A01D00846E7
:10BA000038BDD0F85C11D0F86021914212D890F87E
:10BA1000AA3203F01F03012B17D0022B1CD028469B
:10BA200094F89C32DBB2032B1BD0204600F0A7FC1D
:10BA30002846E5E7891AC0F85C118A4228BF0A4601
:10BA4000194600F094FC2846DAE790F8AE12FFF7AA
:10BA5000C8FF0028E9D1E3E790F8AE12FFF7C3FF73
:10BA6000F7E700F1AE0354F823301A69002ADCD05E
:10BA7000C4F8D4021B6920469847D6E701F07F013D
:10BA8000FFF7B1FF90B994F89C32DBB2032BB7D12A
:10BA900000F1AE0354F823309A69002AB0D0C4F8FC
:10BAA000D4029B69294620469847A9E70020A7E7CA
:10BAB00038B504460D4600294BD11346D0F89422E0
:10BAC000022A07D094F8A00218B1002384F8A0320B
:10BAD000284638BDC269016A8A420ED88A4218D007
:10BAE00094F89C32DBB2032B27D08021204603F050
:10BAF00049FC204600F04EFCE4E7521AC2611946A8
:10BB000000F01EFC00231A461946204603F05AFC9A
:10BB1000D8E783699942E3D8D0F898229342DFD2DC
:10BB20000022114600F00CFC0021C4F898120B46CC
:10BB30000A46204603F046FCC4E7D4F8B832DA6877
:10BB4000002AD2D00022C4F8D422DB6820469847CD
:10BB5000CBE741F08001FFF746FF90B994F89C32A3
:10BB6000DBB2032BB5D100F1AE0354F823305A6990
:10BB7000002AAED0C4F8D4025B6929462046984713
:10BB8000A7E70020A5E703780A8813440B80037811
:10BB900018447047428803789A4218D930B583B068
:10BBA00004460D46ADF806306288BDF806309A426C
:10BBB0000AD90DF10601FFF7E6FF4378052BF3D113
:10BBC0008378AB42F0D100E0002003B030BD00200C
:10BBD00070470346002002E00130C0B201331A78FA
:10BBE000002AF9D170470B7803704B7843708B783B
:10BBF000CA7843EA022343800B794A7943EA022355
:10BC000083808B79CA7943EA0223C380704710B5D9
:10BC10000446802103F0B6FB0021204603F0B2FB6E
:10BC200010BD30B583B004460D460023ADF8063094
:10BC30004A88130A013B0E2B00F2BC80DFE803F0B8
:10BC4000153044BABA9EABBABABABABABABA080090
:10BC5000D0F8B432DB6923B10DF10601007C9847BE
:10BC60000AE02946FFF7D3FF18E0D0F8B4321B688A
:10BC70000DF10601007C9847EA88002A00F0A380B5
:10BC8000BDF80630002B00F099809A4228BF1A4672
:10BC9000ADF806200146204600F045FB03B030BD5C
:10BCA000037C43B9D0F8B8329B6A0DF1060098477F
:10BCB00002234370E0E7D0F8B832DB6A0DF10600EA
:10BCC000984702234370D7E7D2B2052A52D8DFE85B
:10BCD00002F003101D2A3744D0F8B4325B6823B158
:10BCE0000DF10601007C9847C6E72946FFF78FFF54
:10BCF000D4E7D0F8B4329B6823B10DF10601007C83
:10BD00009847B9E72946FFF782FFC7E7D0F8B43272
:10BD1000DB6823B10DF10601007C9847ACE72946AA
:10BD2000FFF775FFBAE7D0F8B4321B6923B10DF104
:10BD30000601007C98479FE72946FFF768FFADE7BB
:10BD4000D0F8B4325B6923B10DF10601007C98474D
:10BD500092E72946FFF75BFFA0E7D0F8B4329B6972
:10BD600023B10DF10601007C984785E72946FFF7CE
:10BD70004EFF93E72946FFF74AFF8FE7037C33B96D
:10BD8000D0F8B8325B6B0DF10600984774E729468E
:10BD9000FFF73DFF82E7037C43B9D0F8B8321B6B55
:10BDA0000DF1060098470723437065E72946FFF722
:10BDB0002EFF73E72946FFF72AFF6FE72946204643
:10BDC000FFF725FF6AE7204600F0D9FA66E738B5A5
:10BDD00004468B88FBB9CB88EBB94B887F2B1AD8EC
:10BDE00003F07F0590F89C32DBB2032B0CD080F877
:10BDF0009E52294603F0D6FA204600F0C0FA35B12B
:10BE0000022384F89C3209E0FFF701FF06E00123DA
:10BE100084F89C3202E02046FFF7F9FE38BD0000AE
:10BE200070B504460E468D782F4B1D70012D10D82D
:10BE300090F89C32DBB2022B0FD0032B26D0FFF7F9
:10BE4000E6FE294B19782046FFF7F4FC0325284627
:10BE500070BDFFF7DCFE0325F9E7A5B14560294673
:10BE6000FFF7DFFC054638B131462046FFF7CFFE2D
:10BE7000022384F89C32EAE7204600F080FA03238C
:10BE800084F89C32E3E700F07AFAE0E7CDB141684C
:10BE90008D4225D0C9B2FFF7CDFC134B19786160F4
:10BEA0002046FFF7BEFC0546B0B131462046FFF7FD
:10BEB000AEFE21792046FFF7BDFC022384F89C32B8
:10BEC000C5E7022380F89C3245602946FFF7B2FCA3
:10BED000204600F054FABAE7204600F050FAB6E7E0
:10BEE00000F04DFA0025B2E78828002408B5CB8879
:10BEF000012B0BD190F89C32DBB2022B09D9032B1A
:10BF000009D10122011D00F00EFA01E0FFF77FFECA
:10BF100008BD5BB213B9FFF77AFEF9E701460023CB
:10BF200041F8083F012200F0FEF9F1E708B590F86A
:10BF30009C32013B022B12D8CB88022B0CD101235F
:10BF4000C360D0F8A4320BB10323C360022200F116
:10BF50000C0100F0E8F908BDFFF759FEFBE7FFF719
:10BF600056FEF8E708B54B88012B04D0022B07D00A
:10BF7000FFF74DFE08BDC0F8A43200F000FAF9E763
:10BF80008B881B0A80F8A03200F0F9F9F2E708B5B7
:10BF900090F89C32013B022B09D84B88012B00D032
:10BFA00008BD0023C0F8A43200F0E9F9F8E7FFF774
:10BFB0002EFEF5E738B50C7804F06004202C06D08E
:10BFC000402C04D06CB1FFF722FE002407E0D0F82B
:10BFD000D432AE3350F823309B689847044620464D
:10BFE00038BD4D78092D1DD8DFE805F012191C1653
:10BFF0001C08051C0F0BFFF714FEF0E7FFF7E7FE28
:10C00000EDE7FFF70DFF0446E9E7FFF76FFFE6E70F
:10C01000FFF78CFF2C46E2E7FFF7A4FFDFE7FFF70F
:10C02000B6FFDCE7FFF7F3FDD9E770B505460C4630
:10C030000B7803F06003202B07D0402B05D023B1F1
:10C04000FFF7E5FD0026304670BD95F89C32013BB8
:10C05000022B26D82179012905D921462846FFF748
:10C06000D6FD0026EFE72846FFF7BBFC68B900F1D4
:10C07000AE0255F82220916889B1C5F8D4029368C0
:10C08000214628469847064600E00326E388002B11
:10C09000D9D1002ED7D1284600F071F9D3E7032675
:10C0A000F4E721462846FFF7B2FD0026CBE72DE94D
:10C0B000F04106460D468B88DFB20C7804F0600430
:10C0C000202C08D0402C06D0DCB1FFF7A0FD0024C6
:10C0D0002046BDE8F08139463046FFF784FC04462F
:10C0E000002840F0F980C6F8D40200F1AE0356F8FB
:10C0F00023309B68002BEBD02946304698470446F6
:10C10000E6E791F80180B8F1010F31D0B8F1030FE3
:10C1100005D0B8F1000F66D0FFF779FDD8E790F8A9
:10C120009C32DBB2022B04D0032B11D0FFF76FFD42
:10C13000CEE7002F18BF802F07D0394603F022F931
:10C140008021304603F01EF9C2E7FFF760FDBFE72C
:10C150004B882BB9002F18BF802F01D0CB881BB183
:10C16000304600F00CF9B3E7394603F00BF9F7E776
:10C1700090F89C32DBB2022B04D0032B11D0FFF7D6
:10C1800046FDA5E7002F18BF802F07D0394603F0E2
:10C19000F9F88021304603F0F5F899E7FFF737FD0D
:10C1A00096E74B88002B93D117F07F0F17D13046BD
:10C1B00000F0E5F839463046FFF715FC002887D136
:10C1C000C6F8D40200F1AE0256F822209268002A86
:10C1D00000F08480294630469047044678E7394687
:10C1E00003F0D8F8E3E790F89C22D2B2022A05D0F7
:10C1F000032A28D0FFF70BFD444669E7002F18BF3C
:10C20000802F13D113F0800F14D107F07F0707EBB5
:10C210008707B90001F5A8710144043100230B60C0
:10C220000222304600F07FF8444651E7FFF7EFFC6A
:10C2300044464DE707F07F0707EB8707B900103149
:10C2400001440431EAE75BB2002B20DB07F00F0268
:10C2500002EB820200EB8202B2F8642122B3002BCF
:10C2600026DB07F07F0303EB83039C0004F5A8742F
:10C2700034440434802F18BF002F22D100232360C0
:10C2800002222146304600F04EF8444620E707F0EF
:10C290000F0202EB820200EB8202928C002ADED1B6
:10C2A000FFF7B5FC444613E7FFF7B1FC44460FE740
:10C2B00007F07F0303EB83039C0010343444043401
:10C2C000D8E73946304603F017F810B10123236050
:10C2D000D6E700232360D3E70024F9E60446F7E617
:10C2E00000B370B50D4616460446FFF772FC0130E8
:10C2F0004300B3F5007F06D89BB233802B70032335
:10C300006B7002230AE04FF40073F6E7EA5401343D
:10C310005A1CD2B20021A9540233DBB22278002A7F
:10C32000F4D170BD704708B513460222C0F89422BC
:10C330008361C3610A46002103F03CF8002008BD78
:10C3400008B513460A46002103F034F8002008BD62
:10C3500008B513460322C0F89422C0F85831C0F83B
:10C360005C310A46002103F02DF8002008BD08B515
:10C3700013460A46002103F025F8002008BD08B541
:10C380000422C0F8942200231A46194603F012F83A
:10C39000002008BD08B50522C0F8942200231A46E3
:10C3A000194603F00FF8002008BD842801D003309F
:10C3B000704700207047EFF30580003818BF012058
:10C3C000704708B501F060FC002008BD08B5FFF714
:10C3D000F2FF10B101F0BCFC08BD01F0B3FCFBE7BB
:10C3E0002DE9F04387B004460F464569BDB1866923
:10C3F000AEB1D0F80480D0F80090B0F90800FFF793
:10C40000D4FF0296019500903B462269494640467A
:10C4100001F0C8FB0590059807B0BDE8F08365689A
:10C420002668D4F81080B4F90800FFF7BEFF05AB0A
:10C43000019300903B461FFA88F23146284601F0EE
:10C44000EEFB0128E7D00020E6E708B5416819B106
:10C45000012000F0AAFE08BD012000F09BFEFAE7D3
:10C4600010B582B0426892B1012906D0084600F0AA
:10C4700063FD0446204602B010BD0323009313461B
:10C4800000221146012000F0E0FC0446F2E70129F9
:10C4900004D0084600F073FD0446EBE703220021B8
:10C4A000012000F025FD04460028E3D000231A46B1
:10C4B000194600F082FDDDE770B582B000230193DC
:10C4C00018B30C460646FFF776FF0546A0B101AA51
:10C4D0000021304601F0E2F8012818D1019D8DB10C
:10C4E0004FF0E0234FF08052C3F8042DBFF34F8F7D
:10C4F000BFF36F8F002505E02146304600F0FBFFBB
:10C50000012806D1284602B070BD8025FAE7FF2534
:10C51000F8E7FF25F6E710B582B004460023019343
:10C52000FFF749FF98B101A9204600F0CEFE01288F
:10C530001AD1019BD3B14FF0E0234FF08052C3F8E2
:10C54000042DBFF34F8FBFF36F8F002008E000234F
:10C550001A461946204600F030FD012802D0FF207F
:10C5600002B010BD0020FBE7FF20F9E70020F7E74D
:10C5700000F1080343604FF0FF328260C360036143
:10C5800000230360704700230361704743684B60DA
:10C590009A688A605160996008610368013303609A
:10C5A000704730B40D68B5F1FF3F11D000F10803BA
:10C5B0001C465B681A68AA42FAD963684B609960A6
:10C5C0008C606160086103680133036030BC7047B0
:10C5D0000469F2E70369416882688A6041685160D2
:10C5E0005A68824206D0002202611A68013A1A6033
:10C5F0001868704782685A60F5E7000082B000232F
:10C6000001930D4B1B68B3F1FF3F08D04FF050036F
:10C6100083F31188BFF36F8FBFF34F8FFEE74FF0A7
:10C62000500383F31188BFF36F8FBFF34F8F019BCC
:10C63000002BFCD002B07047980000240848006826
:10C64000006880F308884FF0000080F3148862B619
:10C6500061B6BFF34F8FBFF36F8F00DF00BF0000E5
:10C6600008ED00E0DFF80C00016841F470010160A2
:10C670007047000088ED00E04FF0807340F8043C04
:10C6800021F0010140F8081C054B40F80C3C40F833
:10C69000202C6FF0020340F8243C4438704700BF60
:10C6A000FDC50008000000000000000000000000C0
:10C6B000074B19680868B0E8F04F80F30988BFF3AA
:10C6C0006F8F4FF0000080F311887047AFF3008048
:10C6D000303603244FF0500383F31188BFF36F8F7C
:10C6E000BFF34F8F0B4A136801331360012B00D047
:10C6F00070474FF0E023D3F8043D13F0FF0FF7D05D
:10C700004FF0500383F31188BFF36F8FBFF34F8F48
:10C71000FEE700BF98000024094B1B6843B94FF0A7
:10C72000500383F31188BFF36F8FBFF34F8FFEE782
:10C73000013B034A13600BB983F31188704700BFB4
:10C74000980000240000000000000000000000002D
:10C75000EFF30980BFF36F8F154B1A681EF0100FAF
:10C7600008BF20ED108A20E9F04F10602DE9090084
:10C770004FF0500080F31188BFF34F8FBFF36F8FDE
:10C7800001F06EFC4FF0000080F3118809BC1968BD
:10C790000868B0E8F04F1EF0100F08BFB0EC108A28
:10C7A00080F30988BFF36F8F704700BFAFF300803D
:10C7B0003036032408B54FF0500383F31188BFF3DC
:10C7C0006F8FBFF34F8F01F0CBFA28B14FF0E0230A
:10C7D0004FF08052C3F8042D002383F3118808BD65
:10C7E0004FF0E022002313619361054B1B6805495C
:10C7F000A1FB03139B09013B53610723136170479E
:10C8000000000024D34D62104FF0E023D3F8002D38
:10C810003D4B9A421CD04FF0E023D3F8002D3B4B08
:10C820009A421ED030B583B0394B1A78D2B20192F9
:10C83000FF221A701B78DBB28DF803309DF80330AD
:10C8400003F05003334A1370334B07221A601BE086
:10C850004FF0500383F31188BFF36F8FBFF34F8FF7
:10C86000FEE74FF0500383F31188BFF36F8FBFF3E0
:10C870004F8FFEE7284A1368013B13609DF8033091
:10C880005B00DBB28DF803309DF8033013F0800FAE
:10C89000F0D1214B1B68032B08D04FF0500383F3DA
:10C8A0001188BFF36F8FBFF34F8FFEE71B021A4A49
:10C8B000136003F4E0631360019BDBB2144A13704E
:10C8C0004FF0E024D4F8203D43F47003C4F8203D39
:10C8D000D4F8203D43F07043C4F8203DFFF780FFBB
:10C8E00000250E4B1D60FFF7BDFED4F8343F43F02A
:10C8F0004043C4F8343FFFF7A1FE01F0B1FBFFF75E
:10C900007DFE284603B030BD71C20F4170C20F4199
:10C9100000E400E0892800248C28002498000024EA
:10C92000EFF305830F2B0FD9114A9B5CDBB2114A41
:10C9300012789A4208D94FF0500383F31188BFF35D
:10C940006F8FBFF34F8FFEE74FF0E023D3F80C3D1E
:10C9500003F4E063084A1268934208D94FF0500389
:10C9600083F31188BFF36F8FBFF34F8FFEE77047DC
:10C97000F0E300E0892800248C280024124A12F0F9
:10C98000070F1ED0D11D21F00701104B5B1A134475
:10C990000A460F480260002141601344083B23F01F
:10C9A00007030C48036059601960991A51601360BD
:10C9B000094B1960094B1960094B4FF000421A608E
:10C9C0007047024BE5E700BF94280024400D0300A8
:10C9D000E835032490280024DC350324D8350324CB
:10C9E000D4350324164B1A461B688342FBD3516887
:10C9F00002EB010C844509D0416800EB010C634552
:10CA000009D00360904219D010607047406801441B
:10CA100051601046F0E710B40A4C2468A3420BD0D2
:10CA20005B681944416013681B680360904200D042
:10CA300010605DF8044B70470460F7E7704700BF73
:10CA4000E83503249028002470B5054601F072F9FA
:10CA5000364B1B68A3B1364B1B681D424ED135B116
:10CA6000083515F0070F02D025F007050835002D11
:10CA700046D0304B1B68AB4251D32F4A146804E0B8
:10CA8000FFF77CFFE7E722461C466368AB4202D211
:10CA90002368002BF7D1254B1B68A34241D01668B1
:10CAA00008362368136063685B1B102B10D960196C
:10CAB00010F0070F08D04FF0500383F31188BFF335
:10CAC0006F8FBFF34F8FFEE743606560FFF78AFF0C
:10CAD000626818490B689B1A0B60184909688B42F9
:10CAE00001D216490B60124B1B681343636000238D
:10CAF0002360134A13680133136002E0002600E04C
:10CB0000002601F0B9F916F0070F0CD04FF05003D2
:10CB100083F31188BFF36F8FBFF34F8FFEE70026BB
:10CB2000EFE70026EDE7304670BD00BF90280024F7
:10CB3000D4350324D8350324E8350324DC35032415
:10CB4000E0350324002834D038B50446A0F10805A8
:10CB500050F8043C174A1268134208D14FF05003B2
:10CB600083F31188BFF36F8FBFF34F8FFEE750F849
:10CB7000081C41B14FF0500383F31188BFF36F8F4E
:10CB8000BFF34F8FFEE723EA020340F8043C01F0B5
:10CB9000D1F854F8041C084A13680B441360284663
:10CBA000FFF720FF054A13680133136001F064F9B1
:10CBB00038BD7047D4350324D8350324E435032425
:10CBC0000346406A18B11B6B1868C0F10700704734
:10CBD00010B50446FFF77EFDA26BE36B9A4204D0CA
:10CBE0000024FFF799FD204610BD0124F9E710B598
:10CBF0000446FFF76FFDA36B23B90124FFF78CFDFB
:10CC0000204610BD0024F9E770B504461546866B32
:10CC1000026C5AB903681BB100200136A66370BDCF
:10CC2000806801F0A3FB0023A360F6E76DB94068BC
:10CC3000F4F7BCFA226C636813446360A268934201
:10CC400019D3236863602846E7E7C068F4F7AEFAB3
:10CC5000226C5142E3689B1AE3602268934202D23D
:10CC6000A3680B44E360022D01D00020D5E726B174
:10CC7000013E0020D1E72846CFE70020CDE770B580
:10CC800082B00190846C64B1A26BE36B9A4211D3C1
:10CC90004FF0500383F31188BFF36F8FBFF34F8FB3
:10CCA000FEE74FF0500383F31188BFF36F8FBFF39C
:10CCB0004F8FFEE7A26B934203D80025284602B0AF
:10CCC00070BD94F8456076B2002201A92046FFF7B6
:10CCD0009BFF0546B6F1FF3F04D0731C5BB284F89E
:10CCE0004530EBE7636A002BE8D004F1240001F043
:10CCF0003DFA0028E2D00125E0E70346026C6AB164
:10CD000010B50846D9681144D9609C68A14201D386
:10CD10001968D960D968F4F749FA10BD704738B579
:10CD20000546FFF7D7FC95F8454064B208E06B6A0A
:10CD3000B3B105F1240001F019FA70B9013C64B2F5
:10CD4000002C0DDDAB6C002BF1D02846FFF797FFD0
:10CD50000028F3D001F09EFAF0E701F09BFAEDE72E
:10CD6000FF2385F84530FFF7D7FCFFF7B3FC95F8B4
:10CD7000444064B201E0013C64B2002C0ADD2B693E
:10CD800043B105F1100001F0F1F90028F3D001F0F2
:10CD900081FAF0E7FF2385F84430FFF7BDFC38BD8A
:10CDA00038B5E0B10D460446FFF794FC2368E26B0A
:10CDB000216C01FB0230A0600020A0636360013A97
:10CDC00002FB0133E360FF2384F8443084F84530EC
:10CDD000FDB9236963B9FFF79FFC012038BD4FF00F
:10CDE000500383F31188BFF36F8FBFF34F8FFEE7BC
:10CDF00004F1100001F0BAF90028ECD04FF0E02364
:10CE00004FF08052C3F8042DBFF34F8FBFF36F8FE5
:10CE1000E1E704F11000FFF7ABFB04F12400FFF79A
:10CE2000A7FBD8E738B51D46049C0B4659B92460CA
:10CE3000E063236401212046FFF7B2FF84F85050DD
:10CE40000023A36438BD2260F2E740B94FF05003DD
:10CE500083F31188BFF36F8FBFF34F8FFEE710B5D9
:10CE600084B01C4683B10B1E18BF0123002A08BFE3
:10CE700043F001038BB94FF0500383F31188BFF3E4
:10CE80006F8FBFF34F8FFEE74FF0500383F311888E
:10CE9000BFF36F8FBFF34F8FFEE7B1FA81F35B09EA
:10CEA000002A18BF43F0010343B94FF0500383F346
:10CEB0001188BFF36F8FBFF34F8FFEE754230393A7
:10CEC000039B542B08D04FF0500383F31188BFF31A
:10CED0006F8FBFF34F8FFEE7039B012384F846302B
:10CEE00000949DF81830FFF79DFF204604B010BD58
:10CEF00040B94FF0500383F31188BFF36F8FBFF336
:10CF00004F8FFEE7F0B583B00D461446064601FB91
:10CF100000F05430FFF798FD074650B1002380F829
:10CF200046300090234600F1540229463046FFF770
:10CF300079FF384603B0F0BD40B94FF0500383F39A
:10CF40001188BFF36F8FBFF34F8FFEE710B582B02C
:10CF50000C46884208D24FF0500383F31188BFF388
:10CF60006F8FBFF34F8FFEE702230093134600221B
:10CF70001146FFF76AFF00B1846302B010BD40B9EB
:10CF80004FF0500383F31188BFF36F8FBFF34F8FC0
:10CF9000FEE710B50C46884208D24FF0500383F3E9
:10CFA0001188BFF36F8FBFF34F8FFEE7022200217E
:10CFB000FFF79EFF00B1846310BDF0B585B001920C
:10CFC00088B10F461D460446B1B1022D20D1E36B56
:10CFD000012B1DD04FF0500383F31188BFF36F8FE7
:10CFE000BFF34F8FFEE74FF0500383F31188BFF379
:10CFF0006F8FBFF34F8FFEE7036C002BE5D04FF030
:10D00000500383F31188BFF36F8FBFF34F8FFEE799
:10D0100001F046F9064658B9019B002B65D04FF048
:10D02000500383F31188BFF36F8FBFF34F8FFEE779
:10D0300000265AE0A66B2A4639462046FFF7E4FD53
:10D04000A36CE3B1022D14BF00250125002E08BFFB
:10D05000002525B1FFF760FB012005B0F0BD20469B
:10D06000FFF70DFE0028F5D04FF0E0234FF080527F
:10D07000C3F8042DBFF34F8FBFF36F8FEAE7636AE6
:10D0800063B90028E6D04FF0E0234FF08052C3F898
:10D09000042DBFF34F8FBFF36F8FDBE704F1240044
:10D0A00001F064F80028D5D04FF0E0234FF0805213
:10D0B000C3F8042DBFF34F8FBFF36F8FCAE7FFF79D
:10D0C0002BFB0020C9E702A801F096F8012619E021
:10D0D000002384F8443021E0002384F8453023E025
:10D0E0002046FFF71CFE00F0C7FEFFF7F3FAA26B25
:10D0F000E36B9A429ED3022D9CD0019B002BDED085
:10D10000002EE0D0FFF708FB00F014FEFFF7E2FA74
:10D1100094F8442052B2B2F1FF3FD9D094F84520A0
:10D1200052B2B2F1FF3FD7D0FFF7F6FA01A902A839
:10D1300001F06EF8D8B92046FFF74AFD0028CFD09D
:10D14000019904F1100000F0DDFF2046FFF7E7FD34
:10D1500000F092FE0028C8D14FF0E0234FF080523B
:10D16000C3F8042DBFF34F8FBFF36F8FBDE7204689
:10D17000FFF7D5FD00F080FE00206EE748B108B54E
:10D18000002181600160C1600B460A46FFF715FF70
:10D1900008BD704710B5024600210120FFF7A8FE28
:10D1A0000446FFF7EBFF204610BD10B582B00B46DA
:10D1B0000090002211460120FFF747FE0446FFF7CA
:10D1C000DDFF204602B010BDA0B12DE9F0470F46AB
:10D1D00016461C460546B1B1022C20D1EB6B012B43
:10D1E0001DD04FF0500383F31188BFF36F8FBFF34F
:10D1F0004F8FFEE74FF0500383F31188BFF36F8F1B
:10D20000BFF34F8FFEE7036C002BE5D04FF05003C8
:10D2100083F31188BFF36F8FBFF34F8FFEE7FFF7E4
:10D220007FFBEFF311894FF0500383F31188BFF3B5
:10D230006F8FBFF34F8FAA6BEB6B9A4206D3022C12
:10D2400004D0002089F31188BDE8F08795F8458067
:10D250004FFA88F8D5F838A0224639462846FFF715
:10D26000D3FCB8F1FF3F06D008F101035BB285F8AB
:10D2700045300120E6E7AB6C93B1022C14BF0024CB
:10D280000124BAF1000F08BF00240CB10120D9E736
:10D290002846FFF7F4FC80B18EB101203060D1E761
:10D2A0006B6A0BB90120CDE705F1240000F05EFFA9
:10D2B00038B146B101203060C4E70120C2E7012047
:10D2C000C0E70120BEE70120BCE768B170B50D469C
:10D2D0000446036C8BB14FF0500383F31188BFF306
:10D2E0006F8FBFF34F8FFEE74FF0500383F311882A
:10D2F000BFF36F8FBFF34F8FFEE70368EBB1FFF70C
:10D300000FFBEFF311864FF0500383F31188BFF347
:10D310006F8FBFF34F8FA26BE36B934230D994F8BA
:10D3200045305BB20132A263B3F1FF3F11D001334C
:10D330005BB284F84530012023E08368002BDED007
:10D340004FF0500383F31188BFF36F8FBFF34F8FFC
:10D35000FEE7A36C3BB12046FFF791FCA0B1ADB155
:10D36000012028600DE0636A0BB9012009E004F197
:10D37000240000F0FBFE58B165B10120286000E0F8
:10D38000002086F3118870BD0120FAE70120F8E73C
:10D390000120F6E70120F4E7F0B585B0019290B1E5
:10D3A0000F460446C1B100F07BFF064600BB019B5F
:10D3B000002B5ED04FF0500383F31188BFF36F8FC3
:10D3C000BFF34F8FFEE74FF0500383F31188BFF395
:10D3D0006F8FBFF34F8FFEE7036C002BE3D04FF04E
:10D3E000500383F31188BFF36F8FBFF34F8FFEE7B6
:10D3F00000263EE039462046FFF77FFC013DA5634D
:10D40000236923B9FFF788F9012005B0F0BD04F1C5
:10D41000100000F0ABFE0028F4D04FF0E0234FF0F6
:10D420008052C3F8042DBFF34F8FBFF36F8FE9E72E
:10D43000FFF772F90020E8E702A800F0DDFE012600
:10D4400021E0002384F8443029E0002384F84530AB
:10D450002BE02046FFF763FC00F00EFD09E02046BC
:10D46000FFF75DFC00F008FD2046FFF7C0FB002839
:10D470003FD1FFF72FF9A56B002DBBD1019B002BEE
:10D48000D6D0002ED8D0FFF747F900F053FCFFF7B5
:10D4900021F994F844305BB2B3F1FF3FD1D094F856
:10D4A00045305BB2B3F1FF3FCFD0FFF735F901A9AB
:10D4B00002A800F0ADFE0028D1D12046FFF797FB6F
:10D4C0000028C6D0019904F1240000F01BFE20467C
:10D4D000FFF725FC00F0D0FC0028CAD14FF0E02374
:10D4E0004FF08052C3F8042DBFF34F8FBFF36F8FFF
:10D4F000BFE7002089E770B584B0019158B10446B8
:10D50000036C8BB14FF0500383F31188BFF36F8F1F
:10D51000BFF34F8FFEE74FF0500383F31188BFF343
:10D520006F8FBFF34F8FFEE700F0BAFE054650B98C
:10D53000019B5BB14FF0500383F31188BFF36F8FF2
:10D54000BFF34F8FFEE70026354655E0064653E011
:10D55000013BA36323683BB123694BB9FFF7DCF8B8
:10D560000126304604B070BD00F0B4FFA060F3E7C0
:10D5700004F1100000F0FAFD0028EFD04FF0E02396
:10D580004FF08052C3F8042DBFF34F8FBFF36F8F5E
:10D59000E4E746B14FF0500383F31188BFF36F8F78
:10D5A000BFF34F8FFEE7FFF7B7F8DAE702A800F006
:10D5B00023FE01252AE0002384F8443032E00023D2
:10D5C00084F8453034E0FFF785F8A06800F078FE75
:10D5D0000646FFF7A1F83BE02046FFF7A0FB00F06E
:10D5E0004BFC09E02046FFF79AFB00F045FC204683
:10D5F000FFF7FDFA002842D1FFF76CF8A36B002B70
:10D60000A6D1019B002BC4D0002DCFD0FFF784F80A
:10D6100000F090FBFFF75EF894F844305BB2B3F192
:10D62000FF3FC8D094F845305BB2B3F1FF3FC6D09E
:10D63000FFF772F801A902A800F0EAFD0028D1D195
:10D640002046FFF7D4FA0028C6D02368002BBAD0B2
:10D65000019904F1240000F055FD2046FFF75FFB1F
:10D6600000F00AFC0028C7D14FF0E0234FF08052B1
:10D67000C3F8042DBFF34F8FBFF36F8FBCE70EB914
:10D6800000266EE7FFF726F82046FFF799FA0146D5
:10D69000A06800F0C5FEFFF73FF8F1E72DE9F84379
:10D6A000B0B10D4616460446D9B1FFF739F9EFF38C
:10D6B00011884FF0500383F31188BFF36F8FBFF3CE
:10D6C0004F8FA76BCFB9002088F31188BDE8F8838E
:10D6D0004FF0500383F31188BFF36F8FBFF34F8F69
:10D6E000FEE7036C002BE0D04FF0500383F311886A
:10D6F000BFF36F8FBFF34F8FFEE794F844904FFA5C
:10D7000089F929462046FFF7F8FA013FA763B9F1E6
:10D71000FF3F06D009F101035BB284F844300120D9
:10D72000D2E723690BB90120CEE704F1100000F025
:10D730001DFD18B126B101203060C5E70120C3E707
:10D740000120C1E70023072B0CD8074A52F83320E9
:10D750000AB10133F7E7044A42F8331002EBC3037E
:10D7600058607047704700BFF035032470B5044619
:10D770000D461646FEF7AEFF94F844305BB2B3F1A7
:10D78000FF3F0DD094F845305BB2B3F1FF3F0BD0B3
:10D79000FEF7C2FFA36B5BB12046FFF7C0FA70BD76
:10D7A000002384F84430EDE7002384F84530EFE7A8
:10D7B0003246294604F1240000F0BCFCECE708B531
:10D7C00000220421FFF794FB08BD38B504460D463E
:10D7D000FEF780FFA36C23B10024FEF79DFF2046D7
:10D7E00038BDA36B13B9A5640124F6E70024F4E760
:10D7F00000B583B00A460023019301A9FFF7CCFDD1
:10D80000019803B05DF804FB084B1B681B6823B943
:10D81000074B4FF0FF321A607047044B1B68DB6800
:10D82000DB685A68024B1A60704700BF3436032425
:10D83000083703242DE9F04780460D4617469946E0
:10D84000089EDDF824A00A9C9200A521206B09F017
:10D850003FF8236B6FF040423A4403EB820727F016
:10D860000707002D65D04FF0000CBCF10F0F0BD84F
:10D8700015F80C2004EB0C0383F8342015F80C3059
:10D8800013B10CF1010CF0E7002384F84330062EAD
:10D8900000D90626E662E66400252565201DFEF710
:10D8A00072FE04F11800FEF76EFE2461C6F1070651
:10D8B000A6616462C4F8805484F884544FF485628D
:10D8C000294604F1580009F003F804F55173E365A3
:10D8D00004F56B73236604F214436366012200238C
:10D8E000C4E9402343F20E33A4F808314AF6CD339D
:10D8F000A4F80A3141F23423A4F80C314EF26D63DE
:10D90000A4F80E314DF6EC63A4F810310523A4F809
:10D9100012310B23A4F814314A4641463846FEF72B
:10D92000ABFE2060BAF1000F01D0CAF80040BDE89C
:10D93000F087002384F83430A9E7000038B50024CC
:10D9400007E004EB840293000E481844FEF710FE33
:10D950000134062CF5D90C4D2846FEF709FE0B4C78
:10D960002046FEF705FE0A48FEF702FE0948FEF7CC
:10D97000FFFD0948FEF7FCFD084B1D60084B1C60CD
:10D9800038BD00BF3C360324DC360324F0360324C4
:10D9900014370324403703242C370324343603245C
:10D9A0003836032410B50446FEF794FE224A136865
:10D9B00001331360214B1B685BB1214B1B686BB9B2
:10D9C0001E4B1B68DA6AE36A9A4207D81B4B1C603D
:10D9D00004E01A4B1C601368012B29D0194A136804
:10D9E000013313606364E06A01238340164A1168BF
:10D9F0000B43136000EB8000211D144B03EB8000F0
:10DA0000FEF7C4FDFEF788FE0D4B1B687BB10B4B88
:10DA10001B68DA6AE36A9A4209D24FF0E0234FF0BA
:10DA20008052C3F8042DBFF34F8FBFF36F8F10BD2B
:10DA3000FFF784FFD2E700BFC83603243036032443
:10DA400028370324D4360324D83603243C36032451
:10DA500010B50446583008F0BDFF94F8853463B122
:10DA6000012B11D0022B0ED04FF0500383F31188FD
:10DA7000BFF36F8FBFF34F8FFEE7206BFFF762F8A6
:10DA80002046FFF75FF810BD2046FFF75BF8FAE786
:10DA90000F4B1B68D3B110B5FEF71CFE0D4BDB68B6
:10DAA000DC68201DFEF796FD0B4A1368013B1360EE
:10DAB000074A1368013B1360FEF72EFE2046FFF76E
:10DAC000C7FF034B1B68002BE6D110BD704700BF9A
:10DAD000CC36032440370324C836032408B5FFF7A7
:10DAE000D7FF074B1B68012BF9D94FF0E0234FF00C
:10DAF0008052C3F8042DBFF34F8FBFF36F8FEEE753
:10DB00003C36032470B504460D461F4B1E681F4B60
:10DB100018680430FEF75EFD50B91C4B1B68DA6ACA
:10DB2000012303FA02F21A490B6823EA02030B608D
:10DB3000B4F1FF3F14BF00230123002D08BF0023D1
:10DB40006BB93444114B1B685C60A6420ED9114B73
:10DB500018680E4B19680431FEF723FD70BD0B4B9E
:10DB6000196804310C48FEF711FDF7E70B4B1868F4
:10DB7000064B19680431FEF714FD094B1B68A342DC
:10DB8000ECD9074B1C60E9E75437032430360324F3
:10DB9000D8360324383603242C37032434360324A0
:10DBA0000837032430B587B00B9C8CB10C9DC5B1F0
:10DBB0004FF491650495049DB5F5916F1AD04FF01F
:10DBC000500383F31188BFF36F8FBFF34F8FFEE7CE
:10DBD0004FF0500383F31188BFF36F8FBFF34F8F64
:10DBE000FEE74FF0500383F31188BFF36F8FBFF34D
:10DBF0004F8FFEE7049D0C9D2C63022485F885441D
:10DC000000240394029505AC01940A9C0094FFF74C
:10DC100011FE0C98FFF7C6FE059807B030BD2DE940
:10DC2000F04385B00746884614461E469000FEF72E
:10DC30000BFF08B381464FF49160FEF705FF0546E0
:10DC4000B0B1C0F83090E5B1002385F88534039376
:10DC500002950D9B01930C9B00933346224641464F
:10DC60003846FFF7E7FD2846FFF79CFE012005E058
:10DC70004846FEF767FFE6E74FF0FF3005B0BDE826
:10DC8000F0834FF0FF30F9E710B588B00024059419
:10DC9000069407AA06A905A8F3F738FE059B029388
:10DCA000069B019300942346079A1A491A48FFF7E6
:10DCB00079FF1A4B186040B100F08AFC012806D0A9
:10DCC000B0F1FF3F1DD008B010BD0020F6E74FF0C7
:10DCD000500383F31188BFF36F8FBFF34F8F104B47
:10DCE0001B6858330F4A13600F4B4FF0FF321A6016
:10DCF0000E4B01221A600E4B00221A60FEF784FDC3
:10DD0000E1E74FF0500383F31188BFF36F8FBFF348
:10DD10004F8FFEE738EF0108DDDA000804370324EF
:10DD200030360324A00500240837032428370324B1
:10DD300054370324024A136801331360704700BF4D
:10DD4000D0360324014B1868704700BF54370324B2
:10DD500008B5FEF7E5FD014B186808BD54370324EC
:10DD6000F8B53A4B1B68002B69D1394B1D6801355A
:10DD70001D60C5B9374B1B681B6843B14FF050039A
:10DD800083F31188BFF36F8FBFF34F8FFEE7314AE4
:10DD90001168314B186810601960304A13680133FC
:10DDA0001360FFF731FD2E4B1B68AB423DD90027B6
:10DDB0002C4B1B68DB6A03EB83039A002A4B9B58AE
:10DDC000012B00D90127294B1B68002B3CD00127D0
:10DDD0003AE001271F4B1B681B6843B31D4B1B68B0
:10DDE000DB68DC6863689D4226D3261D3046FEF75B
:10DDF000F1FBA36A1BB104F11800FEF7EBFBE36A29
:10DE000001229A401A49086802430A6003EB83031F
:10DE10009A00314614481044FEF7B8FBE26A114BF1
:10DE20001B68DB6A9A42D4D2D4E70027D2E70C4BB6
:10DE30004FF0FF321A60BBE7094A1360B8E70D4A9A
:10DE400013680133136000273846F8BDD036032429
:10DE50005437032434360324383603240C37032480
:10DE600008370324303603243C3603245837032470
:10DE7000D83603241037032438B5354B1B6843B913
:10DE80004FF0500383F31188BFF36F8FBFF34F8FB1
:10DE9000FEE7FEF71FFC2E4B1A68013A1A601B685A
:10DEA000002B4FD12B4B1B680BB900244BE00024F7
:10DEB000294B1B681BB3284BDB68DC6804F1180096
:10DEC000FEF788FB251D2846FEF784FBE06A012348
:10DED0008340224A11680B43136000EB80002946FF
:10DEE0001F4B03EB8000FEF751FBE26A1D4B1B68E2
:10DEF000DB6A9A42DCD31C4B01221A60D8E70CB1D2
:10DF0000FFF782FC194B1C6884B9174B1C68D4B10D
:10DF10004FF0E0234FF08052C3F8042DBFF34F8F32
:10DF2000BFF36F8F01240EE0013C07D0FFF718FF0D
:10DF30000028F9D00C4B01221A60F5E70B4B0022A8
:10DF40001A60E2E70024FEF7E7FB204638BD00BF79
:10DF5000D0360324C836032414370324D8360324C8
:10DF60003C36032430360324583703241037032467
:10DF700038B558B10C46054689B94FF0500383F3C4
:10DF80001188BFF36F8FBFF34F8FFEE74FF0500341
:10DF900083F31188BFF36F8FBFF34F8FFEE71B4BE7
:10DFA0001B6843B14FF0500383F31188BFF36F8FA9
:10DFB000BFF34F8FFEE7FFF7BDFE154B18682B68C8
:10DFC0001C44834209D9A34201D82C600EE0A04230
:10DFD00001D32C600AE02C6004E0A34201D8A042E7
:10DFE00012D22C600021201AFFF78CFDFFF744FFAE
:10DFF00048B94FF0E0234FF08052C3F8042DBFF32F
:10E000004F8FBFF36F8F38BD2C60EFE7D0360324FE
:10E010005437032410B5A8B10446104B1B6843B114
:10E020004FF0500383F31188BFF36F8FBFF34F8F0F
:10E03000FEE7FFF77FFE00212046FFF763FDFFF7B5
:10E040001BFF48B94FF0E0234FF08052C3F8042D76
:10E05000BFF34F8FBFF36F8F10BD00BFD0360324C7
:10E06000224B1B681BB1224B01221A607047204BC8
:10E0700000221A601F4B1B68B3FA83F3DBB2C3F1B3
:10E080001F0303EB83018A001B498A5842B94FF0F2
:10E09000500383F31188BFF36F8FBFF34F8FFEE7F9
:10E0A000154903EB830082000A44506840685060C1
:10E0B00003EB830C4FEA8C020832114488420DD0E6
:10E0C00003EB83039A000C4B13445B68DA680B4B39
:10E0D0001A601B6858330A4A1360704740686246EA
:10E0E0009100054A0A445060EAE700BFD036032495
:10E0F00058370324D83603243C360324303603240F
:10E10000A005002458B110B50C46094A1168183111
:10E11000FEF747FA01212046FFF7F4FC10BD4FF04F
:10E12000500383F31188BFF36F8FBFF34F8FFEE768
:10E130003036032438B570B10D4614460A4A1168CA
:10E140001831FEF723FA0CB14FF0FF35214628466F
:10E15000FFF7D8FC38BD4FF0500383F31188BFF3AD
:10E160006F8FBFF34F8FFEE73036032438B5C36897
:10E17000DC6824B304F118052846FEF72BFA184B87
:10E180001B682BBB251D2846FEF724FAE06A0123F5
:10E190008340144A11680B43136000EB800029464A
:10E1A000114B03EB8000FEF7F1F9E26A0F4B1B689D
:10E1B000DB6A9A4211D901200D4B186038BD4FF02F
:10E1C000500383F31188BFF36F8FBFF34F8FFEE7C8
:10E1D00029460848FEF7DAF9E7E70020EEE700BF36
:10E1E000D0360324D83603243C36032430360324A7
:10E1F0005837032414370324034B1B680360034B75
:10E200001B684360704700BF0C3703245437032456
:10E21000F8B5C8B10C460546F9B1FEF75BFA1B4BE1
:10E2200019686B68C81A2268B2F1FF3F26D0184EF1
:10E2300036682F68B74201D08B4224D9824215D864
:10E240000023236001241AE04FF0500383F3118868
:10E25000BFF36F8FBFF34F8FFEE74FF0500383F391
:10E260001188BFF36F8FBFF34F8FFEE75B1A134424
:10E2700023602846FFF7C0FF002400E00024FEF7DB
:10E280004BFA2046F8BD0124F9E700BF54370324B8
:10E290000C370324014B01221A60704758370324BE
:10E2A000054B1B6833B1054B1B680BB10020704751
:10E2B000022070470120704728370324D0360324FA
:10E2C000002849D038B50446C36A254A1268D26A84
:10E2D000934239D28269002A05DB214A1268D26A48
:10E2E000C2F107028261616903EB83031D4A02EBFD
:10E2F0008303994205D01A4B1B68DB6AE362012055
:10E3000038BD251D2846FEF765F940B9E26A0123AC
:10E3100003FA02F214490B6823EA02030B60104B64
:10E320001B68D86AE062012404FA00F30E4A1168FF
:10E330000B43136000EB800029460A4B03EB80007F
:10E34000FEF724F92046DBE7C26C054B1B68DB6A4D
:10E350009A4203D30020D3E7002070470120CFE783
:10E36000303603243C360324D836032400284CD00E
:10E3700038B50446274B1B68834208D04FF0500342
:10E3800083F31188BFF36F8FBFF34F8FFEE7036DE9
:10E3900043B94FF0500383F31188BFF36F8FBFF37E
:10E3A0004F8FFEE7013B0365C16AC26C91422ED0DC
:10E3B0000BB1002038BD051D2846FEF70BF970B9DA
:10E3C000E26A02EB82039B001349CB583BB901235D
:10E3D00003FA02F211490B6823EA02030B60E06CB6
:10E3E000E062C0F10703A361012404FA00F30B4AC1
:10E3F00011680B43136000EB80002946064B03EBCA
:10E400008000FEF7C3F82046D4E7002070470020C4
:10E41000D0E700BF303603243C360324D83603242B
:10E42000002850D038B50446036D43B94FF050036F
:10E4300083F31188BFF36F8FBFF34F8FFEE7C26C7A
:10E440008A4200D20A46E16A914201D0012B00D0F3
:10E4500038BD1D4B1B68A3422CD0E262A369002B80
:10E4600002DBC2F10702A261626901EB8101174B75
:10E4700003EB81018A42EBD1251D2846FEF7AAF85D
:10E4800040B9E26A012303FA02F211490B6823EA58
:10E4900002030B60E06A012383400D4A11680B43BD
:10E4A000136000EB80002946084B03EB8000FEF769
:10E4B0006DF8CDE74FF0500383F31188BFF36F8FF2
:10E4C000BFF34F8FFEE77047303603243C360324FA
:10E4D000D8360324054B1B6823B1044B1A68136D0F
:10E4E00001331365014B1868704700BF30360324B1
:10E4F000064B1A6813682BB90123036023B9D3684C
:10E50000186870470023F8E7002070475C37032441
:10E5100008B54160006191420CD8D21A83699A42D1
:10E5200001D3012008BD011D0B4B1868FEF739F817
:10E530000020F7E79A422CBF00220122994238BFFF
:10E5400000220AB10120EDE7011D044B1868FEF717
:10E5500028F80020E6E700BF603703245C37032477
:10E5600030B583B0FEF7B6F8114B1B681BB1FEF750
:10E57000D3F803B030BD0F4D2846FDF7F9FF0E4C20
:10E580002046FDF7F5FF0D4B1D600D4B1C60002371
:10E5900000930C4B0C4A10210A20FEF756FC044B4A
:10E5A00018600028E3D00949FFF7CCF8DFE700BF87
:10E5B0008438032404380324183803245C370324E4
:10E5C00060370324303803246437032440EF010804
:10E5D00010B588B0FFF7C4FF124B1B68CBB1002405
:10E5E0000594069407AA06A905A8F3F79BF9059BCD
:10E5F0000293069B0193022300932346079A0A493C
:10E600000A48FFF7CFFA0A4B186010B1012008B092
:10E6100010BD4FF0500383F31188BFF36F8FBFF32A
:10E620004F8FFEE78438032448EF010839E90008DA
:10E6300088380324B8B19C4603461848006858B38C
:10E6400000B585B000910192029305291CDCFFF70B
:10E6500027FE022810D000231A4669460F4800689A
:10E66000FEF7ABFC15E04FF0500383F31188BFF3C6
:10E670006F8FBFF34F8FFEE70023069A6946074866
:10E680000068FEF79AFC04E0002362466946FEF744
:10E690009BFD05B05DF804FB00207047843803241F
:10E6A00070B582B01B4B1B681A6862B3DB681E68CA
:10E6B000DC68251D2846FDF78DFF236A2046984714
:10E6C00094F8283013F0040FECD0A36933449E4231
:10E6D00007D26360246129460E4B1868FDF761FF7D
:10E6E000E0E7002100910B4632462046FFF7A2FFEB
:10E6F0000028D7D14FF0500383F31188BFF36F8FF9
:10E70000BFF34F8FFEE7044A1068024908601360A8
:10E7100002B070BD5C3703246037032438B505466A
:10E72000FFF710FB0446074B1B68834205D8002304
:10E730002B60044B1C60204638BDFFF7B1FF01235E
:10E740002B60F6E72C38032470B582B006460D46E0
:10E7500017490968C968CC68201DFDF73BFF94F88C
:10E7600028C01CF0040F08D12CF0010C84F828C03C
:10E77000236A2046984702B070BDA16933462A46F5
:10E7800031442046FFF7C4FE0028F1D0002100915B
:10E790000B4632462046FFF74DFF0028E8D14FF0E8
:10E7A000500383F31188BFF36F8FBFF34F8FFEE7E2
:10E7B0005C37032470B582B006460C46FFF7BAFA00
:10E7C00001A8FFF7ABFF019B3BBB0546B04228BF4A
:10E7D000002C19D024B1134A12681268DAB9012446
:10E7E0002246711B104B1868FEF7C0FFFFF744FB71
:10E7F000A8B94FF0E0234FF08052C3F8042DBFF3C7
:10E800004F8FBFF36F8F0AE0FFF736FB2946304684
:10E81000FFF79AFF03E01C46E2E7FFF72DFB02B08B
:10E8200070BD00BF603703248438032410B588B05E
:10E8300002E0049B002B0FDA002204A93D4B18686C
:10E84000FEF7AAFD002873D0049B002BF1DA07998C
:10E850000698059B9847ECE7069C636913B1201D59
:10E86000FDF7B8FE03A8FFF759FF049B092BE3D877
:10E87000DFE803F00505053037500505303794F81B
:10E88000283043F0010384F82830059BA169024633
:10E8900019442046FFF73CFE0028CDD0236A2046CD
:10E8A000984794F8283013F0040FC5D0A2690021CE
:10E8B00000910B46059802442046FFF7BBFE002856
:10E8C000BAD14FF0500383F31188BFF36F8FBFF3BA
:10E8D0004F8FFEE794F8283023F0010384F82830A6
:10E8E000AAE794F8283043F0010384F8283005990A
:10E8F000A16131B10346024601442046FFF708FEFC
:10E900009AE74FF0500383F31188BFF36F8FBFF383
:10E910004F8FFEE794F8283013F0020F04D023F055
:10E92000010384F8283087E72046FEF70BF983E7D8
:10E9300008B010BD8438032400B583B001A8FFF7E8
:10E94000D7FD0199FFF736FFFFF770FFF6E7036980
:10E95000C268934204D88068801A0344581E7047E6
:10E960009B1A581E70472DE9F84304468846164600
:10E97000C5688768A7EB0509914509D9406828440F
:10E98000F2F714FCBFF35F8F3544E560BDE8F88310
:10E9900040684A462844F2F709FCED1B35442A46F4
:10E9A00008EB09016068F2F701FCBFF35F8FE560D7
:10E9B000ECE72DE9F843064688461746C5684FF050
:10E9C00000091AE0641B621EB3685C1B944228BFF6
:10E9D0001446BC4228BF3C46706822464146284443
:10E9E000F2F7E4FBA144A0443F1B2544B368AB42CB
:10E9F0000BD0BFF35F8FF5604FB13469A542E1D30F
:10EA0000B268641B1444621EDEE70025F1E7484645
:10EA1000BDE8F88310B5154CA8220021204607F068
:10EA200057FF032323616361114AA261114BE36124
:10EA30004FF4806323620023A3626362E362226671
:10EA40000D4A62668022A2662367E3666367BFF3AE
:10EA50005F8F06E0C3F10F020849895C034AD15475
:10EA600001330F2BF6D9BFF35F8F10BD8C38032411
:10EA700050EF0108B4390324343903245CEF010852
:10EA8000F8B50F461646184B451C05EB450503EB3C
:10EA9000C50500EB400003EBC000C46A012C11D097
:10EAA000022C1CD014B100242046F8BD2846FFF7E4
:10EAB0004EFF8642F8D8324639462846FFF753FFC4
:10EAC0003446F1E72846FFF742FF3446864228BF26
:10EAD0000446224639462846FFF745FFE4E7284624
:10EAE000FFF767FF0446DFE78C380324F8B50446D8
:10EAF0000D461646094B1B786BB1EFF311874FF0AB
:10EB0000200181F31188324629462046FFF7B8FFDD
:10EB100087F31188F8BDFFF77DFFEEE78C380324FB
:10EB200008B5FFF777FF08BD10B504468268531C8F
:10EB30004068834205D820688154A360E3680133AC
:10EB4000E360A26863689A4200D010BD2168206922
:10EB5000FFF7CCFFA368984203D04FF0FF33E36088
:10EB6000F3E70023A360F0E72DE9F84F81460F4655
:10EB700015461E46DDF828A00B9A0B464FF00108FB
:10EB800003E0B3FBF5F308F10108AB42F9D2B0455D
:10EB900000D2B04612F0010B15D1BAF1000F12D01D
:10EBA00012F0020F02D0A6B1202400E02024C245BA
:10EBB00009D90AF1FF3A21464846FFF7B5FFD9F8CF
:10EBC0000C30002BF3DAD9F80C30002B25DB0124B4
:10EBD00004E03024EBE7013E05FB04F4012EFAD8F3
:10EBE000B7FBF4F39D42F7D900E01C46B7FBF4F302
:10EBF00004FB1377104AD15C4846FFF795FFD9F81C
:10EC00000C30002B03DBB4FBF5F3AC42EDD2BBF1CF
:10EC1000000F02D0BAF1000F01D1BDE8F88FC24554
:10EC2000FBD90AF1FF3A20214846FFF77DFFD9F8CA
:10EC30000C30002BF3DAF0E770EF01082DE9F04714
:10EC400082B006468846154699460A9FDDF82CA0F4
:10EC500081EAE17CACEBE17C012402E09CFBF5FC69
:10EC600001346545FADD4C4500D24C4637B1B8F168
:10EC7000000F02DB1AF0040F00D0013F1AF0020F60
:10EC800002D0B9F1000F03D01AF0010F00D1AFB9D3
:10EC9000F368002B0FDBB8F1000F1ADB1AF0040F3A
:10ECA0001ED1F368002B06DB0AF00303022B1CD0F5
:10ECB000F368002B29DA02B0BDE8F087A742E7D954
:10ECC000013F20213046FFF72FFFF368002BF5DAD4
:10ECD000DEE7C8F100082D213046FFF725FFE0E709
:10ECE0002B213046FFF720FFDBE7B9F1000FDFD122
:10ECF000002FDDD0A742DBD9013F30213046FFF79E
:10ED000013FFF368002BF5DAD2E7CDF804A00097E3
:10ED10004B462A4641463046FFF726FFCBE7000028
:10ED2000F0B599B007460C46164603AB1393402343
:10ED30001493002315931790169388E00020012266
:10ED400011E040F0010001340CE040F00200013419
:10ED500008E040F00400013404E040F00800013411
:10ED600000E0002212B32378233B0D2BF9D801A138
:10ED700051F823F05BED000863ED000863ED000837
:10ED800063ED000863ED000863ED000863ED000823
:10ED900063ED000853ED000863ED000843ED000843
:10EDA00063ED000863ED00084BED0008002506E068
:10EDB000013405EB850503EB4503A3F1300523780A
:10EDC000A3F13002D2B2092AF2D92E2B02D00023AD
:10EDD000227810E0013400232278A2F13001C9B278
:10EDE0000929F5D8013403EB830302EB4303303BDD
:10EDF000F2E714F8012F682A18BF6C2AF9D0252AE7
:10EE00006DD020D3782A1ED8582A1CD3583A202AED
:10EE100019D8DFE802F03D18181818181818181833
:10EE2000181127181818181818181818181857181B
:10EE30001848183218183D0033681A1D32601978C6
:10EE400013A8FFF771FE0134169B002B4CDB14F85E
:10EE5000011B002948D025293FF470AF13A8FFF704
:10EE600063FEF1E73268111D316011680190009571
:10EE70000A2213A8FFF7E2FEE5E73268111D3160B0
:10EE80001168019000950A2213A8FFF76DFEDAE7DA
:10EE90003268111D3160116801900095102213A88D
:10EEA000FFF762FECFE733681A1D32601D6815F860
:10EEB000011B0029C7D013A8FFF736FE169B002BB5
:10EEC000F5DAC0E733681A1D326019680023019330
:10EED00008230093102213A8FFF746FEB3E725216D
:10EEE00013A8FFF721FEAEE7169B002B05DD159A50
:10EEF00032B9159A169B13441693169819B0F0BDA3
:10EF000003A93846FFF7F2FDF3E700BF0EB400B5E2
:10EF100082B003AB53F8041B019301AAFFF700FF73
:10EF200002B05DF804EB03B07047000008B50122A1
:10EF300010491148FCF740FC80B910490E48FCF715
:10EF400052FC70B90E490C48FCF7D8FB60B90A486E
:10EF5000FCF763FC58B9F7F77DF808BDF2F764FEDB
:10EF6000EBE7F2F761FEEDE7F2F75EFEEFE7F2F7AF
:10EF70005BFEF0E7B0000024B43D03241000002441
:10EF80009C0000240020704700207047002070473C
:10EF900010B50146044C2046FCF7C9FB2046FCF79F
:10EFA000EFFB002010BD00BFB43D032410B5064C9C
:10EFB000002206492046FCF7ACFB05492046FCF739
:10EFC000B6FB002010BD00BFB43D032490480324CD
:10EFD00090400324094BD3F8BC32D3F814320BB160
:10EFE0000120704710B5054C0A4601462046FCF743
:10EFF00090FB2046FCF7A7FB10BD00BFB43D0324E7
:10F0000012230B8000487047D000002404230B809B
:10F0100000487047E4000024002393421ED200B54C
:10F0200010E00CF1370C01F813C000014FEA430C5B
:10F030000CF1010C4FF0000E01F80CE00133DBB2D3
:10F04000934209D24FEA107CB0F1204FE9D20CF183
:10F05000300C01F813C0E8E75DF804FB70470000CE
:10F0600038B50B4BD3F80008D3F80448D3F8083868
:10F07000C01800D138BD074D0822A91CFFF7CCFFEE
:10F08000042205F112012046FFF7C6FFF2E700BF98
:10F0900000E0F11FE800002408B51A230B80FFF7F9
:10F0A000DFFF014808BD00BFE800002408B50A469C
:10F0B00028B905490548FDF713F9034808BD024979
:10F0C0000248FDF70DF9F8E79050032480EF01089E
:10F0D00010B50A46034C21460348FDF701F92046C6
:10F0E00010BD00BF9050032498EF010808B50A46F0
:10F0F00028B905490548FDF7F3F8034808BD02495A
:10F100000248FDF7EDF8F8E790500324ACEF010852
:10F1100008B50A4628B905490548FDF7E1F803484E
:10F1200008BD02490248FDF7DBF8F8E790500324D8
:10F13000B8EF010810B5B0B00446B822002102A80B
:10F1400007F0C6FB2268164B9A4201D030B010BDC2
:10F150004FF480220023CDE902234FF44013239380
:10F1600002A8F7F787FEB8B9F6F774FF0D4BD3F88E
:10F17000D82042F00072C3F8D820D3F8D83003F07A
:10F1800000730193019B002205214D20F3F7BAFD86
:10F190004D20F3F7EDFDD9E7F2F746FDE4E700BFB8
:10F1A000000004400044025808B500F29C41D0F829
:10F1B000E004FCF748FB08BD08B501EBC10300EB18
:10F1C0008303D3F86022D0F8E004FCF70EFC08BDFE
:10F1D00008B501EBC10300EB83031A6AD0F8E00421
:10F1E000FCF766FC08BD08B5D0F8E004FCF7A8FB06
:10F1F00008BD10B50446C17911B1022909D1012118
:10F20000D4F8E004FCF77DFBD4F8E004FCF747FBFE
:10F2100010BDF2F709FD0121F2E7000010B5044628
:10F22000D0F8E004FCF770FB2268D2F8003E43F00F
:10F230000103C2F8003EE37A23B1034A136943F0A5
:10F240000603136110BD00BF00ED00E008B5D0F863
:10F25000E004FCF768FB08BD08B5D0F8E004FCF753
:10F2600097FB08BD08B5D0F8E004FCF77AFB08BDB1
:10F2700008B5D0F8E004FCF7A2FB08BD08B5D0F84B
:10F28000E004FCF79EFB08BD0378012B01D00020B1
:10F29000704710B5164BC3F8E004C0F8C832154AE1
:10F2A0001A6009221A710221D97100229A715972C9
:10F2B0009A72DA721A739A73DA731A741846F6F736
:10F2C00097F890B90A4C4FF400712046F6F77DFE8E
:10F2D000802200212046F6F752FE4FF4BA72012137
:10F2E0002046F6F74CFE002010BDF2F79DFCE9E742
:10F2F0009052032400000440D0F8C83211F0800F6F
:10F3000008D101F07F0101EBC10103EB810191F80C
:10F310005602704701F07F0101EBC10103EB81014F
:10F32000887D704708B5D0F8C802F6F765FA08BDC1
:10F3300000487047745703247047032805D8DFE856
:10F3400000F005040205012070470320704708B54E
:10F35000D0F8C802F6F7CDF8FFF7EFFF08BD08B503
:10F3600094461A466346D0F8C802F6F7A2F9FFF7AA
:10F37000E4FF08BD08B5D0F8C802F6F7E0F9FFF7DA
:10F38000DCFF08BD08B5D0F8C802F6F763FAFFF74E
:10F39000D4FF08BD08B5D0F8C802F6F79EFAFFF70B
:10F3A000CCFF08BD08B5D0F8C802F6F76FF9FFF733
:10F3B000C4FF08BD08B5D0F8C802F6F726FAFFF773
:10F3C000BCFF08BD08B5D0F8C802F6F7F0F9FFF7A2
:10F3D000B4FF08BDD0ED017A90ED0D7AD0ED0E6A44
:10F3E00037EE267AF6EE006A27EE267A67EE877AFF
:10F3F00090ED197A67EE877AC0ED137A7047D0EDF9
:10F400000D7A90ED117A27EE877AB5EEC07AF1EE9B
:10F4100010FA26DDF5EEC07AF1EE10FA1CDD90ED63
:10F42000087AB4EEE77AF1EE10FA1ADAD0ED076A4C
:10F4300037EE266AB4EEE76AF1EE10FA0FDB76EEED
:10F44000E77A77EE277A87EEA67AD0ED137A67EE21
:10F45000877AC0ED137A7047F1EE677ADFE7002311
:10F46000C3647047D0ED116A90ED137A36EE877A57
:10F470001F4B83ED007AD0ED107A76EEA77A90EDEF
:10F48000126A77EE867A1B4BC3ED007AF5EEC07AEE
:10F49000F1EE10FA28DD90ED036AB4EEE76AF1EEC2
:10F4A00010FA0AD5D0ED0D7A66EEA76AF5EEC06ABD
:10F4B000F1EE10FA01DD0023C364D0ED067AB4EE5C
:10F4C000E77AF1EE10FA03DD0023C364C0ED117A90
:10F4D000F1EE677AB4EEE77AF1EE10FA03D5002385
:10F4E000C364C0ED117A7047F1EE677AD3E700BFCD
:10F4F000105A0324145A0324D0ED027A90ED0C7AAA
:10F50000D0ED0B6A37EE667A67EE877AD0ED196A2E
:10F5100087EEA67A80ED127A704790ED126AD0EDF0
:10F52000197A26EE276A90ED0A7A77EE877AC6EE88
:10F53000276A90ED166A27EE067A87EE276A76EE3E
:10F54000867AC0ED127A704790ED146AD0ED197A80
:10F5500026EE276A90ED097A77EE877AC6EE276A5B
:10F5600090ED156A27EE067A87EE276A76EE867AA0
:10F57000C0ED147A704790ED147AD0ED037AB4EEB2
:10F58000E77AF1EE10FA01DDC0ED147A90ED147A0D
:10F59000F1EE677AB4EEE77AF1EE10FA01D5C0ED3C
:10F5A000147A704790ED147AB0EEC77AD0ED037AF2
:10F5B000DFED1D6A67EEA67AB4EEE77AF1EE10FA97
:10F5C0002BD4D0ED177AB0EEE77ADFED186AB4EEFF
:10F5D000E67AF1EE10FA20D4D0ED0B6A77EEE67AF7
:10F5E000F0EEE77AC7EE876ADFED117AF4EEE76AAC
:10F5F000F1EE10FA12DD836EC26E013342F10002A9
:10F600008366C266816EC36E40F2F512914273F159
:10F61000000302D3012380F87030704700220023DA
:10F62000C0E91A23EEE700BF6F12833A17B7D1384B
:10F630003333733F38B50546782006F091FE044613
:10F640007822002107F044F92B6823606B6863601F
:10F65000AB68A360EB68E3602B6923612B7D2375A6
:10F66000AB69A361EB69E3612B6A23626B6A636236
:10F67000AB6AA36204F1600002F052FC044A137802
:10F68000591C1170034A42F82340204638BD00BF80
:10F69000945903249859032410B52DED028B044688
:10F6A000F0EE408AB0EE608A90F91430002B71DBE6
:10F6B00004F1600002F034FC84ED190AC4ED0B8AF9
:10F6C00084ED178A78EE680AC4ED0D0AF5EEC00ADB
:10F6D000F1EE10FA61DDF0EE607A94ED047AB4EEAA
:10F6E000E77AF1EE10FA73D5D4ED007A60EEA77ADE
:10F6F000C4ED107AD4ED017A60EEA77A60EE277A35
:10F70000C4ED137AD4ED027A94ED0E7A70EEC70A46
:10F7100067EEA00AC0EE807AC4ED127A237D13F062
:10F72000040F3DD1237D13F0200F3DD1237D13F035
:10F73000020F3DD1237D13F0400F3DD1237D13F007
:10F74000010F3DD1D4ED137A94ED117A77EE877ADB
:10F75000C4ED117A94ED107A77EE877A94ED127AEF
:10F7600077EE877AC4ED147A237D13F0100F2BD136
:10F770002046FFF700FFE36A236394ED140A84ED4B
:10F78000150AA36CA365636BA363E36CE363BDEC31
:10F79000028B10BDFFF706FF8AE7F1EE607A9CE767
:10F7A0002046FFF717FEBDE72046FFF728FEBDE71E
:10F7B0002046FFF7A1FEBDE72046FFF7AEFEBDE7FE
:10F7C0002046FFF74FFEBDE72046FFF7BDFECFE71F
:10F7D00000232365E364CEE7F6EE007A60EE277A35
:10F7E00010EE103A074AA2EB630307EE103A67EEF9
:10F7F000277A67EE277AB7EE080A30EE670A27EE17
:10F80000000A7047865A375F10B52DED048B044609
:10F81000D0F8EC3093ED009A5C4A82ED009A93EDBB
:10F82000018A5B4A82ED008AD3ED028A594AC2ED11
:10F83000008AD3ED039A584BC3ED009A69EE097A1A
:10F8400028EE080A77EE807A28EEA80A77EE807A0A
:10F8500029EEA90A37EE800AFFF7BEFF4F4B83ED72
:10F86000000A00230BE0D4F8EC2002EB8302D2ED77
:10F87000007A67EE807AC2ED007A0133DBB2032BA7
:10F88000F1D9474B93ED6F7A28EE077AD4F800212F
:10F89000F6EE007A27EE277A82ED047A93ED6F7AFE
:10F8A00028EE877AD4F8002127EE277A82ED057AB0
:10F8B00093ED6F7A29EE477AD4F8002127EE277A64
:10F8C00082ED0A7A93ED6F7A29EE877AD4F80021D7
:10F8D00027EE277A82ED0B7A93ED6F7A69EEC79A5D
:10F8E000D4F8002169EEA79AC2ED109A93ED6F7AD1
:10F8F00029EE479AD4F8002129EE279A82ED119A31
:10F9000093ED6F7A68EE878AD4F8002168EEA78AB3
:10F91000C2ED168A93ED6F7A28EE478AD4F800215B
:10F9200028EE278A82ED178AD4F8F82093ED747AAE
:10F93000D2ED1C6AC6EE877AC2ED1C7AD4F8F820A4
:10F9400093ED747AD2ED236AC6EE877AC2ED237AFC
:10F95000D4F8F83093ED1C7ADFED127AB4EEE77A42
:10F96000F1EE10FA01DDC3ED1C7AD4F8F83093ED16
:10F97000237ADFED0C7AB4EEE77AF1EE10FA01DDCE
:10F98000C3ED237ABDEC048B10BD00BFAC5C032437
:10F99000B45C0324BC5C0324C45C0324C85C03245F
:10F9A000A85A032400401C4638B504469022D0F8DB
:10F9B000F8100848F1F7FAFB48252A46D4F81C113C
:10F9C0000548F1F7F3FB2A46D4F80C110348F1F788
:10F9D000EDFB38BD04010024605A0324185A0324A7
:10F9E0002DE9F84F044600F1780500F1800739460B
:10F9F000284606F023F984F8C800B4F87830A4F853
:10FA0000A830B4F85A30A4F8AA3004F1580A04F126
:10FA1000A80842465146284606F0D8F984F8C8009E
:10FA2000B4F8A830A4F8B030B4F88230A4F8B230FA
:10FA300004F1B0094A463946404606F0C7F984F851
:10FA4000C800B4F89030A4F8A030B4F89230A4F80C
:10FA5000A23004F1A0052A4604F19001484606F0C0
:10FA60005BFB84F8C8004946284606F053FA84F840
:10FA7000C800D4F8EC30D3ED007AC44AC2ED007A65
:10FA800093ED016AC24A82ED006AD3ED026AC14A6F
:10FA9000C2ED006A93ED037ABF4B83ED007AB4F8B0
:10FAA0007830A4F8B8300123A4F8BA3066EE075ACB
:10FAB00027EEA65A75EEC55AD4F82C3175EEA55A24
:10FAC000C3ED005A67EE865A26EE875A75EE855AC0
:10FAD000D4F82C3175EEA55AC3ED015A67EEA77A1A
:10FAE00026EE066A77EEC67A66EEA66A77EEE67AC4
:10FAF00027EE077AD4F82C3177EE877AC3ED027AB5
:10FB0000002512E0D4F82C3103EB850393ED000AB5
:10FB1000B0EEC00A0CF0A2FD05F160029F4B03EBB2
:10FB2000820383ED010A0135EDB2022DEAD9B4F862
:10FB30004830A4F8C0304FF0010BA4F8C2B004F173
:10FB4000B80504F1C0063246294604F1480006F023
:10FB5000D3F884F8C800B4F8C030A4F8A830A4F8EA
:10FB6000AAB042463146484606F030F984F8C8004B
:10FB7000A4F8B8B0B4F8C030A4F8BA30294630467A
:10FB800006F05CF884F8C800DFF810B20BF5E072FC
:10FB90004146284606F01AF984F8C8009BED727AAF
:10FBA000DBED737AF6EE006A67EEA66AB4EEE67AEB
:10FBB000F1EE10FA02D501228BF83821B4EEE77A83
:10FBC000F1EE10FA45DD754B93F83831002B40D03B
:10FBD000724B93F83931DBB1704AD2F84031D2F828
:10FBE0004411013341F10001C2F84031C2F844111F
:10FBF0006A4BD3F84021D3F84431332A73F1000320
:10FC00000CD30023654A82F8383184F82C3046E062
:10FC1000624B00200021C3E95001E9E7227B604DDF
:10FC20002B8803FB02F2D4F8EC10D4F8E800F1F7CB
:10FC3000BDFA227B2B8802FB03F303FB02F2D4F80C
:10FC4000FC10D4F8F800F1F7B1FA012384F82C3055
:10FC50009AE0DFED546A67EEA66AB4EEE67AF1EE5A
:10FC600010FA0FDD4D4B93F838315BB137EEC77AA0
:10FC7000DFED4D6A67EEA67AC7EE276A474BC3ED04
:10FC8000676A04E0454B4FF07E52C3F89C21434B1A
:10FC900000200021C3E95001002384F82C30B4F87F
:10FCA0005830A4F8A830B4F88230A4F8AA304246FC
:10FCB0003946504606F08AF884F8C80004F19807DF
:10FCC0003A464946404606F081F884F8C8000023C9
:10FCD0000EE0D4F81C2102EB8302304991ED677AE3
:10FCE000D2ED007A67EE877AC2ED007A0133DBB29B
:10FCF000B4F89820B4F89A1001FB02F29342E8DBC2
:10FD0000042201E00132D2B2052A1DD80023022BC1
:10FD1000F8D8D4F81C1102EB4200184401EB800122
:10FD200002F15C0C1D4800EB8C00D0ED016ADFEDA8
:10FD30001F7A86EEA77AD1ED007A67EE877AC1ED59
:10FD4000007A0133DBB2E2E7B4F89830A4F8B830B7
:10FD50000123A4F8BA302A463146384606F036F870
:10FD600084F8C8000D4B93F83831002B4DD1D4F8EE
:10FD7000BC300022DA6004F13002294604F1380078
:10FD800006F0CAF984F8C800BDE8F88FA85C03241F
:10FD9000B05C0324B85C0324C05C0324A85A032489
:10FDA0004A5D0324CDCCCC3D6666663FDA0FC93F81
:10FDB0000133DBB2052BDAD8D4F8BC10980001EB84
:10FDC000830191ED007A124AD2ED6F7ADFED116A6C
:10FDD00067EEA67AB4EEE77AF1EE10FA01DDC1ED36
:10FDE000007AD4F8BC20024492ED007A0849D1EDA3
:10FDF0006F7ADFED096A67EEA67AB4EEE77AF1EE84
:10FE000010FAD5D5C2ED007AD2E70423D2E700BFBD
:10FE1000A85A03240AD7233C0AD723BC10B52DEDDA
:10FE2000048B0446D0F8EC3093ED009A39EE099A31
:10FE30002E4A82ED009A93ED018A38EE088A2C4A08
:10FE400082ED008AD3ED029A79EEA99A294AC2ED91
:10FE5000009AD3ED038A78EEA88A274BC3ED008A77
:10FE6000827B264B1B8802FB03F3027B03FB02F21F
:10FE70000021D0F80C0106F02BFDD4F80C31F1EE86
:10FE8000697AC3ED007AD4F80C31C3ED018AD4F855
:10FE90000C31B1EE497A83ED027AD4F80C3183ED5E
:10FEA000038AD4F80C3183ED068AD4F80C3183ED43
:10FEB000079AD4F80C31C3ED088AD4F80C31C3ED9D
:10FEC000099AD4F80C3183ED0C9AD4F80C31B1EEC8
:10FED000488A83ED0D8AD4F80C31C3ED0E7AD4F83C
:10FEE0000C31C3ED0F8ABDEC048B10BD8C5C032478
:10FEF000905C0324945C0324985C03244A5D0324EF
:10FF000038B504462F4B01221A7083ED6C0AC3EDFD
:10FF10006D0A83ED6E1A2C4AC3F8CC21002283F8B7
:10FF2000382100200021C3E95001C3E95201F7EE56
:10FF3000007AF4EEE71AF1EE10FA01DDF0EE671A3E
:10FF4000204DC5ED741A85ED642A03230022062195
:10FF5000281D00F037FC05F5E4730122114605F574
:10FF6000E07006F0D5F8002309E0164AD2F8EC203C
:10FF700002EB830204EB8301096811600133032B58
:10FF8000F3DD104C114BC4F8D030114BC4F8D43011
:10FF9000104BC4F8D830104BC4F8DC30012384F87F
:10FFA0002E3084F82F3090252A460C49D4F80401CD
:10FFB000F1F7FCF82A460A49D4F8FC00F1F7F6F804
:10FFC00038BD00BFA85A032477CC2B32A9F900080A
:10FFD00009F800081DFE0008E1F90008C8EF010853
:10FFE0000401002410B52DED068BF0EE61AAB0EEF1
:10FFF00042AAF0EE629A804C84ED6F3A94ED589AE2
:020000040801F1
:1000000030EE490A84ED5B0A94ED598A70EEC80A15
:10001000C4ED5C0AD4ED5A8A31EE681A84ED5D1A9B
:10002000F6EE008A20EE280A20EE039A734B83ED49
:10003000009A60EEA80A20EE838A714B83ED008A55
:1000400021EE281A61EE038A6E4BC3ED008A9022DE
:100050006D49D4F80401F1F7A9F8D4F80431F1EEB0
:10006000497AC3ED017AD4F80431F1EE486AC3ED60
:10007000026AD4F80431B1EE687A83ED037AD4F8D9
:10008000043183ED069AD4F80431C3ED088AD4F81C
:100090000431C3ED096AD4F8043183ED0C8AD4F835
:1000A000043183ED0D7AD4F8043183ED0F9AD4F83E
:1000B0000431C3ED128AD4F8043183ED138AD4F8E5
:1000C0000431C3ED147AD4F84821D4F84C311343E9
:1000D00005D1C4ED5EAA84ED5FAAC4ED609A464BDB
:1000E00093ED5E7AD3ED647A27EE277A93ED6F6A0B
:1000F00077EE866A87EE260A66EE2AAA8AEEA67A46
:1001000030EE070A83ED5E0AD3ED5F5A67EEA55A1B
:1001100085EEA67A26EE0AAACAEE265A37EE257A88
:1001200083ED5F7AD3ED605A67EEA55AC5EEA67AE5
:1001300026EE296AC6EE265A77EEA57AC3ED607AD6
:1001400020EE000A27EE077A30EE070A67EEA77A5C
:1001500030EE270AFFF740FBB0EE408A2B4B83EDD1
:10016000000A00230FE0244903F15E0201EB820242
:10017000D2ED007A8A6802EB830268EE277AC2ED3C
:10018000007A0133DBB2022BEDD91B4C94ED5B0AF4
:1001900020EE000AD4ED5C7A67EEA77A30EE270AEB
:1001A000D4ED5D7A67EEA77A30EE270AFFF714FBED
:1001B000B7EE007AC7EE007AC4ED657AC7EE086A3A
:1001C000C4ED666A9FED127AF4EEC77AF1EE10FA8A
:1001D00024D5DFED107AF4EEE76AF1EE10FA1DDDBA
:1001E000DFED0D7AF4EEE76AF1EE10FA16D5012292
:1001F00084F8392116E000BFA85A03249C5C03242C
:10020000A05C0324A45C0324C8EF0108885C0324D9
:100210009A99993ECDCC1441CDCC24417E4B0022FD
:1002200083F839217C4CD4ED6C7A94ED6F7AD4F854
:10023000183167EE877AC3ED007AD4ED6C7A94EDCD
:100240006F7AD4F8183167EE877AC3ED077AD4ED68
:100250006C7A94ED6F7AD4F8183167EE877AC3ED33
:100260000E7AD4ED6C7A94ED6F7AD4F8183167EE8B
:10027000877AC3ED157AD4ED6D7A94ED6F7AD4F860
:10028000183167EE877AC3ED1C7AD4ED6D7A94ED60
:100290006F7AD4F8183167EE877AC3ED237AD4F8F1
:1002A0001C21D4F8B8311360D4F81C211361D4F8A0
:1002B0001C31D4F8B8211A62201D00F007FE6368D3
:1002C000D3ED000AC4ED540AD3ED017AC4ED557A9A
:1002D00093ED027A84ED567A93ED030A84ED570A82
:1002E0001A69C4F860215B69C4F864310023C4F85A
:1002F000683120EE800A27EE877A30EE070A60EE3A
:10030000A00A67EEA77A70EEA70A70EEA00AF7EED1
:10031000008A70EEE80A30EE000A0CF0F7F99FED63
:100320003F8A20EE080A84ED6A0AD4ED540A94ED5F
:10033000550A20EE800A94ED567AD4ED577A27EECE
:10034000277A30EE070A60EEA00A67EEA77A70EE11
:10035000A70A70EEA00A70EEE80A30EE000A0CF070
:10036000D5F920EE080A84ED690AD4ED557A94EDAA
:10037000570A67EE807A94ED540A94ED567A20EE8F
:10038000070A77EEC07AB8EE000A27EE800A0CF072
:1003900091F920EE080A84ED680A94ED6A7AD4EDAA
:1003A000767A77EE677ADFED1E6AF4EEE67AF1EEA2
:1003B00010FA23DDB4F9D431013BA4F8D431164B43
:1003C000B3F9D42107EE902AF8EEE77ADFED156A4B
:1003D00067EEA67A77EE277AC3ED6B7A83ED767AAD
:1003E000D3F84821D3F84C11013241F10001C3F890
:1003F0004821C3F84C11BDEC068B10BDDFED0A6A35
:10040000F4EEE67AF1EE10FAD9D5034AB2F9D43116
:100410000133A2F8D431D2E7A85A0324E12E654271
:10042000000034430000B443000034C30160426064
:10043000704700004368002B12DD0268511C016008
:10044000934200DC036007EE903AF8EEE77A90ED15
:10045000007AB8EEC77A87EE270A80ED020A704765
:100460009FED010A704700BF0000000038B5054647
:100470000C461420FCF7E8FA002202604260826019
:10048000C260026105604460054AC260054A0261BB
:1004900005490A78541C0C70044941F8220038BD03
:1004A0002D04010835040108CC5C0324D05C03242E
:1004B000F0EE405AB5EEC00AF1EE10FA1ED9F6EE93
:1004C000007A20EE270A9FED0F6A25EE866A60EE1D
:1004D000007A77EEE57A70EE006A87EEA67A30EE63
:1004E000470AB4EEE76AF1EE10FAF0D4B1EE467ABC
:1004F000B4EEE77AF1EE10FAE9DC70479FED020AFC
:10050000704700BF6F12833A0000000010B52DED58
:10051000048B044690ED009A69EE097AD0ED018AC9
:1005200028EEA80A77EE807A90ED028A28EE080A73
:1005300037EE800AFFF7BCFFC9EE007AC4ED007AFF
:10054000C8EE807AC4ED017AC8EE007AC4ED027A72
:100550002046BDEC048B10BDD0ED017A91ED027AFE
:1005600067EE877A90ED027AD1ED016A27EE267A5E
:1005700077EEC77AC2ED007AD0ED027A91ED007A7B
:1005800067EE877A90ED007AD1ED026A27EE267A3F
:1005900077EEC77AC2ED017AD0ED007A91ED017A5B
:1005A00067EE877A90ED017AD1ED006A27EE267A20
:1005B00077EEC77AC2ED027A7047D0ED007A91EDFE
:1005C000000A67EE807A90ED010A91ED017A20EE43
:1005D000070A77EE807A90ED020A91ED027A20EE1A
:1005E000070A37EE800A70470346104605E013F805
:1005F000011B41400348405C11464A1E0029F6D1C8
:10060000704700BF58F00108002818BF02290CD914
:1006100038B505464C1EFF222146FFF7E5FF2B5D4E
:10062000834214BF0020012038BD00207047000025
:10063000034698B1481E99B110B413F8011B5140FC
:10064000C9B2084C34F8111081EA1222014601386F
:100650000029F2D110465DF8044B70474FF6FF7247
:100660001046704758F10108002818BF022919D90F
:1006700070B50C4606468D1E0B4B1A882946FFF7AF
:10068000D7FFC2B2735D9A4201D0002070BDC0F3A3
:100690000F20344414F8013C984201D00020F5E7C3
:1006A0000120F3E7002070479401002470B5044650
:1006B00000250574827B424E338803FB02F24168B9
:1006C000D0F8F400F0F772FDA27B338803FB02F24E
:1006D0002946606806F0FCF8A27B338802FB03F32E
:1006E00003FB02F22946D4F8180106F0F1F8227B48
:1006F000338802FB03F3A27B03FB02F22946D4F802
:100700000C0106F0E5F8294601E00131C9B2A37BEE
:100710008B422AD9D4F8F4304FEA810E03EB8100E2
:10072000D0ED007AF5EE407AF1EE10FAEDD0227CB1
:1007300003EB8203C3ED007A626A237CD154A26981
:10074000D4F80C31207B257C666916F801C005FBC6
:1007500000CC6FF04040604403EB800372441268A9
:100760001A60237C01332374CFE700230FE0E06994
:10077000616A11F803C0D4F8181102FB033201EBCF
:10078000820200EB8C00016811600133DBB2227C35
:100790009A42ECD892B2A4F87820237BA4F87A305D
:1007A000A4F88030A4F88220A4F89020A4F8922025
:1007B000A4F89830A4F89A20A4F8482070BD00BF8F
:1007C0004A5D03242DE9F04704460D4691461E4636
:1007D000DFF8B8830423A8F80030EB4B08221A8016
:1007E000017380F80D90867300270774304605F07A
:1007F000B7FD60613246394606F06AF8B8F800A0E5
:1008000006FB0AFA504605F0ABFDA0615246394698
:1008100006F05EF8B8F800A006FB0AFA504605F0AC
:100820009FFDE0615246394606F052F8B8F800A044
:1008300005FB0AFA504605F093FD20625246394600
:1008400006F046F8304605F08BFD606232463946C8
:1008500006F03EF8B8F8000005FB00F005F080FD5A
:100860002060B8F8002005FB02F2394606F030F8A7
:10087000B8F800A006FB0AFA504605F071FD60606A
:100880005246394606F024F8B8F800A009FB0AFAE7
:10089000504605F065FDA0605246394606F018F84E
:1008A000B8F800A005FB0AFA504605F059FDC4F857
:1008B000E8005246394606F00BF8D4F8E830012239
:1008C000217B04F1300005F023FCB8F8008005FB23
:1008D00008F8404605F044FDC4F8EC0042463946AD
:1008E00005F0F6FFD4F8EC300122217B04F138004A
:1008F00005F00EFCB9F1000F40F04A81DFF88C8260
:10090000B8F8007006FB07F7384605F029FDC4F873
:10091000F4003A46002105F0DBFFD4F8F430012260
:10092000A17B04F1480005F0F3FBB8F8007005FB6B
:1009300007F705FB07F7384605F012FDC4F8F80085
:100940003A46002105F0C4FF217BD4F8F8300A466E
:1009500004F1500005F0DCFBB8F8007005FB07F768
:1009600005FB07F7384605F0FBFCC4F8FC003A46E7
:10097000002105F0ADFF217BD4F8FC300A4604F1DC
:10098000580005F0C5FBB8F8007005FB07F705FB3C
:1009900007F7384605F0E4FC8246C4F80001384603
:1009A00005F0DEFCC4F804013A460021504605F08B
:1009B0008FFFB8F8002005FB02F205FB02F20021D0
:1009C000D4F8040105F084FF217BD4F800310A46F5
:1009D00004F1600005F09CFB217BD4F804310A4649
:1009E00004F1680005F094FBB9F1000F40F0E680D7
:1009F000664FB7F800A00AFB06F909FB05F948465F
:100A000005F0AEFC8046C4F80C010AFB05F006FBBD
:100A100000F005F0A5FCC4F810014A46002140464C
:100A200005F056FF3A8805FB02F206FB02F20021B0
:100A3000D4F8100105F04CFFD4F80C31227BA17BD7
:100A400004F1780005F064FBD4F81031A27B217B1F
:100A500004F1800005F05CFBB7F8008005FB08F8A6
:100A600008FB05F8404605F07BFCC4F8140142463B
:100A7000002105F02DFF217BD4F814310A4604F142
:100A8000880005F045FBB7F8008006FB08F808FB76
:100A900006F8404605F064FCC4F8180142460021FF
:100AA00005F016FFA17BD4F818310A4604F1900036
:100AB00005F02EFB398801FB05F505FB06F63046EF
:100AC00005F04EFCC4F81C013246002105F000FF81
:100AD000D4F81C31A27B217B04F1980005F018FBAF
:100AE000267B3F8806FB07F707FB06F5284605F03F
:100AF00037FC8046C4F82001284605F031FCC4F8D4
:100B00002401284605F02CFCC4F82801384605F0DD
:100B100027FCC4F82C01384605F022FCC4F830014B
:100B2000B1B243460A4604F1A00005F0F1FA217B78
:100B3000D4F824310A4604F1A80005F0E9FA217B33
:100B4000D4F828310A4604F1B00005F0E1FAD4F8EF
:100B50002C310122217B04F1B80005F0D9FAD4F838
:100B600030310122217B04F1C00005F0D1FA0023CD
:100B700084F8283084F8293084F82A3084F82B301F
:100B800084F82C30BDE8F087485D03244A5D0324D7
:100B9000164B1F8809FB07F7384605F0E1FBC4F840
:100BA000F0003A46002105F093FED4F8F03001221F
:100BB000617B04F1400005F0ABFA9FE6B8F8002035
:100BC00005FB02F202FB09F9484605F0C9FBC4F82F
:100BD00008014A46002105F07BFED4F80831627B0B
:100BE000217B04F1700005F093FA01E74A5D0324CC
:100BF00038B50446C37B63B1FFF758FD627B0E4BEB
:100C00001B8803FB02F2A168D4F8F000F0F7CEFADB
:100C100038BD827B084D2B8803FB02F24168D0F877
:100C2000F400F0F7C3FAA27B2B8803FB02F2002149
:100C3000606805F04DFEE1E74A5D032490F8283036
:100C4000B3BB70B50446437B43B3037BA0F8B83015
:100C50000126A0F8BA6000F1B8052A4600F130017B
:100C6000603005F0B3F884F8C800237BA4F8C030E6
:100C7000A4F8C26004F1C006324604F1400104F158
:100C8000700005F0A3F884F8C80004F1380231467A
:100C9000284605F041FA84F8C80070BD00F138021A
:100CA00000F13001603005F091F884F8C800F4E7F5
:100CB0007047F8B590F8293003B1F8BD044600F14B
:100CC000600600F168073946304604F0B7FF84F843
:100CD000C80004F158052A4604F15001304605F0D9
:100CE00075F884F8C800B4F85830A4F8A830B4F8FF
:100CF0006A30A4F8AA3004F1A806324639462846DC
:100D000005F064F884F8C8002A4604F188013046EA
:100D100005F002FA84F8C800CFE72DE9F84390F80F
:100D20002A300BB1BDE8F883044600F1780600F1E3
:100D300080073946304604F081FF84F8C800B4F8D3
:100D40007830A4F8A830B4F85A30A4F8AA3004F1E6
:100D5000580804F1A8052A464146304605F036F801
:100D600084F8C800B4F8A830A4F8B030B4F88230E1
:100D7000A4F8B23004F1B00632463946284605F0F0
:100D800025F884F8C800B4F89030A4F8A030B4F87E
:100D90009230A4F8A23004F1A0094A4604F190016F
:100DA000304605F0B9F984F8C8003146484605F0E8
:100DB000B1F884F8C800B4F85830A4F8A830B4F8F2
:100DC0008230A4F8AA302A463946404604F0FEFF95
:100DD00084F8C80004F198023146284604F0F6FF72
:100DE00084F8C8009EE790F82B3003B170472DE9D6
:100DF000F0410446B0F87830A0F8B8300126A0F8E9
:100E0000BA6000F1380700F1B8052A463946783053
:100E100004F0DCFF84F8C800B4F84830A4F8C0300F
:100E2000A4F8C26004F1C0084246294604F1480013
:100E300004F062FF84F8C800B4F89830A4F8B83021
:100E4000A4F8BA602A46414604F1980004F0BEFFB7
:100E500084F8C80004F130022946384605F05CF9F0
:100E600084F8C800BDE8F081F8B590F82C3003B1E3
:100E7000F8BD0446B0F89830A0F8A830B0F87A2051
:100E8000A0F8AA20A0F8B030B0F85A30A0F8B230DC
:100E900000F1A8073A4600F17801983004F096FF77
:100EA00084F8C80004F1580504F1B006324629461A
:100EB000384604F08BFF84F8C80004F15002314634
:100EC000284604F019FF84F8C800D1E738B5044675
:100ED000FFF78EFED4F8CC300BB120469847204661
:100EE000FFF7ACFED4F8D0300BB12046984720462F
:100EF000FFF7DFFED4F8D4300BB120469847237CAF
:100F00000BB9E37BCBB92046FFF707FFD4F8D83005
:100F10000BB1204698472046FFF765FFD4F8DC3038
:100F20000BB1204698472046FFF79EFFD4F8E030EB
:100F30000BB120469847002319E0227B204D2B88D7
:100F400003FB02F2D4F8EC10D4F8E800F0F72EF925
:100F5000227B2B8802FB03F303FB02F2D4F8FC1084
:100F6000D4F8F800F0F722F9E0E70133DBB2227B96
:100F70009A4214D9D4F8F81002FB033201EB820232
:100F800092ED007A216A01EB8301D1ED007AB4EE93
:100F9000E77AF1EE10FAE8D5C2ED007AE5E7084B02
:100FA0001B8803FB02F2D4F8E8102068F0F7FEF883
:100FB000D4F8E4300BB120469847206838BD00BF14
:100FC0004A5D032408B5002201210248F4F7A2F982
:100FD00008BD00BF0008025808B5012211460248AA
:100FE000F4F798F908BD00BF0008025808B50022C0
:100FF00008210248F4F78EF908BD00BF0008025826
:1010000008B5012208210248F4F784F908BD00BFA1
:101010000008025800B587B08DF80F004FF47A73BE
:10102000009301230DF117020DF10F010448006830
:10103000F7F7EEF89DF8170007B05DF804FB00BF66
:101040004C5D032438B50D46144640F08000FFF790
:10105000E1FF06E05520FFF7DDFF05F8010B013C3D
:10106000E4B2002CF6D138BD10B50C46FFF7D2FF24
:101070002046FFF7CFFF10BD10B50C4640F08000B2
:10108000FFF7C8FF5520FFF7C5FF207010BD000017
:1010900030B52DED048B89B00446C54B93E80300B1
:1010A0000690ADF81C10090C8DF81E1000238DF869
:1010B0001F3000F0BFFFBF4B83ED000A00F0BAFF06
:1010C000BC4BD3ED007A30EE670ADFEDBB7AB4EEAD
:1010D000E70AF1EE10FA0CDC9FEDB80A01F004F813
:1010E000002323636362A362E362B0EE689A002583
:1010F000DBE0B34B6362B34BA362B34BE362B34B2E
:101100002363B34BA36194ED0C7ADFEDB26AC6EEB4
:10111000877AC4ED087A09B0BDEC048B30BD9DF828
:101120001B301B021BB29DF81A20134307EE103A26
:10113000A94BD3ED006AB8EEC77A27EE267A84ED84
:10114000037AD4ED097A37EE877A84ED097A9DF82F
:101150001D301B021BB29DF81C20134307EE103AF2
:10116000B8EEC77A27EE267A84ED047AD4ED0A7AAF
:1011700037EE877A84ED0A7A9DF81F301B021BB286
:101180009DF81E20134307EE903AF8EEE77A67EEDB
:10119000A67AC4ED057A94ED0B7A77EE277AC4ED42
:1011A0000B7AE6E00023022B0DD89A1C04EB820296
:1011B000516808AA02EB830242F8141C42F8201C72
:1011C0000133DBB2EFE7B0EE688A78EEC86A834B92
:1011D000C3ED006A00233BE00133DBB2022B24D8CD
:1011E00019469A1C04EB8202D2ED017A08AA02EB9E
:1011F000830212ED057AF4EEC77AF1EE10FA04DDFF
:1012000008AA02EB830242ED057A08AA02EB8102EA
:1012100012ED087AF4EEC77AF1EE10FADCD508AADE
:1012200002EB810141ED087AD6E7F0EE498ACCE77E
:1012300008AA02EB830252ED057A12ED087A77EEE6
:10124000C77A674A02EB8302C2ED007A0133DBB250
:10125000022BEDD9DFED637AF4EEE76AF1EE10FAD6
:1012600000F39C805E4B93ED007ADFED5F7AB4EE85
:10127000E77AF1EE10FA00F3918093ED017AB4EE83
:10128000E77AF1EE10FA00F3898093ED027AB4EE7A
:10129000E77AF1EE10FA00F381809FED540A00F036
:1012A00023FF0135ADB2B0EE689A41F287339D421B
:1012B00072D8FFF787FE9220FFF7ACFE062206A940
:1012C0001220FFF7BFFEFFF787FE9DF819301B02C3
:1012D0001BB29DF81820134300EE103AB8EEC00A76
:1012E000434AD2ED007A20EE270A84ED000A9DF8E9
:1012F0001B301B021BB29DF81A100B4307EE103A6D
:10130000D2ED006AB8EEC77A27EE267A84ED017A2C
:101310009DF81D301B021BB29DF81C20134307EEE5
:10132000903AF8EEE77A67EEA67AC4ED027A20EEFC
:10133000000A27EE077A30EE070A67EEA77A30EE4A
:10134000270A0BF0E5F9F0EE408AD4ED0C7A77EE3F
:10135000807AC4ED0C7AFFF749FE082206A9002026
:10136000FFF770FEFFF74CFE9DF818300F2B3FF48F
:10137000D6AE002D3FF416AFB4EEE89AF1EE10FAB7
:1013800001D5B0EE689AB4EEE88AF1EE10FA01DD0C
:10139000B0EE688A002321E7F0EE498AD4ED0C6AAA
:1013A0009FED147AC6EE877AC4ED0C7A002331E003
:1013B00010EE0108A85D0324000048430AD7A33BB0
:1013C00012D358BBF69A1CBAEA5835BADBB41B41A3
:1013D00000002042C3F51C419C010024945D0324BD
:1013E000985D03249A99993ECDCCCC3D6F12033A77
:1013F0009801002400409C4503F1080204EB82029E
:10140000D2ED016A1FED057AC6EE877AC2ED017A48
:101410000133DBB2022BEFD9FFF7D4FDA220FFF797
:10142000F9FD022206A92220FFF70CFEFFF7D4FDEA
:101430009DF818209DF819305B0943EAC203B3F503
:10144000806F01DBA3F5006307EE903AF8EEE77AD0
:10145000B4EE007A67EE877AB3EE077A77EE877A92
:10146000C4ED067A2D4A1388013313802C4B93ED7B
:10147000007ADFED2C7AB4EEE77AF1EE10FA3FF75E
:101480001DAED4ED0C7A9FED287A77EEC77AF0EE98
:10149000E77AB6EE007AF4EEC77AF1EE10FA3FF78B
:1014A0000DAE224B93ED007ADFED217AB4EEE77AB0
:1014B000F1EE10FA3FF702AE93ED017AB4EEE77A5F
:1014C000F1EE10FA3FF7FAAD93ED027AB4EEE77A57
:1014D000F1EE10FA3FF7F2ADD4ED097AF0EEE77ACB
:1014E0009FED147AF4EEC77AF1EE10FA3FF7E6AD0D
:1014F000D4ED0A7AF0EEE77AF4EEC77AF1EE10FA5C
:101500003FF7DCADD4ED0B7AF0EEE77AF4EEC77A74
:10151000F1EE10FA3FF7D2ADF5E500BF905D032480
:10152000945D03249A99993ECDCC1C41985D032487
:10153000CDCCCC3D0AD7233C70B5FFF743FD8020CE
:10154000FFF768FD5520FFF765FD5520FFF762FDA9
:10155000464C2070FFF740FD0120F1F7A3FBFFF799
:1015600031FD8020FFF756FD5520FFF753FD552034
:10157000FFF750FD2070FFF72FFD0120F1F792FBE0
:10158000FFF720FDB6217E20FFF76EFDFFF724FD5B
:101590005020F1F787FBFFF715FD8020FFF73AFD9C
:1015A0005520FFF737FD5520FFF734FD2070FFF77A
:1015B00013FD0120F1F776FBFFF704FD8020FFF714
:1015C00029FD5520FFF726FD5520FFF723FD20704C
:1015D000FFF702FD0120F1F765FB23781E2B42D1B6
:1015E000234B00221A7002E00133214A1370204B72
:1015F0001B78052B35D8FFF7E5FC1D4D2B781D4CCE
:1016000003EB4303E2185178E05CFFF72DFDFFF791
:10161000E3FC0120F1F746FBFFF7D4FC2B7803EB4A
:101620004303E05C40F08000FFF7F4FC5520FFF737
:10163000F1FC5520FFF7EEFC0C4E3070FFF7CCFCB0
:101640000120F1F72FFB2B7803EB43021444617860
:1016500032789142C8D0A2780749087802430A70CC
:10166000C2E7002070BDFF20FCE700BFA45D03249B
:10167000AC5D032458F30108925D032470B5FFF7B5
:10168000B5FC3F4C21460020FFF7F6FCFFF7B8FC05
:101690000120F1F707FBFFF7A9FC21460020FFF727
:1016A000EBFCFFF7ADFC0120F1F7FCFAFFF79EFC25
:1016B000B6211420FFF7D8FCFFF7A2FC5020F1F769
:1016C000F1FAFFF793FC21460020FFF7D5FCFFF766
:1016D00097FC0120F1F7E6FAFFF788FC214600208D
:1016E000FFF7CAFCFFF78CFC0120F1F7DBFA237847
:1016F0000F2B42D1234B00221A7003E0214A1378AA
:10170000013313701F4B1B78052B34D8FFF76EFC89
:101710001C4D2B781C4C03EB4303E2185178E05C22
:10172000FFF7A2FCFFF76CFC0120F1F7BBFAFFF713
:101730005DFC134E2B7803EB43033146E05CFFF76F
:101740009BFCFFF75DFC0120F1F7ACFA2B7803EB73
:1017500043021444617832789142CFD0013BDBB22E
:101760002B7003EB4303094A13449B78084A117812
:101770000B431370C2E7002070BDFF20FCE700BFE1
:10178000A45D0324AC5D03246CF3010858F3010845
:10179000925D032410B50A4B18600A4C0023237095
:1017A000FFF7CAFE237818432070FFF767FF2378FE
:1017B000184320700448FFF76BFC207810BD00BF71
:1017C0004C5D0324925D0324505D032438B5054627
:1017D000FFF7F8FB9220FFF71DFC734C0622214611
:1017E0001220FFF72FFCFFF7F7FB63781B021BB2F9
:1017F000227813436D4A138007EE903AF8EEE77AA9
:101800006B4991ED007A67EE877A95ED087A67EE7D
:10181000877AC5ED007AE3781B021BB2A0780343F8
:101820001380D1ED006A07EE903AF8EEE77A67EEA2
:10183000A67A67EE277AC5ED017A63791B021BB29F
:1018400021790B43138007EE903AF8EEE77A67EEC2
:10185000A67A67EE277AC5ED027AFFF7C7FB082262
:1018600021460020FFF7EEFBFFF7CAFB23780F2B82
:101870002BD0FFF7A7FBA220FFF7CCFB4A4C02229C
:1018800021462220FFF7DEFBFFF7A6FB22786378D4
:101890005B0943EAC203454A1380B3F5806F02DB5C
:1018A000A3F500631380414BB3F9003007EE903A83
:1018B000F8EEE77AB4EE007A67EE877AB3EE077A4D
:1018C00077EE877AC5ED077A38BD3A4B1B78002B47
:1018D0003AD0E3781B021BB2A1780B4333490B804B
:1018E0003548D0ED006A07EE903AB8EEE77A27EE79
:1018F000267AD5ED097A37EE677A85ED037A637932
:101900001B021BB2207903430B8007EE903AB8EE1E
:10191000E77A27EE267AD5ED0A7A37EE677A85EDF3
:10192000047AE3791B021BB2A27913430B8007EE02
:10193000903AF8EEE77A67EEA67A95ED0B7A77EEB5
:10194000C77AC5ED057A94E7174AD3781B021BB214
:1019500091780B4315490B801748D0ED006A07EECC
:10196000903AB8EEE77A27EE267A85ED037A537936
:101970001B021BB2107903430B8007EE903AB8EEBE
:10198000E77A27EE267A85ED047AD3791B021BB21B
:10199000927913430B8007EE903AF8EEE77A67EE00
:1019A000A67AC5ED057A64E7885D0324845D032487
:1019B00098010024A00100249C01002438B50446AD
:1019C00015460B4B19600021596099600822DA60B6
:1019D000196159619961D96119622046F3F7A4F937
:1019E0000028FAD02A4602492046F3F760F838BDAD
:1019F000B05D0324F0B59BB000241294139402252B
:101A000014950126159616941794254F12A9384659
:101A1000F2F7D4FF009423462A4629463846F3F7C6
:101A200011F8224631463846F3F784F93846F3F781
:101A300024F80A940B960C950D950E940F94194F5B
:101A40000AA93846F2F7BAFF009423462A462946E7
:101A50003846F2F7F7FF224610213846F3F76AF9C5
:101A60003846F3F70AF80294039504950596069410
:101A700007940D4F02A93846F2F7A0FF00942346C1
:101A80002A4629463846F2F7DDFF224631463846D7
:101A9000F3F750F93846F2F7F0FF1BB0F0BD00BF86
:101AA000700F002410100024B010002410B58CB06A
:101AB000044607E06946029800F04EFD10E0104B26
:101AC0009C4215D040212046F3F720F9B0B16B4677
:101AD00002AA40212046F3F725F80A4B9C42E9D0A0
:101AE000094B9C42EBD16946029801F027F8E6E7E2
:101AF0006946029800F0ADF90028E3D10CB010BDA2
:101B0000B0100024700F00241010002410B58CB009
:101B1000044602E00E4B9C4212D041212046F3F7CE
:101B2000F5F890B16B4602AA41212046F2F7FAFF80
:101B3000084B9C42EED16946029800F00DFDE9E7A2
:101B40006946029800F0FAFFE7E70CB010BD00BF4D
:101B500010100024700F002407EE900A70EEC00AE7
:101B6000F8EEE77A67EEA00A01238B40013B07EE0F
:101B7000903AF8EEE77A80EEA77A37EE000A7047DF
:101B8000024B187059705A6018467047D45D032490
:101B900070B52DED028B82B00346C278807840EAA2
:101BA0000220ADF800005A791D7945EA0225ADF80A
:101BB0000250DA799C7944EA0224ADF80440DFED62
:101BC000138A9FED138A1021F0EE680AB0EE480ADE
:101BD000FFF7C2FF0F4E86ED080A1021F0EE680AEB
:101BE000B0EE480A2846FFF7B7FF86ED090A102134
:101BF000F0EE680AB0EE480A2046FFF7ADFF86ED2A
:101C00000A0A02B0BDEC028B70BD00BF33336B43D8
:101C100033336BC3D45D032470B52DED028B82B0DA
:101C20000346C278807840EA0220ADF800005A7975
:101C30001D7945EA0225ADF80250DA799C7944EA2B
:101C40000224ADF80440DFED138A9FED138A1021C2
:101C5000F0EE680AB0EE480AFFF77EFF0F4E86ED01
:101C6000050A1021F0EE680AB0EE480A2846FFF790
:101C700073FF86ED060A1021F0EE680AB0EE480AFE
:101C80002046FFF769FF86ED070A02B0BDEC028B24
:101C900070BD00BF1F850B421F850BC2D45D03249E
:101CA00070B52DED048B84B00346C278807840EA8D
:101CB000022001905A791E7946EA02260296DA79C4
:101CC0009D7945EA022503951021DFED2B0A9FED52
:101CD0002B0AFFF741FF2A4C84ED020ADFED298A27
:101CE0009FED299A1021F0EE680AB0EE490A3046BD
:101CF000FFF732FFB0EE408A84ED040A1021F0EEC7
:101D0000680AB0EE490A2846FFF726FF84ED030A69
:101D1000D4ED117A78EE677AF4EEE87AF1EE10FA03
:101D200018DDD4ED127AB7EE007A77EEC77AC4EDFB
:101D3000127A134BD3ED127A9FED147A67EE877AFD
:101D400078EE277AC3ED107A83ED118A04B0BDECEA
:101D5000048B70BD9FED0C7AF4EEC77AF1EE10FAA9
:101D6000E7D5074BD3ED127AB7EE007A77EE877A94
:101D7000C3ED127ADDE700BF0000B4420000B4C238
:101D8000D45D032400003443000034C30000B44396
:101D9000F8B590F801C08678B21002F03E02360322
:101DA00006F44056C37846EA0316037946EA13164A
:101DB0009D0205F47055437945EA8305837945EA28
:101DC00093151C0204F47C54C3791C430E21F7EED6
:101DD000000ABFEE000A42EA8C10FFF7BDFE114F69
:101DE00087ED0B0A0E21F7EE000ABFEE000A30461F
:101DF000FFF7B2FE87ED0C0A0E21F7EE000ABFEEE8
:101E0000000A2846FFF7A8FE87ED0D0A0E21F7EE1F
:101E1000000ABFEE000A2046FFF79EFE87ED0E0A7D
:101E2000F8BD00BFD45D032408B50378013B032B44
:101E300005D8DFE803F00205080BFFF7A9FE08BD8F
:101E4000FFF7EAFEFBE7FFF72BFFF8E7FFF7A0FF3E
:101E5000F5E7112805D108B50846FFF7E5FF002092
:101E600008BD4FF0FF3070470E4B1B78C3B982B0EE
:101E70000C4B01221A700C4B5B680193019A0B4BBF
:101E80001B689A4203D20A4A136801331360064B57
:101E90005A68064B1A60034B00221A7002B0704752
:101EA000704700BF485E0324001000E0405E03243A
:101EB000445E032408B54FF0E022D2F8FC3D43F025
:101EC0008073C2F8FC3D0E4B002159601A6842F045
:101ED00001021A600B4B03FB00F00B4B18600B4B1D
:101EE000A3FB00239B090A4A13600A4BA3FB0030A3
:101EF000800C094B1860094B1960FFF7B5FF08BD4E
:101F0000001000E040420F004C5E0324D34D6210ED
:101F1000505E032483DE1B43545E0324445E03248B
:101F200000B52DED028B83B00D4B5B680193019BD7
:101F300002689B1A07EE903AF8EE677A094B93ED28
:101F4000007AB8EE477A87EE878A019B0360FFF735
:101F50008BFFB0EE480A03B0BDEC028B5DF804FBCA
:101F6000001000E04C5E03242DE9F04182B0274BC5
:101F70005B680193FFF778FF254B1C680026650816
:101F8000E3071B1B65F10005DB186D411C1945F1CA
:101F90000005019BE41845F100071E4B1C605F60C3
:101FA0001D4B1D682A46334620463946EEF77CFF16
:101FB0001A4A10605160A5FB003205FB0125E41AA6
:101FC00067EB0505164B1C605D60DFF86480C8F8A0
:101FD0000000144B1F683A46334620462946EEF768
:101FE00063FF80B2A8F8040007FB00F0201A65F137
:101FF00000010D4B186059600C4B1A683346EEF720
:1020000053FFA8F8060002B0BDE8F081001000E020
:10201000445E0324385E03244C5E0324205E0324C4
:10202000285E0324505E0324305E0324545E0324A0
:102030005C5E032408B5FFF797FF0E4B9A8800EE0D
:10204000102AB8EEC00ADFED0C7A60EE277A93ED25
:10205000007AB8EE470A30EE270ADB8807EE903A9E
:10206000F8EEE77A9FED057A67EE877A30EE270A79
:1020700008BD00BF5C5E03246F12833ABD3786350E
:1020800008B5FFF771FF0B4A116893884FF47A7017
:1020900000FB013300EE103AB8EE400AD38807EE99
:1020A000903AF8EEE77A9FED047A67EE877A30EEA1
:1020B000270A08BD5C5E03246F12833A08B5FFF758
:1020C00053FF074A106893884FF47A7101FB03F3BA
:1020D000044901FB0033D0881844002108BD00BF2B
:1020E0005C5E032440420F0082B0114B5B68019399
:1020F00017E00F4B5B68019A9B1A0E4AD2ED007AEB
:10210000F8EE677A67EE807A07EE103AB8EE477A13
:10211000B4EEE77AF1EE10FA4CBF01220022064B32
:102120001A70054B1B78002BE3D102B0704700BF3B
:10213000001000E04C5E0324585E032420B10078B8
:10214000003818BF012070474FF0500383F3118807
:10215000BFF36F8FBFF34F8FFEE780B110B50C4612
:1021600013460246A1B1E3B1816819B3007E18B3EA
:1021700052681846EFF71AF80020207010BD4FF093
:10218000500383F31188BFF36F8FBFF34F8FFEE7C8
:102190004FF0500383F31188BFF36F8FBFF34F8F5E
:1021A000FEE74FF0500383F31188BFF36F8FBFF347
:1021B0004F8FFEE70120E1E70B20DFE730B170B57C
:1021C0000D460446836853B10B2070BD4FF0500399
:1021D00083F31188BFF36F8FBFF34F8FFEE7406823
:1021E000FAF732FC064608B36268002104F070FB7F
:1021F0000820FAF729FC014688B1A660E5610C4B7E
:102200001A465B68002BFBD113686BB151600C6000
:10221000002048606062A062A085E085D5E7304676
:10222000FAF790FC0520D0E71146F0E70520CCE74F
:10223000645E0324F8B5F8B10F46164605464369B7
:102240001D2B25D81020FAF7FFFB044608B3002306
:10225000037047608660C3602B69B3B1D8602861A2
:102260006B6901336B612B7E9BB101232370A368E3
:102270007BB1A86898470CE04FF0500383F31188B6
:10228000BFF36F8FBFF34F8FFEE72861E860E7E78A
:1022900000242046F8BDA0B170B50546D1B18068D4
:1022A000002836D06E7E002E35D1EB8D103305EB35
:1022B00043039A8801329A806A68EEF777FFEC68E8
:1022C00012E04FF0500383F31188BFF36F8FBFF319
:1022D0004F8FFEE74FF0500383F31188BFF36F8FEA
:1022E000BFF34F8FFEE7E4683CB1012323706068C1
:1022F0000028F8D0FAF70FF9F5E701232B76EC6800
:1023000000E0E46844B1A368002BFAD0A8689847BD
:10231000F7E7012600E00B26304670BD08B5BDEE9C
:10232000C07AF8EEC77A70EE677ADFED0E6A67EE74
:10233000A67AFDEEE77A17EE903A17EE102A002AF9
:10234000B8BF5242002BB8BF5B42B5EEC00AF1EEF7
:1023500010FA03D4044904F097FB08BD034904F0C4
:1023600093FBFAE700007A4488F3010880F3010840
:1023700090F83230012B2CD05AB2002A50D0023BB8
:10238000DBB2012B4CD890F82C30042B12D8013B37
:10239000DBB24A68012A0BD0012222494FF0010C1E
:1023A00001F802C080F8313080F8302000230BE0C3
:1023B0000422F2E7053BDBB24A68012A01D0002281
:1023C000EBE70322E9E70133174A12789A42FAD879
:1023D000704790F82C301A1FD2B2042A12D8053B4D
:1023E000DBB24A68012A0BD000220E494FF0010CE3
:1023F00001F802C080F8313080F8302000230BE073
:102400000322F2E7093BDBB24A68012A01D002222B
:10241000EBE70522E9E70133034A12789A42FAD83A
:10242000704700BF885E0324845E032400B5B0F8C3
:102430001CC0A0F81EC00B784A7842EA03228283AF
:1024400007EE902AF8EE677ADFED3D6A67EEA66A3E
:10245000C0ED026AB0F9203007EE903AF8EEE77A64
:102460009FED386A27EE867A91F802E0CB7843EA4E
:102470000E231BB207EE903AF8EEE77ADFED325A00
:1024800067EEA57A77EE277AFDEEE77A17EE903AB7
:102490000384D0ED037A27EE867A91F802E0CB78B8
:1024A00043EA0E231BB207EE903AF8EEE77A9FED6F
:1024B000276A67EE867A77EE277AC0ED037AB0F95D
:1024C000223007EE903AF8EEE77A9FED217A27EE78
:1024D000877A91F804E04B7943EA0E231BB207EEAA
:1024E000903AF8EEE77A9FED1B6A67EE867A77EE10
:1024F000277AFDEEE77A17EE903A43848B7980F8DD
:102500002430A2EB0C02B2F5805F11DD4369013B80
:10251000436143694FF4B47202FB03F307EE903A50
:10252000F8EEE77A77EEA67AC0ED047A5DF804FB60
:1025300012F5805FEDDA436901334361E9E700BFDB
:10254000ACFF333D9899193E9A99593F3433A340D3
:10255000D0CCCC3D6666663F08B58446002300E0DB
:102560000133084A12789A4209D9074A52F82300DF
:10257000C26A6245F4D1FFF759FF002001E04FF035
:10258000FF3008BD845E03246C5E0324002380F8C2
:1025900033307047012380F83330704770B58CB00A
:1025A000002500E00135324B1B78AB423BD9314B63
:1025B00053F82540002C58D00DF1100C04F1080EF2
:1025C000BEE80F00ACE80F009EE80F008CE80F009B
:1025D000A66B0CAB13E90F008DE80F0004AB0FCB1B
:1025E000B04794F8302094F831C04FEA4C01C0F362
:1025F000072602EB420E204B03EB8E0303EB4C0E3F
:102600008EF8046001310B44187194F83330002BBC
:10261000C8D102EB4202184B03EB820204320023C2
:1026200022F81C30BEE700240BE0134B04EB4401FE
:1026300003EB8102043253F821101048FFF7BEF972
:102640000134052C11D80E4B1B5D002BF8D0022C49
:10265000EBD8094B04EB440103EB8102043253F83D
:1026600021100648FFF7AAF9EAE70CB070BD00BFD9
:10267000845E03246C5E0324A4010024700F0024F4
:10268000885E032470B505460E463C20FAF7DCF957
:10269000044620B3184B1B78052B2BD83C22002175
:1026A00004F016F92B7884F83230EB68E362A66305
:1026B0006B6823716B68022B16D0032B17D0012B8C
:1026C0000FD029462046FFF753FE2046FFF762FF52
:1026D000094A1378591C1170084A42F823402046D1
:1026E00070BD074B2360ECE7064B2360E9E7064B20
:1026F0002360E6E70024F2E7845E03246C5E032493
:10270000700F002410100024B010002407EE900A6F
:1027100070EEC00AF8EEE77A67EEA00A01238B405C
:10272000013B07EE903AF8EEE77A80EEA77A37EEB3
:10273000000A704731EE601A30EE600A01238340D0
:10274000013B07EE903AF8EEE77A60EE277A87EEE3
:10275000817AFDEEC77A17EE903A98B2704738B595
:1027600005460C468368C3600B7803F00F030371C2
:102770000B781B09437148788B781021F1EE0C0A15
:10278000B9EE0C0A43EA0020FFF7C0FF85ED020A0C
:10279000E07823791B090C21F3EE040ABBEE040A4E
:1027A00043EA0010FFF7B2FF85ED040A23791B020C
:1027B00003F4706360790C21F1EE0C0AB9EE0C0A97
:1027C0001843FFF7A3FF85ED050AA37907EE903ABA
:1027D000F8EE677AC5ED067AE37907EE903AF8EEFF
:1027E000677AC5ED077A38BD84B02DE9F0412DED4B
:1027F000048B0AAC84E80F00209C9DF85530012B17
:1028000000F0BF80022B00F0D8802BB1BDEC048B10
:10281000BDE8F04104B070479DED1B0AF9EE0C7A5B
:10282000B4EEE70AF1EE10FA09D9F1EE0C7AB4EE43
:10283000E70AF1EE10FA04DBB0EE670A01E0B9EE48
:102840000C0A8DED1B0ADDED1C9AFBEE047AF4EE0A
:10285000E79AF1EE10FA09D9F3EE047AF4EEE79A6A
:10286000F1EE10FA04DBF0EE679A01E0FBEE049A59
:10287000CDED1C9ADDED1D8AF5EEC08AF1EE10FA61
:1028800009D9DFED567AF4EEE78AF1EE10FA04DBAF
:10289000F0EE678A01E0DFED528ACDED1D8A9DEDF5
:1028A0001E8AB5EEC08AF1EE10FA09D9F1EE047A6B
:1028B000B4EEE78AF1EE10FA04DBB0EE678A01E0CD
:1028C0009FED478A8DED1E8A9DED1F9AF9EE0C7AD9
:1028D000B4EEE79AF1EE10FA09D9F1EE0C7AB4EE03
:1028E000E79AF1EE10FA04DBB0EE679A01E0B9EE78
:1028F0000C9A8DED1F9A1020B1EE0C1AF9EE0C0A0D
:10290000FFF718FF80460C20B3EE041AFBEE040A12
:10291000B0EE690AFFF70EFF0746DFED319A0C2093
:102920009FED2E1AF0EE690AB0EE680AFFF702FF7B
:1029300006460C20B1EE041AF0EE690AB0EE480A21
:10294000FFF7F8FE05460C20B1EE0C1AF9EE0C0A62
:10295000B0EE490AFFF7EEFE03464FEA1822227056
:1029600084F801803A09A270300A40EA0717E7703C
:1029700026712A096271180A40EA0515A571E371EA
:1029800044E7184B1BAA1A60174A1CA911609DF84E
:102990006C10217019684978617019688978A17084
:1029A0001B68DB78E37013681A7822715A786271B9
:1029B0009A78A271DB78E37128E70B4B1CAA1A60A6
:1029C0009DF8702022701A68527862701A689278A6
:1029D000A2701B68DB78E37018E700BF0000FA43C1
:1029E000000000001060032414600324F0B52DEDF6
:1029F000028BA7B004460DF1780C00F1040EBEE87E
:102A00000F00ACE80F009EE80F008CE80F00FFF706
:102A100055FB636A013B404D9E0005EB830393ED3C
:102A2000008AEEF7FBF907EE900A77EEC87A3B4B87
:102A30003344C3ED007AFFF741FB636A013B05EBCA
:102A40008305EEF7EBF92860E56BEC460DF1840E9B
:102A5000BEE80F00ACE80F00DEF80030CCF8003024
:102A60001EAB0ECB14A8A84794F82F1094F82E3064
:102A7000994213D1FC2B27D0FD2B21D1284A4FF0AE
:102A8000FF311160C2F80310D371616A2068FEF74C
:102A900095FF94F82F3084F82E3011E0204A4FF043
:102AA000FF331360C2F80330D171616A2068FEF70A
:102AB00085FF94F82F3084F82E30606BF9F72BFDEA
:102AC00027B0BDEC028BF0BD19AD14AE0FCE0FC513
:102AD00033682B60124F12970DAD19AE0FCE0FC594
:102AE00033682B606D4604F1100CBCE80F000FC575
:102AF000BCE80F000FC5BCE80F000FC5DCF80030C4
:102B00002B6094E80F00FFF76FFE3A46616A206879
:102B1000FEF754FFD4E700BFFC5F0324EC5F0324FF
:102B2000905E032408B590F82E308B4205D080F8D3
:102B30002F101421406BF9F7BFFC08BD08B5002029
:102B400000E001300D4B1B78834213D900EB0013DA
:102B50000B4A02EB83035A6A0B7803F00F039A4285
:102B6000EFD100EB0010064B03EB8000FFF7F7FD01
:102B7000002001E04FF0FF3008BD00BF0D600324CE
:102B8000985E032410B50A4C23785A1C227003EB7C
:102B900003139A0007481044FFF728FF2278064BDA
:102BA0001B789A4200D010BD00222270FBE700BFC4
:102BB0000C600324985E03240D60032410B50024E8
:102BC00008E004EB04129300FC2105481844FFF7C9
:102BD000A9FF0134034B1B78A342F2D810BD00BFFC
:102BE000985E03240D60032470B582B02A4B1C78D4
:102BF000027804EB0415294B03EB850383F82C20A2
:102C0000C2689A6282685A62D963254A1A64436824
:102C1000022B32D0032B37D0012B29D0002600966F
:102C2000019601216846F9F71BFC1C4D04EB0414C6
:102C300005EB84046063184C207800EB001305EB6F
:102C40008303FD2183F82E1083F82F101846FFF719
:102C500069FF207800EB001305EB830383F82D60F8
:102C6000431C237000EB001005EB800002B070BD28
:102C70000A4A0C4942F82510D0E704EB0413074A2E
:102C8000094942F82310C9E704EB0413034A074932
:102C900042F82310C2E700BF0D600324985E0324AE
:102CA000252B0108700F002410100024B010002400
:102CB00008B50F4B984203D00E4B98420CD008BD7C
:102CC000002210210C48F2F725FB00224FF480412E
:102CD0000A48F2F71FFBF2E7002210210648F2F73C
:102CE00019FB00224FF480410448F2F713FBE6E79A
:102CF000C82600245C270024000C02580004025857
:102D0000004870471860032410B590F800C043785D
:102D10004CEA032CCCF30A0C644CA4F800C0ACF5CC
:102D2000806C1FFA8CFCA4F800C041788378C90835
:102D300041EA4311C1F30A016180A1F5806189B2C2
:102D400061808378C2789B0943EA8203027943EA6F
:102D50008223C3F30A03A380A3F580639BB2A380FD
:102D6000027990F805E0520842EACE12C2F30A0254
:102D7000E280A2F5806292B2E2800CF1050C1FFAAB
:102D80008CFCBCF10A0F03D84FF0000CA4F800C073
:102D9000053189B20A2902D8444900244C80053300
:102DA0009BB20A2B02D8414B00219980053292B286
:102DB0000A2A02D83D4B0022DA80427992093B4B25
:102DC0001A724279C2F301125A72B3F90030002B21
:102DD000B8BF5B429BB207EE903AF8EEE77A9FED00
:102DE000347AF4EEC77AF1EE10FA55DC2F4BB3F9D2
:102DF0000230002BB8BF5B429BB207EE903AF8EE70
:102E0000E77AF4EEC77AF1EE10FA45DC274BB3F916
:102E10000430002BB8BF5B429BB207EE903AF8EE4D
:102E2000E77AF4EEC77AF1EE10FA35DC1F4BB3F90E
:102E30000630002BB8BF5B429BB207EE903AF8EE2B
:102E4000E77AF4EEC77AF1EE10FA25DC8279C379DD
:102E500042EA0322154C6281027A417A42EA012257
:102E6000A281027BA273427BE273827BC17B42EA36
:102E700001222282027C417C42EA012212B2628259
:102E8000A2F58062628204F1140C0FCCACE80F0052
:102E90002368CCF8003008E0044B00221A605A6026
:102EA0009A60DA601A614FF0FF3010BD1860032499
:102EB0000000254438B58446B64B006818609CF87D
:102EC00004201A71BCF8053040F20E2293424FD80C
:102ED000B3F5007F3ED840F20112934266D0B3F5BD
:102EE000817F0FD3B3F5827F65D040F20512934204
:102EF00040F0D980A84BBCF807109CF80920198035
:102F00009A70D0E0022B4CD0032B13D1A34CDCF8E9
:102F10000700DCF80B10DCF80F20DCF813300FC4CE
:102F2000DCF81700DCF81B10DCF81F20DCF823307D
:102F30000FC4B8E0012B40F0B680994BDCF80700D5
:102F4000DCF80B1003C3BCF80F109CF8112019809B
:102F50009A70A8E0A3F201230D2B00F2A480DFE811
:102F600003F032444F58A26368737B8088A3A8B0F3
:102F700040F20932934200F29680B3F5407F40F26E
:102F80009280A3F20133082B00F28D80DFE813F06A
:102F90009E00A500C500D200E400F400FB003C0147
:102FA00056019CF807207F4B1A707CE0DCF8072064
:102FB0007D4B1A6077E07D4BBCF807109CF8092028
:102FC00019809A706FE07A4D2B46DCF80700DCF828
:102FD0000B10DCF80F2007C39CF813201A70754CF7
:102FE00095E80F0007C423705DE0734CDCF8070020
:102FF000DCF80B10DCF80F20DCF813300FC452E0C3
:103000006E4BDCF80700DCF80B10DCF80F2007C370
:1030100049E06B4BDCF807001860BCF80B109CF81B
:103020000D2099809A713EE09CF80720654B1A703C
:1030300039E0654BDCF807001860BCF80B109CF811
:103040000D2099809A712EE0604BDCF80700186023
:10305000BCF80B209A8026E0DCF807205C4B1A6055
:1030600021E05C4BDCF807001860BCF80B209A806C
:1030700019E00CF1070E584C0CF12705A446DEF8B8
:103080000000DEF80410DEF80820DEF80C30ACE8B2
:103090000F000EF1100E6446AE45EFD1DEF80000D1
:1030A000DEF8041003C438BD9CF807204B4B1A709F
:1030B000F9E74B4BDCF807001860BCF80B209A804E
:1030C000F1E79CF80720474B1A70ECE776220CF1E9
:1030D00007014548EEF76AF8E5E7444CDCF80700DD
:1030E000DCF80B10DCF80F20DCF813300FC4DCF830
:1030F0001700DCF81B10DCF81F2007C4BCF82330D5
:103100002380002306E0394A52F82310384A42F857
:1031100023100133062BF6DDC5E7364BDCF807003C
:10312000DCF80B1003C3BCF80F109CF811201980B9
:103130009A70B8E7304B1C46DCF80700DCF80B103F
:10314000DCF80F2007C41B4C07CBC4F81D00C4F8E3
:103150002110C4F82520A6E7284CDCF80700DCF88D
:103160000B10DCF80F20DCF813300FC4DCF817006C
:10317000DCF81B1003C496E7214BDCF80700DCF8F1
:103180000B1003C38FE769220CF107011D48EEF70E
:103190000DF888E7F0610324C0600324E86003248D
:1031A00008610324E4600324C4600324D062032480
:1031B00088630324F8610324D06103247C6303241F
:1031C000646003243C610324A0630324E0610324BE
:1031D000E0620324B860032414610324EC61032437
:1031E00098630324E86103240463032498600324A0
:1031F000C860032440610324D4620324B86103241B
:103200006C6003244C6103240CF1070E164C0CF186
:103210002705A446DEF80000DEF80410DEF80820DA
:10322000DEF80C30ACE80F000EF1100E6446AE452F
:10323000EFD1BEF80030ACF8003034E70B4CDCF8CE
:103240000700DCF80B10DCF80F20DCF813300FC49B
:10325000DCF81700DCF81B10DCF81F2007C4BCF8F2
:10326000233023801FE700BF74600324E46203243B
:1032700070B506460D46002422E0A52A06D0554B1F
:10328000002283F88D2083F88E2017E0514BB3F88D
:103290008D10481CA3F88D0019444A7101221A713F
:1032A0000CE04C4B1968A1F80120B3F88D10481CB4
:1032B000A3F88D0019444A7102221A710134A4B294
:1032C000AC4280F08680325D424B1B79052B7AD868
:1032D00001A151F823F000BF7B320108A33201089D
:1032E000F13201082D330108433301087B33010813
:1032F000384B1868B0F8011041EA0221A0F801101B
:10330000B3F88D10481CA3F88D0019444A711B684E
:10331000B3F801307E2B03D82E4B03221A71CDE770
:103320008F2200212B4803F0D3FAC7E7294BB3F8CB
:103330008D10481CA3F88D0019444A7104221A719B
:10334000BCE7244BB3F88D10481C1FFA80FCA3F88F
:103350008D000B445A71BCF1050FAFD105211E48F9
:10336000FDF752F918B11B4B05221A71A6E78F22FF
:103370000021184803F0ACFAA0E7164BB3F88D0013
:103380001968B1F801300933984206D2114B00F1A7
:10339000010CA3F88DC003445A710E4BB3F88D3065
:1033A000B1F8011009318B4288D30B48FDF75CF965
:1033B00028B98F220021074803F08AFA7EE70648E1
:1033C000FFF778FDF5E78F220021024803F080FA2D
:1033D00074E770BD406203244562032410B588B0D1
:1033E00000238DF807300EE04FF0600C14E04FF032
:1033F000600C1EE04FF0600CC3F1170420346C44E5
:1034000004F818CC0133072B21DC41FA03F414F043
:10341000010FE9D04FF0780CC3F1070420346C445D
:1034200004F818CC40FA03F414F0010FDFD04FF089
:10343000780CC3F10F0420346C4404F818CC42FA21
:1034400003F414F0010FD5D04FF0780CD4E74FF609
:10345000FF7300220DF107010F48F4F777FD0E4BC3
:1034600093F88130DBB2012BF9D14FF6FF731822AC
:1034700002A90948F4F76AFD002408E04FF6FF733B
:1034800001220DF107010448F4F760FD0134632CBB
:10349000F4DD08B010BD00BFF421002408B5002100
:1034A0001748FEF78BFE00211648FEF787FE002125
:1034B0001548FEF783FE00211448FEF77FFE002129
:1034C0001348FEF77BFE00211248FEF777FE00212D
:1034D0001148FEF773FE00211048FEF76FFE002131
:1034E0000F48FEF76BFE00210E48FEF767FE002135
:1034F0000D48FEF763FE00210C48FEF75FFE08BD95
:10350000DC020024AC020024EC0100241C02002494
:10351000CC0300244C0200246C0300247C02002411
:103520009C030024FC0300240C0300243C0300241F
:1035300008B572B6FFF7B2FF00F036FB01F0AAFC47
:1035400000F06AFD00F0EAFF02F038F801F03CFB01
:1035500001F020FF62B608BD08B5002211460648FA
:10356000FEF768FE054B1860002211460448FEF77E
:1035700061FE044B186008BDDC020024486403248B
:10358000EC010024BC63032484B008B50DF1080CE1
:103590008CE80F00BDF9203000EE103A0B4BB3F968
:1035A000063000EE903AF8EEE00AB8EEC00A084B9A
:1035B000D868FCF771F8BDEEC00A10EE103A18B2E8
:1035C000044B1880BDE8084004B070474C640324E5
:1035D000C06303245A64032484B008B50DF1080CB9
:1035E0008CE80F00BDF9203000EE103A0B4BB3F918
:1035F000043000EE903AF8EEE00AB8EEC00A084B4C
:103600009868FCF749F8BDEEC00A10EE103A18B2FF
:10361000044B1880BDE8084004B070474C64032494
:10362000C06303245864032484B008B50DF1080C6A
:103630008CE80F00BDF9203000EE103A0B4BB3F9C7
:10364000023000EE903AF8EEE00AB8EEC00A084BFD
:103650005868FCF721F8BDEEC00A10EE103A18B217
:10366000044B1880BDE8084004B070474C64032444
:10367000C06303245664032484B008B50DF1080C1C
:103680008CE80F00BDF9203000EE103A0B4BB3F977
:10369000003000EE903AF8EEE00AB8EEC00A084BAF
:1036A0001868FBF7F9FFBDEEC00A10EE103A18B229
:1036B000044B1880BDE8084004B070474C640324F4
:1036C000C06303245464032482B00A46D0ED007A18
:1036D0009FED4D7AF4EEC77AF1EE10FA76D880EDD0
:1036E000007AD0ED017A9FED487AF4EEC77AF1EED8
:1036F00010FA75D880ED017AD0ED027AB8EE087A2A
:10370000F4EEC77AF1EE10FA74D880ED027A90EDFB
:10371000007AD0ED015A77EE656AD0ED027A9FED1E
:103720003B6A67EE867A76EEA76A9FED396A66EEA7
:10373000866AFDEEE66A16EE903AADF8003075EE58
:10374000876A77EEA66A66EE866AFDEEE66A16EE90
:10375000903AADF8023075EEC76A77EEA66A66EE6B
:10376000866AFDEEE66A16EE903AADF80430B1EEE8
:10377000477A37EE657A77EE877A67EE867AFDEEDE
:10378000E77A17EE903AADF8063022490B68B3F9A4
:1037900020304868B0F9200003448868B0F9200060
:1037A0000344C968B1F920100B4407EE903AF8EED3
:1037B000E77ADFED196A87EEA67A184B83ED047A73
:1037C0006B4603CB1060516002B070479FED147AD6
:1037D000F4EEC77AF1EE10FA83DB80ED007A80E731
:1037E0009FED0F7AF4EEC77AF1EE10FA84DB80EDEC
:1037F000017A81E7B0EE087AF4EEC77AF1EE10FABA
:1038000085DB80ED027A82E70000FAC40000E6431F
:10381000D0A21840E463032409886845D0630324D8
:103820000000FA4408B50C4B1868FEF787FC28B96D
:103830000A4B1868FEF782FC38B908BD084A064BE7
:1038400019680848FEF789FCF2E7074A034B196834
:103850000648FEF782FCF0E748640324BC630324B7
:10386000FC630324DC020024A8630324EC0100248D
:103870002DE9F0472DED028B84B082469FED2F7A23
:10388000C0EE077AF1EE677A17EE904A4568006855
:10389000ECF7BAFE06460F462046ECF7B5FE41ECC3
:1038A000180B41EC100B08F0D7FD54EC103B8DEDDC
:1038B000000B10EE102A234630463946ECF7FCFE8A
:1038C000CDE902012846ECF79FFE04460D46B0EE16
:1038D000480AF0EE680A08F007FE59EC108B10EE6B
:1038E000102A4B4620462946ECF7E6FE02460B46D8
:1038F000DDE90201ECF728FDEDF778F9CAF80000E0
:1039000042464B4630463946ECF7D6FE06460F4651
:1039100022462B46DDE90001ECF7CEFE02460B46BF
:1039200030463946ECF712FDEDF760F9CAF80400AD
:1039300004B0BDEC028BBDE8F08700BF1B2F6542D1
:1039400008B502490248FEF7A6FC08BDD06303246F
:103950001C02002410B5FFF765FF002406E0664B4B
:1039600053F82400FEF716FE0134E4B2032CF6D916
:10397000624B1C7C0D2C00F2BC80DFE804F00EBA18
:10398000827DBABABABA115DADAD878B5A4B53F886
:103990002400FEF7FBFD0134E4B2032CF6D99BE0D2
:1039A000564BD3ED037A564BC3ED007AB1EE047A51
:1039B000F4EEC77AF1EE10FA0ED5F5EEC07AF1EE1C
:1039C00010FA09DB67EEA77AF0EE476A87EEA67A6F
:1039D0004A4B83ED037A04E0F5EEC07AF1EE10FA7B
:1039E00019D4464CDFED470A94ED030A464B18689C
:1039F000FBF752FEB1EE400A444B83ED000A84ED22
:103A0000020A94ED030A2046FFF732FF40492046A0
:103A1000FFF75AFE60E0B9EE047AF4EEC77AF1EEF1
:103A200010FADEDD67EEE77AF1EE046A87EEA67A39
:103A3000324B83ED037AD4E7364BD3ED027AF5EEC1
:103A4000407AF1EE10FA06D1334B9A6B314BDA60C3
:103A50004FF07E529A60304B93ED0E0A2D4BD3ED12
:103A6000037A264C30EE670A2046FFF701FF28490B
:103A70002046FFF729FE2FE025492048FFF724FEC6
:103A80002AE0234B00221A605A6025E020491B4897
:103A9000FFF71AFE204B93ED0E0A1E4BD3ED037A6F
:103AA00030EE670AB0EEC07AF6EE007AB4EEE77A4E
:103AB000F1EE10FA01D500229A60DFED120A124BE6
:103AC0001868FBF7E9FDB1EE400A104B83ED000AE0
:103AD0000F490A48FFF7F8FDFFF732FF10BD064B0C
:103AE00053F82400FEF752FD0134E4B2032CF6D95A
:103AF000F2E70024FAE700BFE4630324A863032489
:103B0000F463032400000000F86303245C640324CE
:103B10004C640324D0630324FC63032410B58CB0ED
:103B20002C22002101A802F0D3FE154B0193154B66
:103B30000293154B049307238DF81830134B07930A
:103B4000002414E001A8FBF775FD114B43F8240095
:103B500004EBC4000F4B53F824100F4B03EB800011
:103B6000FEF790FD0D4B43F824000134E4B2032C22
:103B7000E8D90B48FBF75EFD0A4B18600CB010BD8E
:103B80000000C0400000704100007A460000FA4585
:103B9000C063032440F4010858040024E4630324B0
:103BA0002C040024F863032408B5FFF7D5FCFFF7C5
:103BB000B5FF08BD6D4B1A7C5A746D4B1B68597A62
:103BC000012917D9597A01290AD9032916D0197A56
:103BD000022917D0092A1DD0644A127C092A19D05B
:103BE000624A127C0C2A1CD00D2A00F0B180092AEE
:103BF00060D070475D4900200874E3E75B490C2002
:103C00000874E4E75949097C0C29E3D15749092094
:103C10000874DFE71A7A022AE2D0544A0D2111749F
:103C2000DEE7B3F9002007EE902AF8EEE77A9FED81
:103C3000517A67EE877ADFED506A87EEA67A9FEDBC
:103C40004F6A27EE067A4E49D1ED017A37EE277A90
:103C5000464A82ED007AB3F9020007EE100AB8EE88
:103C6000C77ADFED487A27EE277AC7EE267A67EE25
:103C7000867A91ED027A77EE877AC2ED017AB3F90E
:103C8000041007EE101AB8EEC77AC7EE267AB0EE27
:103C9000087A67EE877AB3F90A3007EE103AB8EE81
:103CA000C77AF1EE046A27EE267A77EE877AC2EDBC
:103CB000027A70472D4A4FF080419160B3F90010AD
:103CC00007EE901AF8EEE77A9FED2A7A67EE877A88
:103CD0009FED296A87EE867ADFED286A27EE267A3D
:103CE0002749D1ED017A37EE277A82ED007AB3F9D0
:103CF000023007EE103AB8EEC77ADFED227A27EEEF
:103D0000277AC7EE067A67EEA67A91ED027A77EE09
:103D1000877AC2ED017A1C4B93ED047ADFED1B7AB2
:103D2000B4EEE77AF1EE10FA0ED5194A13680133B2
:103D30001360B3F5FA6F7FF75CAF0C4B08221A746F
:103D4000134B00221A607047114B00221A60704713
:103D50000D4BD3ED027AF5EE407AF1EE10FA7FF4D6
:103D600048AF024B0C221A7443E700BF606403247F
:103D7000F0640324CDCCCC3E000025440000FA447E
:103D800040600324CDCC4C3F746403249A99D93FFE
:103D90000065032408B5002211460A48FEF74AFAD6
:103DA000094B1860002211460848FEF743FA084BF9
:103DB0001860002211460748FEF73CFA064B1860CF
:103DC00008BD00BF1C020024886403243C030024B7
:103DD000E46403247C020024B464032408B5124B79
:103DE0001868FEF7ABF950B9104B1868FEF7A6F942
:103DF00060B90F4B1868FEF7A1F970B908BD0D4AFC
:103E0000094B19680C48FEF7A8F9EDE70B4A074B78
:103E100019680B48FEF7A1F9EBE70A4A044B196849
:103E20000948FEF79AF9E9E788640324E464032467
:103E3000B4640324746403241C020024D4640324A3
:103E40003C030024A06403247C020024524B197E0E
:103E50005976524B1A68537A012B19D9537A012B90
:103E60000CD9023BDBB2012B16D9137A022B1ED0E0
:103E7000012924D0484B1B7E012B20D0464B1B7EB2
:103E8000052B00F28380DFE803F0212781814D7547
:103E9000414B00201876E1E7414B1B685B7A012B10
:103EA00001D00029E1D13C4B05201876DDE73A4BE3
:103EB0001B7E042BDCD1384B01201876D8E7137A0F
:103EC000022BDBD0344B05211976D7E7324B002289
:103ED0001A61344A5A61704710B5334C206803693F
:103EE0009847DFED327A20EE270ADFED317A30EEA7
:103EF000670A02F07BF9DFED2F7A20EE270AF2EE57
:103F0000097A30EE270A244B83ED020A2068026802
:103F100043689A4200D010BDC3684FF4FA62002192
:103F20009847F8E71C4B24495961B2F9062007EE7F
:103F3000902AF8EEE77A9FED217A67EE877A93ED83
:103F4000027A77EE877AC3ED027ABAEE047AF4EE5B
:103F5000C77AF1EE10FA02D883ED027A70479FED2E
:103F6000187AF4EEC77AF1EE10FA0FDB0A4B83ED04
:103F7000027A7047084B01221A6100229A60DA60C7
:103F8000084A5A610F4B1B7B012B00D07047024B34
:103F900004221A76704700BFB8640324F064032437
:103FA000EC6403248FC2F53CE8640324DB0FC940B2
:103FB000BCCDEB3E0000B4410AD7233C17B7D13843
:103FC00000000C42D464032408B5FFF73FFFFFF75D
:103FD000F1FD08BD08B508490848FEF75CF9084935
:103FE0000848FEF758F908490848FEF754F9084907
:103FF0000848FEF750F908BD60640324EC01002472
:104000008C6403244C020024F46403246C03002415
:10401000B86403240C03002408B54FF4FA610020AF
:10402000FCF724FA054B1860FFF7B4FEFEF768FEB4
:10403000034B18601430034B186008BDE864032478
:10404000F0640324EC64032408B5FFF7C7FEFFF710
:10405000BBFFFFF7BFFF08BD08B5002211460D48A2
:10406000FEF7E8F80C4B1860002211460B48FEF7EB
:10407000E1F80B4B1860002211460A48FEF7DAF807
:10408000094B1860002211460848FEF7D3F8084B88
:10409000186008BDDC0200243C660324EC01002407
:1040A0001C6503244C020024D4650324AC020024C4
:1040B000EC65032484B038B52DED028B044607A8C7
:1040C00080E80E00FDF7FAFF2D4D95ED038AECF721
:1040D000A5FE07EE900A77EEC87A2A4BC3ED037A65
:1040E000FDF7ECFFECF79AFEE860274BD3ED037A7F
:1040F000BAEE047AF4EEC77AF1EE10FA09D9B2EE0C
:10410000047AF4EEC77AF1EE10FA04DBF0EE477AA7
:1041100001E0FAEE047A1C4BC3ED037A1B4BC3EDAE
:10412000037ABAEE047AF4EEC77AF1EE10FA09D9FE
:10413000B2EE047AF4EEC77AF1EE10FA04DBF0EE98
:10414000477A01E0FAEE047A0F4BC3ED037A104B85
:1041500000221A609A605A60DA60C3ED047AA646BB
:104160009C46BCE80F00AEE80F00DCF80030CEF84B
:1041700000302046BDEC028BBDE8384004B07047EB
:10418000306503242065032458650324486503240F
:104190007C66032484B038B52DED028B044607A855
:1041A00080E80E00FDF78AFF2D4D95ED028AECF7B1
:1041B00035FE07EE900A77EEC87A2A4BC3ED027AF5
:1041C000FDF77CFFECF72AFEA860274BD3ED027ABF
:1041D000BAEE047AF4EEC77AF1EE10FA09D9B2EE2B
:1041E000047AF4EEC77AF1EE10FA04DBF0EE477AC7
:1041F00001E0FAEE047A1C4BC3ED027A1B4BC3EDCF
:10420000027ABAEE047AF4EEC77AF1EE10FA09D91E
:10421000B2EE047AF4EEC77AF1EE10FA04DBF0EEB7
:10422000477A01E0FAEE047A0F4BC3ED027A104BA5
:1042300000221A609A605A60DA60C3ED047AA646DA
:104240009C46BCE80F00AEE80F00DCF80030CEF86A
:1042500000302046BDEC028BBDE8384004B070470A
:10426000306503242065032458650324486503242E
:104270006866032484B038B52DED028B044607A888
:1042800080E80E00FDF71AFF2D4D95ED018AECF741
:10429000C5FD07EE900A77EEC87A2A4BC3ED017A86
:1042A000FDF70CFFECF7BAFD6860274BD3ED017A00
:1042B000BAEE047AF4EEC77AF1EE10FA09D9B2EE4A
:1042C000047AF4EEC77AF1EE10FA04DBF0EE477AE6
:1042D00001E0FAEE047A1C4BC3ED017A1B4BC3EDEF
:1042E000017ABAEE047AF4EEC77AF1EE10FA09D93F
:1042F000B2EE047AF4EEC77AF1EE10FA04DBF0EED7
:10430000477A01E0FAEE047A0F4BC3ED017A104BC5
:1043100000221A609A605A60DA60C3ED047AA646F9
:104320009C46BCE80F00AEE80F00DCF80030CEF889
:1043300000302046BDEC028BBDE8384004B0704729
:10434000306503242065032458650324486503244D
:104350005466032484B038B52DED028B044607A8BB
:1043600080E80E00FDF7AAFE2D4D95ED008AECF7D2
:1043700055FD07EE900A77EEC87A2A4BC3ED007A16
:10438000FDF79CFEECF74AFD2860274BD3ED007A41
:10439000BAEE047AF4EEC77AF1EE10FA09D9B2EE69
:1043A000047AF4EEC77AF1EE10FA04DBF0EE477A05
:1043B00001E0FAEE047A1C4BC3ED007A1B4BC3ED0F
:1043C000007ABAEE047AF4EEC77AF1EE10FA09D95F
:1043D000B2EE047AF4EEC77AF1EE10FA04DBF0EEF6
:1043E000477A01E0FAEE047A0F4BC3ED007A104BE6
:1043F00000221A609A605A60DA60C3ED047AA64619
:104400009C46BCE80F00AEE80F00DCF80030CEF8A8
:1044100000302046BDEC028BBDE8384004B0704748
:10442000306503242065032458650324486503246C
:104430004066032408B5FEF7C1FB08BD10B5002493
:104440000DE004EBC400084B53F82410074B03EBBA
:104450008000FEF7C9FB064B43F824000134022C10
:10446000EFDDFFF7E7FF10BD50F40108E80400247A
:10447000C865032408B5184B1868FDF75FFE78B9C6
:10448000164B1868FDF75AFE88B9154B1868FDF7EA
:1044900055FE98B9134B1868FDF750FEA8B908BD32
:1044A000114A0D4B19681148FDF757FEE8E7104A0D
:1044B0000A4B19680F48FDF750FEE6E70E4A084B15
:1044C00019680E48FDF749FEE4E70D4A054B1968E7
:1044D0000C48FDF742FEE2E73C6603241C6503241A
:1044E000D4650324EC650324F0650324DC02002476
:1044F00008650324EC010024686503244C020024B1
:104500007C650324AC02002408B502490248FDF78B
:10451000C2FE08BDD86503247C02002408B5FFF75D
:104520009BFDFFF78BFF08BD08B5FFF7A3FF064A09
:104530006E231370372353704FF488710348FDF7CF
:104540003DFAFFF7E1FF08BD406503241010002489
:1045500092ED026A66EE067AF6EE006A76EEE77A89
:1045600092ED037A67EE075A77EEE57AD0ED005ABE
:1045700067EEA57AD2ED014A66EE245A92ED005A12
:1045800027EE054A75EEC45A90ED014A65EE845A4D
:1045900077EEA57A27EE247A26EE056A37EE067ABC
:1045A00090ED026A27EE067A77EE877A77EEA77AA1
:1045B000C1ED007AD2ED015AD2ED027A25EEA77A4A
:1045C000D2ED004A92ED035A24EE856A37EE067A60
:1045D00090ED006A27EE067A25EEA56A36EEC66AE9
:1045E00025EE054A36EE446A90ED014A26EE046A4D
:1045F00037EE067A67EE857A65EEA45A77EEE57AAD
:1046000090ED026A67EE867A37EE277A37EE077A00
:1046100081ED017AD2ED015A92ED037A65EE877A47
:1046200092ED005A92ED026A65EE064A77EEE47A60
:10463000D0ED004A67EEA47A27EE067A25EE855A79
:1046400037EE057A90ED015A27EE057A77EE877AF4
:1046500065EEA55A76EEE56A26EE066A76EEC66A3D
:1046600090ED027A66EE876A77EEA67A77EEA77A01
:10467000C1ED027A704792ED026A66EE067AF6EEB6
:10468000006A76EEE77A92ED037A67EE075A77EEE4
:10469000E57AD0ED005A67EEA57AD2ED014A66EED2
:1046A000245A92ED005A27EE054A75EE845A90ED91
:1046B000014A65EE845A77EEA57A27EE247A26EE33
:1046C000056A37EE467A90ED026A27EE067A77EEB3
:1046D000877A77EEA77AC1ED007AD2ED015AD2ED52
:1046E000027A25EEA77AD2ED004A92ED035A24EE23
:1046F000856A37EE467A90ED006A27EE067A25EE57
:10470000A56A36EEC66A25EE054A36EE446A90ED95
:10471000014A26EE046A37EE067A67EE857A65EE80
:10472000A45A77EEA57A90ED026A67EE867A37EEA4
:10473000277A37EE077A81ED017AD2ED015A92EDB0
:10474000037A65EE877A92ED005A92ED026A65EE81
:10475000064A77EEA47AD0ED004A67EEA47A27EEF7
:10476000067A25EE855A37EE457A90ED015A27EE06
:10477000057A77EE877A65EEA55A76EEE56A26EE3B
:10478000066A76EEC66A90ED027A66EE876A77EE82
:10479000A67A77EEA77AC1ED027A704770B52DED53
:1047A000028B8AB0064600240794089409940023DB
:1047B000049305934FF07E5306930194029403945F
:1047C0000FE02C4D2846FDF701F82B6807936B6826
:1047D0000893AB6809939FED280AFDF785FC013427
:1047E000E4B2632CEDD900230CE00AAA02EB8302A9
:1047F00052ED036A9FED217AC6EE877A42ED037A85
:104800000133DBB2022BF0D907A8FBF77FFE04A926
:1048100007A8FBF7D2FE07F021FFB0EE408A01AAFD
:1048200004A907A8FBF798FE01A8FBF76FFEF6EEB8
:10483000007A28EE278AB0EE480A07F09DFE86ED42
:10484000000A002410E00AAB03EB840353ED098A4D
:10485000B0EE480A07F0C8FE013406EB840368EEA8
:10486000808AC3ED008AE4B2012CECD90AB0BDEC19
:10487000028B70BD505D03246F12833A0000C84262
:1048800000B52DED028B85B0174BB7EE008A83ED96
:10489000018A83ED028A83ED038ADFED148AC3ED7A
:1048A000048AC3ED058AC3ED068A01221A7000232B
:1048B00000930193029303936846FFF76FFFB0EEF6
:1048C000682AF0EE481A9FED0A1ADFED0A0AB2EEE6
:1048D000040A6846FBF714FB074B084A9A6205B0C6
:1048E000BDEC028B5DF804FBC066032400000000F1
:1048F000002474496F12833AE066032496430B3C0C
:1049000070B52DED068B86B004460D46164690ED2B
:10491000040A9F4BD3ED007A70EE677AF0EEE77AE7
:104920009FED9C7AF4EEC77AF1EE10FA22DCD0ED1E
:10493000057A994B93ED007A77EEC77AF0EEE77A35
:104940009FED947AF4EEC77AF1EE10FA12DCD0ED16
:10495000067A924B93ED007A77EEC77AF0EEE77A1B
:104960009FED8C7AF4EEC77AF1EE10FA02DC037850
:10497000002B6ED09FED8AAA80EE0A0A01F07CFC23
:10498000B0EE409A94ED050A80EE0A0A01F074FC3C
:10499000F0EE408A94ED060A80EE0A0A01F06CFC03
:1049A000F0EE40AA94ED040A80EE0A0A01F01EFC23
:1049B000B0EE408A94ED050A80EE0A0A01F016FC7A
:1049C000F0EE409A94ED060A80EE0A0A01F00EFC21
:1049D00069EE2A6A28EE297A27EE007A36EE877A7F
:1049E000704B83ED007A28EE887A6F4B83ED007A66
:1049F00029EE006A6AEE885A25EEA97A36EE476AF1
:104A00006A4B83ED006A29EE297A27EE007A37EEA9
:104A1000657A674B83ED007A29EE289A654B83ED22
:104A2000009A28EE408A66EEA96A38EE668A624BE2
:104A300083ED008A68EEC07A604BC3ED007A604B6C
:104A4000C3ED009A68EEAA8A5E4BC3ED008A00238C
:104A50002370002310E005EB8302D2ED007A04EB13
:104A6000830292ED017A67EE877A06AA02EB83024F
:104A700042ED037A0133DBB2022BECD9DDED037A90
:104A8000484B93ED006A27EE867A9DED045A464B1B
:104A9000D3ED002A65EE226A37EE267ADDED055A5F
:104AA000424B93ED003A65EE836A37EE267A85ED48
:104AB000007A3F4BD3ED006A27EEA67A3D4BD3ED4B
:104AC000003A65EE234A37EE247A3B4B93ED004AD9
:104AD00065EE844A37EE247A85ED017A374B93ED03
:104AE000007A67EE877A364BD3ED004A25EE245ADA
:104AF00077EE857A334B93ED005A65EE855A77EE63
:104B0000A57AC5ED027A002309E006EB830211685D
:104B100006AA02EB830242F8181C0133DBB2022B17
:104B2000F3D99DED002A26EE026ADDED015A62EE10
:104B3000A52A36EE226ADDED027A23EE273A36EE1A
:104B4000036A86ED006A66EE826A63EEA53A76EE47
:104B5000A36A24EE274A76EE846AC6ED016A27EE40
:104B6000027A64EEA54A37EE247A25EE275A37EE0C
:104B7000057A86ED027A2269054B1A606269064B56
:104B80001A60A269054B1A6006B0BDEC068B70BDB9
:104B9000C06703246F12833AB8670324BC670324F9
:104BA000E12E6542906603249466032498660324EC
:104BB0009C660324A0660324A4660324A866032439
:104BC000AC660324B066032400B583B01748FAF737
:104BD00031FD174B18600C211648F4F7B5FB164849
:104BE000FCF7F4FDFFF74CFE144A11211020FCF7EE
:104BF000C7FF134B18601348FDF792F9124B83ED72
:104C0000000AFDF73DFA114B83ED000AF7F7DEFBD2
:104C10000F4B18600F4B00930F4B104A10490020A8
:104C2000FAF774F903B05DF804FB00BF54050024E3
:104C3000DC660324CC220024505D0324B010002441
:104C4000BC660324AC670324B8660324B06703245E
:104C5000B467032494F4010860F4010864F40108C3
:104C60006CF4010870B584B0FDF70AFA724CD4ED0B
:104C7000007A30EE670A714B83ED000AFDF700FA07
:104C800084ED000A6E48FDF74BF96E4E86ED000A82
:104C90006D4D2846FCF79AFD2B686C4CE3656B68FC
:104CA0002366AB686366EB6823652B6963656B6994
:104CB000A36504F15C0204F150016548FFF720FE92
:104CC00096ED003AD4ED192A94ED182AD4ED171A6E
:104CD00094ED161AD4ED150A94ED140AFBF782F937
:104CE0005C4B0FCB84E80F00224604F12C015A489C
:104CF000FFF72EFC224604F138015848FFF728FC44
:104D0000224604F144015648FFF722FC224601A93D
:104D10005448FFF7B0FC002327E04C4A03F116018A
:104D200002EB810191ED017A04A901EB830151EDC0
:104D3000037A37EE677A4349D1ED007A27EE277A76
:104D4000D2ED0A6A77EEA67A87EE276A191D02EB82
:104D5000810292ED007A66EE876A86EEA77A76EE99
:104D6000077AC2ED007A0133DBB2022BD5D9374C7A
:104D7000224604F11C0104F11000FFF7E9FB3A4B55
:104D8000D3F8A8012067D3F8A421E266D3ED687AAE
:104D9000C4ED1A7AD3F8AC31636734498863F1EE15
:104DA000677AC1ED0C7A8B644A6394ED157AF1EE63
:104DB000477AC1ED0F7AD4ED147AC1ED107AA36D64
:104DC0004B64F1EE677AC1ED007A81ED017A8B6078
:104DD000E36DCB60236E0B61636E4B6123698B6166
:104DE0006369CB61A3690B62E3694B62236A8B62DF
:104DF000636ACB621E48FDF74EFA1E4B19681E48C7
:104E0000FDF749FA1D4B1B6813F0010F05D01B4A33
:104E100013680133136004B070BDDFED190A0A4B4B
:104E200093ED070A174B1868FAF736FCBCEEC00A78
:104E3000154B83ED000AEAE7B0670324A867032453
:104E4000AC670324B8660324505D0324E0660324A2
:104E5000C0660324F85B0324A8F40108B4F4010835
:104E6000C0F401089CF40108A85A03245C670324D9
:104E7000DC020024BC660324AC020024B4660324D4
:104E800000002042DC660324C467032408B5FFF752
:104E9000E9FE08BD00B583B0002300930193684686
:104EA000F7F7D3FA024B186003B05DF804FB00BFBC
:104EB000D867032410B582B0154B0093154B164AE2
:104EC00016490020FAF722F8FDF7DAF8144C84EDC1
:104ED000000AFDF763FBFDF7D3F8D4ED007A30EE5E
:104EE000670A104B83ED000AF0EE087AB4EEE70A89
:104EF000F1EE10FA01DC02B010BD054B0193094B35
:104F00000093094B094A0A490020F9F7FFFFF2E72D
:104F100094F4010860F4010864F40108CCF4010879
:104F2000D4670324D0670324ECF40108F0F40108EB
:104F3000F8F4010830B583B00446002300930193D0
:104F40000D238DF8003016238DF801300268114BC7
:104F50001B689A4205D022680F4B9A4217D003B0C3
:104F600030BDFDF7ABF8EBF759FF07EE900A0B4D9C
:104F700095ED007A77EEC77A094BC3ED007AFDF71D
:104F80009DF8EBF74BFF2860FDF7FCFDE3E7EDF73D
:104F900077FEE4E71823002400E00040CC670324F8
:104FA000C867032400B585B0FDF76AF8B0EE408A03
:104FB0001C4B00931C4B1D4A1D490020F9F7A6FF0E
:104FC000F7F704FA039012E01A4C2046FDF7A6F911
:104FD000144B01930094184B184A19490020F9F713
:104FE00095FFFFF767FF012103A8F8F7C1FFFDF761
:104FF00047F830EE480A134C84ED000AFDF740F8FC
:10500000B0EE408A94ED000AFDEEC07A0E4BC3ED7F
:10501000007AF7EE087AB4EEE70AF1EE10FAD3DC84
:10502000DFE700BF94F4010860F4010864F40108AC
:1050300074F5010854680324ECF40108F0F4010845
:105040009CF50108506803246468032400B585B00A
:10505000FDF716F8B0EE408A1C4B00931C4B1D4A1E
:105060001D490020F9F752FFF7F7B0F9039012E05D
:105070001A4C2046FDF752F9144B01930094184B3B
:10508000184A19490020F9F741FFFEF763FC012196
:1050900003A8F8F76DFFFCF7F3FF30EE480A134C56
:1050A00084ED000AFCF7ECFFB0EE408A94ED000AB4
:1050B000FDEEC07A0E4BC3ED007AF1EE067AB4EE47
:1050C000E70AF1EE10FAD3DCDFE700BF94F4010841
:1050D00060F4010864F40108D8F50108E4670324CA
:1050E000ECF40108F0F4010804F60108E067032479
:1050F000F467032400B585B0FCF7C2FFB0EE408A28
:105100001C4B00931C4B1D4A1D490020F9F7FEFE65
:10511000F7F75CF9039012E01A4C2046FDF7FEF811
:10512000144B01930094184B184A19490020F9F7C1
:10513000EDFEFEF789FF012103A8F8F719FFFCF740
:105140009FFF30EE480A134C84ED000AFCF798FFED
:10515000B0EE408A94ED000AFDEEC07A0E4BC3ED2E
:10516000007AF7EE087AB4EEE70AF1EE10FAD3DC33
:10517000DFE700BF94F4010860F4010864F401085B
:1051800040F6010800680324ECF40108F0F401087B
:1051900068F60108FC6703241068032400B585B095
:1051A000FCF76EFFB0EE408A1C4B00931C4B1D4A6F
:1051B0001D490020F9F7AAFEF7F708F9039012E05D
:1051C0001A4C2046FDF7AAF8144B01930094184B93
:1051D000184A19490020F9F799FE00F019FB01213E
:1051E00003A8F8F7C5FEFCF74BFF30EE480A134C56
:1051F00084ED000AFCF744FFB0EE408A94ED000A0B
:10520000FDEEC07A0E4BC3ED007AF7EE087AB4EEED
:10521000E70AF1EE10FAD3DCDFE700BF94F40108EF
:1052200060F4010864F40108A0F601087068032422
:10523000ECF40108F0F40108C8F601086C680324D6
:105240008068032400B585B0FCF71AFFB0EE408AF1
:105250001C4B00931C4B1D4A1D490020F9F756FEBC
:10526000F7F7B4F8039012E01A4C2046FDF756F811
:10527000144B01930094184B184A19490020F9F770
:1052800045FEFFF751F9012103A8F8F771FEFCF77D
:10529000F7FE30EE480A134C84ED000AFCF7F0FEEE
:1052A000B0EE408A94ED000AFDEEC07A0E4BC3EDDD
:1052B000007AF7EE087AB4EEE70AF1EE10FAD3DCE2
:1052C000DFE700BF94F4010860F4010864F401080A
:1052D00004F701081C680324ECF40108F0F4010849
:1052E00030F70108186803242C68032400B585B042
:1052F000FCF7C6FEB0EE408A1C4B00931C4B1D4AC7
:105300001D490020F9F702FEF7F760F8039012E05C
:105310001A4C2046FDF702F8144B01930094184BE9
:10532000184A19490020F9F7F1FDFFF7AFFD0121F7
:1053300003A8F8F71DFEFCF7A3FE30EE480A134C55
:1053400084ED000AFCF79CFEB0EE408A94ED000A62
:10535000FDEEC07A0E4BC3ED007AF7EE087AB4EE9C
:10536000E70AF1EE10FAD3DCDFE700BF94F401089E
:1053700060F4010864F401086CF70108386803243C
:10538000ECF40108F0F4010894F7010834680324F0
:105390004868032410B5B2B03F4C0DF1AC0CA646E2
:1053A000BEE80F00ACE80F009EE807008CE807009D
:1053B00000212BA8F7F714F8384B18600DF1900C6A
:1053C00004F11C0EBEE80F00ACE80F009EE80700D9
:1053D0008CE80700002124A8F7F702F8304B18608A
:1053E0000DF1740C04F1380EBEE80F00ACE80F00AC
:1053F0009EE807008CE8070000211DA8F6F7F0FFE3
:10540000284B18600DF1580C04F1540EBEE80F0043
:10541000ACE80F009EE807008CE80700002116A802
:10542000F6F7DEFF204B18600DF13C0C04F1700E16
:10543000BEE80F00ACE80F009EE807008CE807000C
:1054400000210FA8F6F7CCFF184B18600DF1200CC7
:1054500004F18C0EBEE80F00ACE80F009EE80700D8
:105460008CE80700002108A8F6F7BAFF104B186077
:105470000DF1040E04F1A80CBCE80F00AEE80F001B
:105480009CE807008EE80700002101A8F6F7A8FFB6
:10549000084B186032B010BD18EE010830680324C4
:1054A0004C680324DC670324F8670324146803248E
:1054B000686803248468032408B5002211460D4857
:1054C000FCF7B8FE0C4B1860002211460B48FCF7A5
:1054D000B1FE0B4B1860002211460A48FCF7AAFEE9
:1054E000094B1860002211460848FCF7A3FE084B40
:1054F000186008BDDC02002420690324EC010024AC
:105500009C6803244C020024B46803247C02002419
:10551000CC68032408B5184B1868FCF70FFE78B95F
:10552000164B1868FCF70AFE88B9154B1868FCF78B
:1055300005FE98B9134B1868FCF700FEA8B908BD22
:10554000114A0D4B19681148FCF707FEE8E7104AAD
:105550000A4B19680F48FCF700FEE6E70E4A084BB5
:1055600019680E48FCF7F9FDE4E70D4A054B196888
:105570000C48FCF7F2FDE2E7206903249C68032451
:10558000B4680324CC680324D4680324DC02002418
:1055900088680324EC010024A06803244C02002442
:1055A000B86803247C02002408B502490248FCF7CD
:1055B00072FE08BD2C690324FC03002408B5FFF724
:1055C0007BFF08BD00B589B0844600230193029398
:1055D00003930493059306938DF81C30DFED2C7A2A
:1055E00020EE270ABDEEC07A17EE103A8DF805308E
:1055F0001A0A8DF806201A0C8DF807201B0E8DF85C
:10560000083060EEA70ABDEEE07A17EE103A8DF88A
:1056100009301A0A8DF80A201A0C8DF80B201B0E7F
:105620008DF80C3021EE271AFDEEC17A17EE903A74
:105630008DF80D301A0A8DF80E201A0C8DF80F20F7
:105640001B0E8DF810304FF47A7303FB01F18DF8C7
:1056500011100B0A8DF812300B0C8DF81330090E57
:105660008DF814100DF1040EBEE80F00CCF8040004
:10567000CCF80810CCF80C20CCF810309EF8003094
:105680008CF8143019238CF8033009B05DF804FB52
:1056900000007A4400B5037842781344827852FAC5
:1056A00083F390F803E05EFA83F3DBB21A4600213D
:1056B00008E000EB010C9CF804C06344DBB21A4420
:1056C000D2B201318E45F4DC437782775DF804FB7A
:1056D00084B008B50DF1080C8CE80F00164B93ED63
:1056E000020A164AD2ED0E7AD2ED0D0A93ED037A34
:1056F000134B93F900109FED131A70EEC70A30EEAA
:10570000670A6046FFF75EFF02A8FFF7C3FF192193
:1057100003A8F9F75FFC0C4B1B7A032B03D0BDE801
:10572000084004B07047094B1B78002BF7D1074B9A
:1057300001221A70F3E700BFB8680324D468032479
:105740002469032400000000A068032404650324E6
:1057500010B584B0FCF794FC244B83ED000AFCF7F1
:105760008FFC234BD3ED007AF8EE677A30EE670AB0
:10577000DFED207AB4EEE70AF1EE10FA22DA1E4CE1
:10578000EC4604F110030FCBACE807002CF8023B09
:105790001B0C8CF8003094E80F00FFF799FFFCF722
:1057A0006FFC124BD3ED007A30EE670A134B83ED9A
:1057B000000AF7EE007AB4EEE70AF1EE10FA09DC1F
:1057C00004B010BDFCF75CFCBCEEC00A084B83EDD6
:1057D000000AD4E70A4B0193084B0093094B0A4A8D
:1057E0000A490020F9F792FBEAE700BF3C6903246D
:1057F000D06803240000FA438005002428690324AC
:1058000094F4010860F4010864F40108CCF701087D
:1058100008B5FFF77FFEFFF79BFFFFF7C5FE08BD4A
:1058200038B5274D24220021284601F051F8254B98
:105830001B7803EBC3035900234C2922294420463B
:10584000F4F746FFD4F880301B682049204A934281
:1058500018BF8B422FD0183293422CD0183293426B
:1058600029D01832934226D01832934223D01832CE
:10587000934220D0183293421DD002F556729342C3
:1058800019D01832934216D01832934213D01832DE
:10589000934210D0183293420DD0183293420AD05E
:1058A0001832934207D01832934204D01A6822F07B
:1058B00004021A6003E01A6822F008021A6038BD78
:1058C000106B0324346B0324F027002410000240E3
:1058D0002800024038B5274D4FF4D17200212846E8
:1058E00000F0F6FF244B1978D122244C01FB025121
:1058F0002046F4F7EDFED4F880301B682049214A99
:10590000934218BF8B422FD0183293422CD01832BA
:10591000934229D01832934226D01832934223D092
:105920001832934220D0183293421DD002F556729D
:10593000934219D01832934216D01832934213D0A2
:105940001832934210D0183293420DD0183293423D
:105950000AD01832934207D01832934204D01A6802
:1059600022F004021A6003E01A6822F008021A60AA
:1059700038BD00BF44690324E66A032434260024AA
:10598000100002402800024008B50021094B1868A9
:10599000F7F7B1FD012800D008BD074B187880F05B
:1059A000010000EBC000054B03EB4000FDF7ACF934
:1059B000F2E700BF70200024346B0324106B032433
:1059C00038B500210D4B1868F7F795FD012800D078
:1059D00038BD0B4B1C7884F00103D125094C05FB25
:1059E0000344094B198889B22046FDF741FC2A4639
:1059F0000021204600F06CFFEAE700BF6C20002485
:105A0000E66A032444690324E86A032408B5FFF71F
:105A100007FFFFF75FFF04E0FFF7B6FF0120F8F78D
:105A2000F9FA4FF0FF31074B1868F7F7E1FE064B24
:105A30001B688342F0D0054B1B688342EED1FFF711
:105A4000BFFFEBE778200024702000246C200024A6
:105A500008B50B4B1B6853B110220A490A48F4F7EA
:105A600037FE102209490A48F4F732FE08BD002229
:105A700011211020F7F73CFA014B1860ECE700BF4A
:105A800040690324F06A0324C8260024006B032421
:105A90005C27002470B586B004460D460268374B7B
:105AA0009A4209D02268364B9A4236D02268354B4A
:105AB0009A424BD006B070BD00230093102917D036
:105AC000102231493148F4F703FE0021304B1868A9
:105AD000F7F7FBFB009B002BE4D04FF0E0234FF0E7
:105AE0008052C3F8042DBFF34F8FBFF36F8FD9E7F8
:105AF00002238DF80430244E0FCECDF80500CDF8EA
:105B00000910CDF80D20CDF8113000236A4601A907
:105B100020480068F7F758FBD2E71F4B1D601F4B6A
:105B20001D801F4B1A7882F001021A70197801EB60
:105B3000C10129221B4B03EB41011B48F4F7C8FDAF
:105B400000211A4B1868F7F7C0FBAFE7D12DB1D889
:105B5000174B1D80174B1A7882F001021A701978C2
:105B6000D122154B01FB02311448F4F7B1FD00219D
:105B7000134B1868F7F7A9FB9CE700BF00440040EF
:105B800000500040001C0140F06A0324C826002495
:105B90007420002440690324EC6A0324366B032438
:105BA000346B0324106B0324F0270024702000249E
:105BB000E86A0324E66A03244469032434260024A3
:105BC0006C20002438B504460268144B9A4204D075
:105BD0002268134B9A4211D038BD124B1978124DDE
:105BE00001EBC101292205EB41011048F4F770FDDA
:105BF00024220021284600F06BFEE9E70C4B1978BF
:105C00000C4CD12201FB02410B48F4F761FD4FF42B
:105C1000D1720021204600F05BFEDDE7005000401D
:105C2000001C0140346B0324106B0324F027002474
:105C3000E66A032444690324342600242DE9F04F46
:105C4000028885B04B88D0F804E0934244884868C5
:105C50004ED1B1F80080A0454AD14FEA980908F02A
:105C600003089C0084464FEA880109FB04F21D01E9
:105C70004FEA091B00EB040A92000391DB00029239
:105C800001936346B9F1000F1DD001990EF1100286
:105C90004846614452ED047A1F190E190138C3EDCC
:105CA000007A02F1100252ED077A2B44C7ED007A18
:105CB00052F8187C0F60294452F8147C3760E9D1FF
:105CC000029BDE446344B8F1000F09D0424671469E
:105CD00051F8040B013A18602344F9D1039B9E4408
:105CE0000CF1040CD445CCD1002005B0BDE8F08FF8
:105CF0006FF00200F9E700BFF0B40368D0F804C009
:105D00005668D1E90047A3425DD1126893425AD147
:105D10000388448804FB03F4A50832D00CF1100179
:105D200007F1100206F11003284612ED047A01383B
:105D300051ED047A02F1100201F1100103F1100398
:105D400077EEC77A43ED087A12ED077A51ED077ABC
:105D500077EEC77A43ED077A12ED067A51ED067AAF
:105D600077EEC77A43ED067A51ED057A12ED057AA2
:105D700077EEC77A43ED057AD7D12B019C441F44B7
:105D80001E4414F003041BD0DCED007A013C97EDB7
:105D9000007A77EEC77AC6ED007A11D0DCED017A91
:105DA000012C97ED017A77EEC77AC6ED017A07D01C
:105DB000DCED027A97ED027A77EEC77AC6ED027AC9
:105DC0000020F0BC70476FF00200FAE72DE9F04FB9
:105DD00045888BB00B880688AB42099147680496CA
:105DE00048685468498840F08D801588B54240F075
:105DF000898052888A4240F085804FEA9308011DCD
:105E0000160103F003090891950006FB08F1C2EBA7
:105E1000827C9B0007F1100B039107EB0811D20065
:105E200004EB050A01914FEA8C0102920791069357
:105E3000ABF11003DDF820E00593079B03EB0A0CA0
:105E4000B8F1000F56D0029B44460246DFED307A8F
:105E5000C1185B46D2ED006A571913ED047A013C74
:105E600053ED035A324427EE267A97ED006A53ED3C
:105E7000026A01EB050726EE256A91ED005A77EEDE
:105E8000277AD7ED005A26EE857A53ED016A314420
:105E900003F1100376EE277A65EEA66A77EE277A8D
:105EA00076EEA77AD6D1039B019A1844B9F1000F78
:105EB0000BD04B46D0ED006A013BB2EC017A28448E
:105EC00027EE267A77EE877AF4D1ECEC017AD44586
:105ED00070460EF1040EB3D1019AAA44069B1146F6
:105EE0009B441944049B013B0191049306D0099BF8
:105EF00058689DE7059ADFED067AD7E718460BB09C
:105F0000BDE8F08F6FF002000BB0BDE8F08F00BF6E
:105F1000000000002DE9F04F438887B004884D68E9
:105F20009C420193D0F80490039540F0E2800B88E6
:105F30004A889A4240F0DD809C4240F0DA80059029
:105F4000FCB14FF07E5B661E45F804BB19D00127FB
:105F5000B20028464FEA8708002105EB020A00F04C
:105F6000B7FC424600210AEB08055046002F00F01E
:105F7000C58000F0ADFC013E07F1010745F804BB08
:105F8000E6D1019B002B00F0AF809D00CC469E46E1
:105F9000DDF80C900CEB05032F46002602932B1D19
:105FA0000493029BB442DCED006AA3EB070B00F004
:105FB0009B80324663469FED557A09E0F4EE477ABE
:105FC00001322B44F1EE10FA37FE877AA24212D04A
:105FD000D3ED007AF5EEC07AB1EE676AF1EE10FA11
:105FE000ECDCB4EE476A01322B44F1EE10FA36FED7
:105FF000077AA242ECD1B5EE407AF1EE10FA73D0F6
:10600000F5EE406AF1EE10FA6ED07246634693EDFB
:10601000007A013AC7EE267AE3EC017AF7D10199CA
:106020004B4693ED007A0139C7EE267AE3EC017A0C
:10603000F7D14FEA86080398B14238D0DBED006A09
:106040005A467346E246BAEC017A013BD2ED007A39
:1060500026EE877A77EEC77AE2EC017AF3D1BB4479
:106060000246019BCA46BAEC017A013BD2ED007AA6
:1060700026EE877A77EEC77AE2EC017AF3D12844EC
:106080000131C3448C42D7D1049BBEF1010E06F10D
:106090000106A7F104079C44A94482D1F5EE406AA9
:1060A000F1EE10FA06D0002007B0BDE8F08FBB4437
:1060B0002844E5E7059B019A5B6802FB04F2D3EDF7
:1060C000007A1446F5EE407AF1EE10FAEBD1043383
:1060D00006E0F3EC017AF5EE407AF1EE10FAE2D147
:1060E0000EF1010E7445F4D16FF0040007B0BDE865
:1060F000F08F6FF0020007B0BDE8F08F5546013E0B
:1061000045F804BB7FF423AF3BE700BF000000006D
:106110000180428043607047F0B40368D0F804C047
:106120005668D1E90047A3425DD1126893425AD123
:106130000388448804FB03F4A50832D00CF1100155
:1061400007F1100206F11003284612ED047A013817
:1061500051ED047A02F1100201F1100103F1100374
:1061600077EE877A43ED087A12ED077A51ED077AD8
:1061700077EE877A43ED077A12ED067A51ED067ACB
:1061800077EE877A43ED067A51ED057A12ED057ABE
:1061900077EE877A43ED057AD7D12B019C441F44D3
:1061A0001E4414F003041BD0D7ED007A013C9CED93
:1061B000007A77EE877AC6ED007A11D0DCED017AAD
:1061C000012C97ED017A77EE877AC6ED017A07D038
:1061D000DCED027A97ED027A77EE877AC6ED027AE5
:1061E0000020F0BC70476FF00200FAE7DFED1F7A85
:1061F00020EE270AB5EEC00AFDEEC07AF1EE10FAE5
:1062000004D517EE903A013B07EE903AF8EEE77AA4
:10621000DFED176A70EE677A67EEA67ABCEEE77A72
:1062200017EE103A9BB2B3F5007F1AD207EE103A80
:10623000591CB8EE470A77EEC07A0E4AB7EE000A4C
:1062400002EB830302EB810230EE670AD3ED006AB2
:1062500092ED007A20EE260A67EE877A30EE270A62
:10626000704777EEE67A01210023E6E783F9223EC4
:106270000000004404F80108DFED217AB5EE007A51
:1062800020EE270A30EE070AB5EEC00AFDEEC07A0E
:10629000F1EE10FA04D517EE903A013B07EE903A72
:1062A000F8EEE77ADFED176A70EE677A67EEA67AA6
:1062B000BCEEE77A17EE103A9BB2B3F5007F1AD224
:1062C00007EE103A591CB8EE470A77EEC07A0E4A2C
:1062D000B7EE000A02EB830302EB810230EE670A9D
:1062E000D3ED006A92ED007A20EE260A67EE877AF7
:1062F00030EE270A704777EEE67A01210023E6E7C1
:1063000083F9223E0000004404F80108014B18689C
:10631000704700BFA005002470B50D4E0D4D761BD3
:10632000B61006D0002455F8043B01349847A64225
:10633000F9D1094E094D761B08F028FDB61006D09C
:10634000002455F8043B01349847A642F9D170BDAA
:10635000F0090208F0090208F8090208F009020829
:10636000024B0146186800F003B800BFA0050024E6
:106370002DE9F04F01F10B06162E83B0044624D808
:10638000102900F2BA8000F0F5FA10261822022037
:10639000B54F3A44A2F1080153688B4200F0BA802D
:1063A0005A68D96822F003021A449D68E9608D603A
:1063B000516841F001012046516003F1080500F0E9
:1063C000DFFA284603B0BDE8F08F36F0070600F18B
:1063D0009480B14200F2918000F0CCFAB6F5FC7FD7
:1063E000C0F09A81730A00F08F80042B00F26F8155
:1063F000B30903F1390003F1380CC3009A4F3B4451
:10640000A3F108055B689D4206D10CE0002980F2EB
:106410002781DB689D4206D05A6822F00302911B57
:106420000F29F3DD60463D69DFF850C265457CD039
:106430006A6822F00302931B0F2B00F37B81002B71
:10644000C7E904CC80F26C81B2F5007F80F01A813C
:10645000D308796801334FEA521E012202FA0EF284
:106460000A4357F833E0C5F808E007EBC3010839E1
:10647000E9607A6047F83350CEF80C508310012160
:106480009940914257D8114206D120F003004900AB
:10649000114200F10400FAD007EBC0094D468646D0
:1064A000D5F80C80454508D11DE1002B80F22481F0
:1064B000D8F80C80454500F01681D8F8042022F069
:1064C0000302931B0F2BF0DD2046D8E9025408EBA2
:1064D000060146F00106C8F80460EC60A56043F0D0
:1064E0000104C7E90411C1E902CC4C6048F802304C
:1064F00000F046FA08F1080502E00C2323600025AD
:10650000284603B0BDE8F08F4FF4007340204FF0F1
:106510003F0C73E7D3689A4208BF02307FF440AF64
:106520003D69DFF858C1654582D17A688310012141
:1065300099409142A7D9BD686B6823F003094E4585
:1065400003D8A9EB06030F2B7ADCDFF834B1474BF5
:10655000DBF800201B680132334405EB090A00F028
:10656000338103F580530F3323F47F6828F00F083D
:106570004146204600F076FA411C024600F0F380C6
:10658000824500F2EE803A4B196841441960084692
:1065900000F04E81DBF80010019301311BBFA2EB2C
:1065A0000A0A5044CBF80020186012F0070B00F0E4
:1065B0001781CBF108010A44CBF580519044083192
:1065C000A1EB0801C1F30B0A51462046009200F0EE
:1065D00049FA421CDDE9002300F04F81801A00EBEC
:1065E0000A081968BA6048F001005144BD42506081
:1065F000196000F02981B9F10F0F40F22781686816
:10660000A9F10C0C2CF0070C00F0010040EA0C0082
:1066100068604FF0050E05EB0C00BCF10F0FC0E9F0
:1066200001EE00F2328150681546124B1A688A4218
:1066300038BF1960104B1A688A4238BF196094E05D
:10664000AA1943F0010346F001066E602046BA60C5
:10665000536000F095F90835284603B0BDE8F08F87
:10666000D9681A44A1E600BFD0090024686B03244E
:10667000386B0324606B0324646B0324D809002463
:10668000D80D0024B2F5206F4FEA522363D3142BA8
:1066900000F2B78003F15C01C9005B3307EB010E28
:1066A0007958AEF1080E8E4500F091804B6823F0CA
:1066B0000303934202D989688E45F7D1D1F80CE0E3
:1066C0007A68C5E9021ECEF80850CD60D6E6142BD4
:1066D00059D9542B00F29D80330B03F16F0003F165
:1066E0006E0CC3008AE60EF1010E1EF0030F05F1D9
:1066F00008057FF4D5AE51E0424445465368D8F8CA
:106700000C1043F00103536055F8083F2046D96050
:106710008B6000F035F9F3E6F00806F1080237E681
:106720002A442046536843F001035360083500F0C3
:1067300027F9E5E6A919204646F0010643F00104D1
:106740006E60C7E90411C1E902CC4C60AB5000F0A7
:1067500017F90835D4E6930903F13901C900383334
:106760009CE7BD425FD0BD68686820F003084645DD
:10677000A8EB060302D80F2B3FF762AF204600F0CC
:10678000FFF80025BCE603F15C0003F15B0CC300DD
:1067900034E659F808394B4540F0968010F0030F65
:1067A00000F1FF30F5D17B6823EA01037B604900EB
:1067B00099423FF6C0AE19B9BDE649000EF1040E8C
:1067C0001942FAD0704667E603F11008D0E69A1035
:1067D0004FF001087B6808FA02F21A437A6070E70A
:1067E00002EB08014942C1F30B0A514620460092D0
:1067F00000F038F9431CDDE900237FF4EFAEDA4600
:10680000EFE6542B25D8130B03F16F01C9006E334B
:1068100044E7B3F5AA7F25D8F30B03F1780003F121
:10682000770CC300EAE5294B186840441860B1E6CC
:10683000CAF30B0CBCF1000F7FF4ACAEBD68C844CA
:1068400048F001006860F0E61546EEE6012353606B
:1068500094E7B3F5AA7F23D8D30B03F17801C900DD
:1068600077331BE740F25452934223D8B30C03F121
:106870007D0003F17C0CC300C0E5ABF1080BD844EC
:10688000A8EB02084FF0000AABE605F1080120462C
:10689000009303F0EFF8BD68009B68681968C4E6D0
:1068A00040F254518B420BD8930C03F17D01C90087
:1068B0007C33F3E64FF47E737F204FF07E0C9DE532
:1068C0004FF47E717E23E9E67B6870E7386B032422
:1068D000830730B548D0541E002A3FD0CAB20346C1
:1068E00001E0013C3AD303F8012B9D07F9D1032CB9
:1068F0002DD9CDB245EA05250F2C45EA054536D9F7
:10690000A4F1100222F00F0C03F1200EE6444FEA2E
:10691000121C03F1100242E9045542E902551032FB
:106920007245F8D10CF1010214F00C0F03EB0212C6
:1069300004F00F0C13D0ACF1040323F00303043371
:10694000134442F8045B9342FBD10CF003042CB1D6
:10695000CAB21C4403F8012B9C42FBD130BD6446F3
:106960001346002CF4D1F9E703461446BFE71A4654
:10697000A446E0E7014803F027BB00BF746B032483
:10698000014803F023BB00BF746B03242DE9F041E1
:106990000E680C460546BEB137688FB1D7F8008047
:1069A000B8F1000F08D0D8F8001009B1FFF7EEFFDA
:1069B0004146284603F05EF83946284603F05AF867
:1069C0003146284603F056F821462846BDE8F041F6
:1069D00003F050B8224B1B68834240D0C16C70B5A5
:1069E000054681B100268C593CB1214624682846D1
:1069F00003F040F8002CF8D1E96C0436802EF2D177
:106A0000284603F037F8296C11B1284603F032F814
:106A1000D5F8484154B105F5A676B44206D02146D2
:106A20002468284603F026F8A642F8D1696D11B112
:106A3000284603F01FF8AB6B83B1EB6B28469847F1
:106A4000D5F8E04254B1216811B12846FFF79EFF06
:106A500021462846BDE8704003F00CB870BD704771
:106A6000A005002438B5074D0022044608462A60D8
:106A7000EBF750FC431C00D038BD2B68002BFBD03B
:106A8000236038BD6C6B03240EB410B59DB06FF05D
:106A900000411FABCDE906010491094953F8042BCD
:106AA0000290084C0868019302A9059400F00CF8C4
:106AB000029B00221A701DB0BDE8104003B0704761
:106AC000A00500240802FFFF2DE9F04F2DED0A8BF1
:106AD000CFB00C4691460AEE101A09930AEE900ABE
:106AE00003F06AFA036813931846EAF709FCA389CE
:106AF00012901A0603D52369002B00F0A0874D469B
:106B00009FEDA57B2B78002425AACDE92344CDE970
:106B10001544CDE917448DED107B1AEE909A0E9432
:106B20002292904614940594002B00F0EC81AB4621
:106B300004E01BF8013F002B00F01A81252BF8D14F
:106B4000BBEB050640F018819BF80030002B00F0ED
:106B5000DA8100234FF0FF329BF801708DF86B3023
:106B600006930BF1010B04929A462B2420210BF182
:106B7000010BA7F120035A2B00F23C81DFE813F050
:106B8000D5023A013A01D0023A013A013A016A00CB
:106B90003A013A016502FE023A017002E4023A014A
:106BA000DF025B005B005B005B005B005B005B0087
:106BB0005B005B003A013A013A013A013A013A01BD
:106BC0003A01D2013A0136028500D201D201D20146
:106BD0003A013A013A013A01CB023A013A01C600C0
:106BE0003A013A013A0140023A0175023A013A018A
:106BF0004F073A013A013A013A013A013A013A01A2
:106C00003A01D2013A0136028700D201D201D20103
:106C1000BE02870080003A01B1023A019902C80021
:106C2000870280003A0140027D002A073A013A01BA
:106C30002E073A017D00A7F1300300221BF8017BEB
:106C400002EB820203EB4202A7F13003092BF5D9D4
:106C500006928EE7484603F0AFF94368179318464B
:106C6000EAF74EFB18900646484603F0A5F98368FC
:106C700015932021002E40F0C2859BF8007076E726
:106C80009BF800704AF0200A71E74AF0100A1AF0E7
:106C9000200F099B00F09A81073323F007031A465F
:106CA0005B6852F8084B09921E46002BC0F26B85B8
:106CB000049B013301F03A802AF08003039354EAE5
:106CC000060300F0E7840A2C76F1000380F0908739
:106CD00030340123DDF80CA08DF8374107930DF215
:106CE0003715049907989DF86B3081424FF00002E8
:106CF000B8BF0146089203910C920F920D92002B9F
:106D000000F08980039A0132039284E04AF0100A6D
:106D10001AF0200600F04B81099B073323F007038C
:106D20005E6853F8084B09932AF4806303930023A9
:106D300000228DF86B20049A551C00F026820399DE
:106D400021F0800A54EA060140F01D82002A41F039
:106D50002980002B40F0A484039B13F001030793C8
:106D600000F0428530238DF837310DF23715B8E742
:106D7000BBEB050600F0C780249B33442493239B80
:106D80000133072BC8E90056239309DC08F10808F2
:106D9000059B33440593D7E6000000000000000087
:106DA0001AEE101A22AA484604F050F890B90DF1D4
:106DB0009408EDE71AEE101A22AA484604F046F8A5
:106DC000002800F09180089B23B108991AEE900AE0
:106DD00002F050FE1AEE103A9B8913F0400F059B0B
:106DE00018BF4FF0FF33059305984FB0BDEC0A8BE9
:106DF000BDE8F08F002F00F0868000238DF8D4705E
:106E00008DF86B300122CDE90723039204930C9394
:106E10000F930D9335AD1AF002020A9202D0039A35
:106E2000023203921AF084020B9205D1069A03995A
:106E3000561A002E00F30D83249C8BB1239B0DF179
:106E40006B0201330134C8F80020072B4FF0010218
:106E500024942393C8F8042000F3338308F108082E
:106E60000A9B83B1239B1BAA01330234C8F800207C
:106E7000072B4FF0020224942393C8F8042000F358
:106E80002D8308F108080B9B802B00F00F82049BD8
:106E9000079A9E1A002E00F350821AF4807F40F069
:106EA000AB81079BC8F804301C44239BC8F80050F2
:106EB0000133072B2494239300F3BE8208F10808C2
:106EC0001AF0040F05D0069B039A9D1A002D00F3BB
:106ED0001283DDE9053203998A42ACBF9B185B1827
:106EE0000593002C7FF466AF00232393089B1BB10E
:106EF0000899484602F0BEFD0DF194085D462B78D6
:106F0000002B7FF414AE249B002B3FF463AF1AEEEA
:106F1000104A1AEE101A1AEE900A22AA03F096FFEF
:106F2000A3895AE7099B073323F00703B3EC027BDD
:106F30008DED107BDDE91012099322F000430BEE7A
:106F4000101A0BEE903A4FF0FF32B0EE4B9AF0EE83
:106F50006B9AA54B51EC190BEAF792FA002840F016
:106F60006784A14B51EC190B4FF0FF32E9F720FE7B
:106F7000002840F05D84DDE9100100220023E9F7DC
:106F80000DFE002840F0A5879DF86B30974D984A7C
:106F90002AF0800A0321472FC8BF15460022089215
:106FA0000391079104920C920F920D92A7E61AF0AA
:106FB000100340F033841AF0400200F05B87099A16
:106FC00052F8044B09921E46A4B2ADE653F8044BA6
:106FD00009931AF0100F40F00E841AF0400F00F0E1
:106FE000068444F3C036334624B25EE6099A002391
:106FF00052F8041B8DF86B308DF8D410099201E71C
:10700000099C54F8045B00268DF86B60002D00F09D
:10701000D986049B5A1C00F046851A4631462846FC
:10702000EAF7DEF90890002801F07A80089B0496C0
:10703000591B079121EAE1719DF86B300994039186
:1070400008960C960F960D9659E6099B53F8042B5B
:107050000692002A80F2C383069A0993524206924E
:107060009BF800704AF0040A81E54AF0100303938C
:10707000039B13F0200600F07383099B073323F072
:1070800007035E6853F8084B0993012350E6099BF8
:1070900053F8044B099330234AF0020278278DF805
:1070A0006C30544B149303928DF86D7000260223BC
:1070B0003EE61AF0200F40F082841AF0100F40F0E4
:1070C00078861AF0400F40F04C871AF4007F00F0E9
:1070D0007086099B059953F8042B099311705D463E
:1070E0000DE79BF800706C2F03BF9BF801704AF00E
:1070F000200A0BF1010B4AF0100A38E59BF80070EA
:10710000682F03BF9BF801704AF4007A0BF1010B62
:107110004AF0400A2BE59BF800704AF0080A26E581
:107120009BF800704AF0010A21E59DF86B30002BB6
:107130007FF4A3AD9BF800708DF86B1017E59BF8FA
:1071400000704AF0800A12E55A4612F8017B2A2F95
:1071500001F0F381A7F13003092B934698BF002279
:1071600000F2F4871BF8017B02EB820203EB420280
:10717000A7F13003092BF5D90492FAE49BF80070CB
:107180008DF86B40F3E4CDF80CA0012B3FF49BADE0
:10719000022B4EAD12D1149A04F00F032409D35CD4
:1071A00005F8013D44EA0674360954EA0603F3D1B2
:1071B0004EAB5B1BDDF80CA0079392E504F00703D0
:1071C000E40844EA4674F608303354EA06012A46D5
:1071D00005F8013DF2D10399C80700F14C824EAB8E
:1071E0005B1B8A4607937CE5FFFFEF7F0C000208DC
:1071F000100002081C000208652F40F3D780DDE96B
:10720000100100220023E9F7BFFC002800F0B48140
:10721000239BBC4AC8F80020013301340122072B0C
:1072200024942393C8F8042000F3848508F1080807
:107230001C9B0E9A934280F2CD82129B139A1C449F
:10724000C8E90023239B24940133072B239300F3E5
:10725000E98308F108080E9B5D1E002D7FF730AE14
:10726000102D239B41F34781A74F0A9722461026F2
:107270001AEE104A05E008F10808103D102D40F301
:10728000678501331032072BC8E90076CDE9233238
:10729000F1DD22AA2146484603F0D8FD00287FF4FC
:1072A00092ADDDE923320DF19408E6E7069B039ADF
:1072B0009E1A002E7FF7EBAD102E239B41F34F80DB
:1072C00091490B9522461AEE105A0A910C4604E099
:1072D000103E102E08F1080819DD0133103210217C
:1072E000072BCDE92332C8F80040C8F80410EFDDC1
:1072F00022AA294648460DF1940803F0A7FD00286C
:107300007FF461AD103E102EDDE92332E5DC0B9DEC
:10731000144601330A9AC8F800203444072BCDE9FB
:107320002334C8F8046000F32F85049B079A9E1A43
:10733000002E08F108087FF7B0AD102E239B40F314
:10734000C48571480A90424621461AEE108A0446C6
:1073500004E0103E102E02F1080216DD0133103158
:107360001020072BCDE9233114605060F1DD22AAF3
:107370004146484603F06AFD00287FF424AD103EE4
:10738000102EDDE9233125AAE8DC90460C460133B6
:107390000A9AC8F800203444072BCDE92334C8F8F2
:1073A000046000F3CF8108F1080876E50E9B012BFD
:1073B00040F37C81239EC8F800500136013401233C
:1073C000072E24942396C8F8043000F3E78108F1CF
:1073D0000808129B139A01361C44072EC8E90023A3
:1073E000CDE9236400F3E88108F10808DDE9100124
:1073F00000220023E9F7C8FB002840F076810E9BAD
:107400000136013B01351C44072EC8F80050239675
:10741000C8F80430249400F35A8108F10808169B38
:10742000C8F8043001361C44072E1EABCDE9236496
:10743000C8F800307FF742AD1AEE101A22AA48466B
:1074400003F004FD00287FF4BEAC249C0DF19408E9
:1074500036E5102EDDE9233222DD199510241AEECF
:10746000105A04E0103E102E08F1080817DD013311
:1074700026491032072BC8E90014CDE92332F1DD8B
:1074800022AA294648460DF1940803F0DFFC0028A3
:107490007FF499AC103E102EDDE92332E7DC199D14
:1074A000C8F804600133B418072B184AC8F8002044
:1074B000CDE9233400F3E1839DF86B3008F108082F
:1074C000BBE41AEE101A22AA484603F0BFFC0028BB
:1074D0007FF479AC249C0DF19408C1E41AEE101AE3
:1074E00022AA484603F0B2FC00287FF46CAC249C2E
:1074F0000DF19408C7E4102D239B26DD1AEE107AB7
:1075000010260AE04C000208600002085000020841
:10751000103D102D08F1080817DD0133C24A103460
:10752000072BC8E90026CDE92334F1DD22AA39462C
:1075300048460DF1940803F089FC00287FF443AC21
:10754000103D102DDDE92334E7DC0133B64AC8F8DD
:1075500004502C44072BCDE92334C8F800207FF7D2
:10756000B8AC1AEE101A22AA484603F06FFC0028A5
:107570007FF429AC249CACE41C9A002A40F3968347
:10758000DDE90D739F42A8BF1F46002F0BDD239B33
:1075900001333C44072BC8E900572494239300F39C
:1075A0005C8508F108080D9E002FA8BFF61B002E71
:1075B00000F353820D9B1AF4806F2B44079340F025
:1075C00083821C9B0E9A934203DB1AF0010F00F09A
:1075D000B884129A13991444C8E90012239A249487
:1075E0000132072A239200F3768508F108080E9AE3
:1075F0000799AE18761AD51AAE42A8BF2E46002EAD
:107600000DDD239BC8F8001001333444072BC8F864
:1076100004602494239300F39D8508F10808002E4C
:10762000A8BFAD1B002D7FF74BAC102D239B40F363
:1076300062877E4F0A97224610261AEE104A05E00E
:1076400008F10808103D102D40F3828301331032F9
:10765000072BC8E90076CDE92332F1DD22AA2146C5
:10766000484603F0F3FB00287FF4ADABDDE923329D
:107670000DF19408E6E7302B3FF49AAD3023023A3F
:1076800005F8013C4EAB9B1ADDF80CA0079315469C
:10769000FFF727BB049B002B7FF41AABDDF80CA08F
:1076A0000023049307934EADFFF71BBB1AF0010FA5
:1076B0007FF480AE239EC8F80050013601340123C8
:1076C000072E24942396C8F804307FF7A6AE1AEE4E
:1076D000101A22AA484603F0B9FB00287FF473ABC6
:1076E000DDE923640DF1940899E60E9B5D1E002DE3
:1076F0007FF795AE102D40F315874C4ACDF810A0BA
:1077000023461AEE10AA0A921027144605E008F143
:107710000808103D102D40F39D8301361033072ECD
:10772000C8E90047CDE92363F1DD22AA5146484666
:1077300003F08CFB00287FF446ABDDE923630DF1F9
:107740009408E6E71AEE101A22AA484603F07EFBD8
:1077500000287FF438AB249C0DF19408FFF79DBB03
:10776000039B13F0100340F02381039A12F04002B0
:1077700000F09B83099A52F8044B09921E46A4B26A
:107780000123FFF7D5BA2D2364428DF86B3066EBE9
:107790004606CDF80CA00123FFF7CDBA1AEE101A59
:1077A00022AA484603F052FB00287FF40CABDDE927
:1077B00023640DF194080CE61AEE101A22AA48462A
:1077C00003F044FB00287FF4FEAADDE923640DF1F9
:1077D00094080BE61AF0010F3FF472AB2DE59BF80D
:1077E00000700993FFF7C3B94EADFFF77ABA1AF4E8
:1077F000007F40F0B083E6173346FFF756BA159B7B
:10780000002B3FF43AAA159B1B78002B3FF435AAB6
:107810009BF800704AF4806AFFF7A9B9099B53F8F6
:10782000044B0993FFF780BA500002086000020879
:10783000DDE9100102460B46E9F722FE002840F080
:10784000C385612F00F08685412F00F09484049B4E
:10785000013327F02003039300F0B083472B00F09F
:107860008285DDE910014AF48072002907924FF009
:107870000003C0F2248541EC180B0A930893039B84
:10788000462B00F0F883452B00F04E85B0EE480AF9
:10789000F0EE680A20AB01931DAB0093049A1CAB79
:1078A0000221484600F084FF039B472B054640F029
:1078B00069861AF0010F5646DDF81CA040F00B85D2
:1078C000209B5B1B0E93039B472B00F08B83039B3A
:1078D000462B00F00F841C9B0D930D9B039A013BDC
:1078E000412A1C9300F0D785FAB20021002BB8BFC3
:1078F0000D9B8DF87820BABFC3F101032D222B22F6
:10790000092B8DF8792040F3B7850DF18704DFF856
:1079100098C3224610468CFB0321DA17C2EBA10262
:1079200002EB8201A3EB4101303100F8011C194642
:107930006329134600F1FF32ECDC3033D9B2831EE9
:107940009C4202F8011C40F2048613460DF17A02B3
:1079500001E013F8011B02F8011B9C42F9D10DF163
:1079600089030DF17A021B1A13441EAA9B1A16935F
:107970000E9B169A012B1A44079240F3B785079B7A
:10798000129A13440793079A002326F4806622EA8A
:10799000E27246F4807A0C9303920F930D930A9B44
:1079A000002B40F0458304939DF86B30FFF7A7B997
:1079B000099B53F8044B09930123FFF7B9B9099BBD
:1079C000059853F8041B0993C217C1E900025D46EC
:1079D000FFF795BACDF80CA0FFF74ABBAF4B149355
:1079E0001AF0200600F0EF80099B073323F007030D
:1079F0005E6853F8084B09931AF0010F09D054EA56
:107A0000060306D030238DF86D704AF0020A8DF817
:107A10006C302AF4806303930223FFF789B9A04BEB
:107A20001493DDE71AEE101A22AA484603F00EFA64
:107A300000287FF4C8A9249C0DF194080BE41AEEE9
:107A4000900A4021FEF794FC20602061002800F09D
:107A5000848540236361FFF752B8102E239B40F3C7
:107A6000698590480A90424621461AEE108A1027EE
:107A7000044604E00832103E102E40F32F820133FA
:107A80001031072BC2E90047CDE92331F2DD22AAEC
:107A90004146484603F0DAF900287FF494A9DDE96D
:107AA000233125AAE7E7284604960994E9F728FC3C
:107AB00020EAE0719DF86B300790039108960C96D0
:107AC0000F960D96FFF71BB90E9BCDF828B0DDF889
:107AD0003CB0079E159FCDF81CA0EB1804934246BE
:107AE000DDF860A00C9B0B951AEE108AA446BBF142
:107AF000000F30D093BB013F0BF1FF3B179BC2E956
:107B0000003A239B0133D444072BCDF890C0239334
:107B100062DC0832049B38789B1B8342A8BF034673
:107B2000002B1C460CDD239801309C440728C2E939
:107B30000063CDF890C0239000F3198138780832A3
:107B4000002CACBF051B0546002D0BDC06440C9B2E
:107B5000BBF1000FCED1002B00F033820C9B013B18
:107B60000C93CBE7102D23981FDD1024634604E00F
:107B7000103D102D02F1080216DD01304949103385
:107B80000728C2E90014CDE92303F1DD22AA41460A
:107B9000484603F05BF900287FF415A9103D102D2D
:107BA000DDE9230325AAE8DC9C4601303D4B556006
:107BB000AC440728CDE9230C136000F340823878E9
:107BC00008320644C3E71AF0100300F0A480099BB2
:107BD00053F8044B09930FE722AA4146484603F0A5
:107BE00035F900287FF4EFA8DDF890C025AA91E7C9
:107BF000039B079703F48063002209EE109ACDF8E7
:107C00002080DDF854900DF59C7A174698460CE0DC
:107C10000023204631460A22E9F746F90A2C76F17C
:107C200000031CD304460E46AA4620460A2200231F
:107C30003146E9F739F930320AF1FF3501370AF8F0
:107C4000012CB8F1000FE3D099F800309F42DFD14A
:107C5000FF2FDDD00A2C76F1000380F050814EAB6F
:107C60005B1BCDF854900E9719EE109ADDE907785A
:107C7000DDF80CA00793FFF734B81AEE101A22AA09
:107C8000484603F0E3F800287FF49DA89DF86B3088
:107C9000249C0DF19408FFF7D0B800BF1C00020827
:107CA000300002086000020867666666239BC049D0
:107CB000C8F80010013301340121072B24942393C9
:107CC000C8F8041000F32F8108F10808002A40F0DA
:107CD0008A800E9A0AF0010313433FF4F1A8129B25
:107CE000139A1C44C8E90023239B24940133072BD7
:107CF000239300F33F8108F108080E9AC8F800505A
:107D000001331444072BCDE92334C8F804207FF74E
:107D1000D5A8FFF791BB1AF0400200F0B980099A8C
:107D200052F8044B09921E46A4B265E6CDF80CA0A9
:107D3000FEF7C9BF1AEE101A22AA484603F086F8C9
:107D400000287FF440A8249C0DF19408FFF770BA36
:107D5000144601330A9AC8F800202C44072BC8F8AF
:107D60000450CDE923347FF7A9A8FFF765BB22AA09
:107D70004146484603F06AF800287FF424A8387882
:107D8000DDF890C025AADBE61AEE101A22AA4846B2
:107D900003F05CF800287FF416A8249C0DF19408E9
:107DA000FFF775B8012BCDF80CA07FF4F1A9FEF711
:107DB0008FBF099B059953F8042B5D461160099309
:107DC000FFF79DB8049A0895062A294628BF06227F
:107DD00004952B460392774D099407920C910F91CD
:107DE0000D91FEF78CBF129B13991C44C8E9001338
:107DF000239B24940133072B239300F3BB8008F1CA
:107E00000808002ABFF679AF5642103280F2AE83DE
:107E100069480A902146424610271AEE108A044605
:107E200004E00832103E102E40F3AF8201331031CF
:107E3000072BC2E90047CDE92331F2DD22AA4146F2
:107E4000484603F003F800287EF4BDAFDDE9233196
:107E500025AAE7E7DDF810A01C4601360A9BC8F802
:107E600000302C44072ECDE92364C8F804507FF776
:107E7000D4AA2CE4099B1AF4007614BF53F8044BDF
:107E800053F8044B09931CBF1646E4B2FEF74CBFEF
:107E9000099B1AF4007614BF53F8044B53F8044BB3
:107EA00009931CBF1646E4B2A6E5039B13F40076C3
:107EB000099B14BF53F8044B53F8044B09931CBFA0
:107EC0001646E4B20123FEF733BF3B4A0A92FFF79E
:107ED0005EBA2D238DF86B30FFF758B890460C46EC
:107EE00001330A9AC8F800203444072BCDE9233423
:107EF000C8F804604DDC08F10808FFF75BBB189B6D
:107F00001799ED1A1A46284602F06EFF99F80130CB
:107F10000BB109F10109204631460A22002300274E
:107F2000E8F7C2FF7EE61AEE101A22AA484602F0CF
:107F30008DFF00287EF447AF1C9A249C0DF1940815
:107F4000C4E60E9A0799AE18761AD51AAE42A8BFA3
:107F50002E46FFF764BB44F3C016334664B2FEF707
:107F6000A4BE099B059953F8042B099311805D4623
:107F7000FEF7C5BF1AEE101A22AA484602F066FFA5
:107F800000287EF420AFDDE923341C9A0DF194081B
:107F900037E71AEE101A22AA484602F057FF0028C7
:107FA0007EF411AF249C0DF19408FFF703BB00BFD2
:107FB0004C000208440002086000020806230493F3
:107FC0004FE40B9D0E9BDDF81CA0DDF828B0159743
:107FD000EB189E429046324628BF1A4664460792E6
:107FE000FFF7EFBA1C9B0D93DA1C02DB049A934255
:107FF00004DD023F27F0200303936EE4DDE90D3238
:108000009342C0F29980F00740F1DB81129A134449
:108010000793710503D50D9B002B00F3FF81079B90
:1080200023EAE3730393672700230C930F93B6E4CB
:108030002D2300228DF86B300492FEF763BE22AA36
:108040004146484602F002FF00287EF4BCAE387874
:10805000DDF890C025AA064479E51AEE101A22AA86
:10806000484602F0F3FE00287EF4ADAE249C0DF1EC
:108070009408FFF798BA20AB01931DAB0093049AC4
:10808000B0EE480AF0EE680A1CAB0321484600F047
:108090008FFB0378302B054600F003821C9B049A6B
:1080A00056461344DDF81CA0EC1851EC180B0022C6
:1080B0000023E8F769FD08B1234602E4209BA342B0
:1080C000BFF4FFAB30215A1C20921970209B9C42B8
:1080D000F9D8FFF7F6BB1AEE101A22AA484602F0AA
:1080E000B5FE00287EF46FAE1C9B249C0DF1940815
:1080F000FFF77DBA1C9A0D92002A40F3FF81049984
:1081000006F001030B4340F0B1810D9B07936627F6
:10811000730500F18481079B23EAE373039383E7EC
:10812000049B0393079309949DF86B3004900C9083
:108130000F900D90FEF7E3BD0E9B129A9A180D9BBF
:108140000792002B40F3BB816727E1E700230493EC
:10815000FEF70FBD1AEE101A22AA484602F076FE6C
:1081600000287EF430AE1C9D0E9B249C5D1B0DF1FF
:108170009408FFF754BA30238DF86C3058238DF8EB
:108180006D30049B632B4AF0020400F3A7800023A8
:10819000089335ADDDE910124AF481730793002A84
:1081A00027F02003A2460393C0F28A80002342EC0A
:1081B000181B0A93612F00F01581412F7FF45FABEC
:1081C000B0EE480AF0EE680A1CA802F091FD002209
:1081D0004FF07F5351EC100BE8F76EFA02460B4656
:1081E00043EC192B00220023E8F7CEFC08B1012351
:1081F0001C93B74B0B93049B1995CDE90CB7CDE9B4
:108200000EA80CEE109ADDF82CB059EC198B5E1EFE
:108210002C4605E000220023013EE8F7B5FCE0B95A
:10822000AC4B002240464946E8F746FA894680466C
:10823000E9F73CF90546E8F7D5F90B460246494609
:108240004046E8F781F81BF80530A24604F8013BE8
:10825000731C374680468946DCD149EC198B9E4B0E
:10826000DDF830B0DDF83C80CDF830A051EC190BD2
:1082700000223E46DDF838A00D9F0D951CEE109AA9
:10828000199DE8F7A9FC98BB51EC190B924B002201
:10829000E8F77AFC10B10D9BD90729D4002E33469C
:1082A00006DB01332344302204F8012BA342FBD127
:1082B000631B56460E93DDF81CA0FFF704BB089322
:1082C000DDE9103408EE103A04F1004308EE903A6C
:1082D0002D230A936EE7049BEC18E6E6591C4846EA
:1082E000FEF746F80546002800F04381089051E764
:1082F0000C9B20930B9B14F8012CD97B8A422346BC
:1083000009D1302003F8010C209B5A1E209213F84B
:10831000012C9142F6D0392A0BBF0B9A0132927A86
:10832000D2B203F8012CC3E7049BB0EE480AF0EE8A
:10833000680A5C1C20AB01931DAB009322461CAB6A
:108340000221484600F034FA054656462C44DDF832
:108350001CA0AAE630238DF86C3078230FE75F4A23
:108360000A92FEF7D6BF049B002B08BF012304939B
:10837000119B4AF48072002B0792C0F2D9809DEDC8
:10838000108B08900A90FFF781BA0C469046013393
:108390000A9AC8F800203444072BCDE92334C8F8E2
:1083A00004607FF7A8AC1AEE101A22AA484602F021
:1083B0004DFD00287EF407ADDDE923340DF194086E
:1083C0009BE40D9B079324E6119B454D454A002BEA
:1083D000B6BF2D239DF86B308DF86B302AF0800AE4
:1083E000FEF7D8BD1CA8B0EE480AF0EE680A02F00D
:1083F0007FFC00224FF07F5351EC100BE8F75CF943
:1084000002460B4643EC192B00220023E8F7BCFB85
:1084100008B101231C93344B0B93ECE667271599A5
:108420000B78FF2B00F0B08000240D9A204603E06B
:1084300001300131FF2B08D0934206DAD21A4B7873
:10844000002BF5D10B780134F4E715910D920F90C4
:108450000C940C9A0F9B18991344079A01FB032361
:10846000079323EAE3730393FFF799BA129BD31898
:108470001944079166274BE6002956D130228DF822
:108480007A200DF17B02303302F8013B1EABD31A88
:108490001693FFF76DBA07F10F02D2B20121FFF771
:1084A00025BA51EC180B00220023E8F76DFB0028D9
:1084B0007FF4F4AD049BC3F101031C93EFE5C3F11A
:1084C00001031A4422EAE273079203936727ABE59C
:1084D00030000208000030400000E03F6000020869
:1084E00014000208180002081C000208F4077FF5B7
:1084F0004AAAFFF744BA264A0A922AE4049A06F0E6
:10850000010656EA020304D1012303936627079369
:108510008AE5129B01331A4422EAE273079203931D
:10852000662781E51A4B0A9397E40DF17A02AAE7D0
:108530000890C5E6164A0A92D2E4099B9BF801709E
:10854000934653F8042B099342EAE2720492FEF731
:108550000EBB02231693FFF70BBA1AEE902A0C23D8
:1085600013604FF0FF330593FEF73EBC084A0A92B2
:108570000DE71AEE101A8B8943F0400213468A81E8
:10858000FEF72BBC049CE0E600230C930F9360E7FE
:108590006000020838B5334B1B6805460C460BB12A
:1085A0009A6B12B3B4F90C3018079AB225D5216929
:1085B00000292DD012F0010007D00020A0606069D2
:1085C0004042A06139B1002038BD950758BF6069AD
:1085D000A0600029F7D1120658BF0846F4D543F031
:1085E0004003A3814FF0FF3038BD184601F04AF92F
:1085F000B4F90C3018079AB2D9D4D1062AD552074B
:1086000014D4216943F00803A3819AB20029D1D17F
:1086100002F42070B0F5007FCCD02146284601F04E
:10862000D7FCB4F90C3021699AB2C3E7216B51B180
:1086300004F14002914204D0284601F01BFAB4F93B
:108640000C300022226321690022C4E9001223F0C9
:108650002403D7E7092243F040032A604FF0FF309C
:10866000A38138BDA0050024024B13B1024800F0DD
:1086700005B8704700000000A999010800230146D1
:108680001A46184603F0EEBB2DE9F04F03690C695A
:10869000A34283B0C0F28780013C01F11405A3001E
:1086A00000F11408009355F8243058F824200133C1
:1086B00081469A4208EB840005EB84070190B2FBE7
:1086C000F3F63BD30023AE4640469B465EF804AB30
:1086D00002681FFA8AFC06FB0C334FEA134C4FEA80
:1086E0001A4A06FB0ACA1FFA83FCABEB0C0C1FFAF2
:1086F0008AF31CFA82FCC3EB124202EB2C421FFAF3
:108700008CFC4CEA0243774540F8043B4FEA224B8D
:108710004FEA1A43DAD2009B58F8033073B9019B31
:10872000043B984504D307E0984504F1FF3403D295
:1087300053F80429002AF7D0C9F81040484601F040
:10874000BBFF00282BDB01364046002355F8041BF5
:10875000D0F800C08AB29A1A0B0C12FA8CF2C3EB52
:108760001C4303EB224392B242EA0342AF4240F879
:10877000042B4FEA2343E9D258F8242008EB840362
:108780006AB9043B984504D307E0984504F1FF34E7
:1087900003D253F80429002AF7D0C9F81040304614
:1087A00003B0BDE8F08F002003B0BDE8F08F00BF3C
:1087B0002DE9F04F2DED068B95B08DED020B01915B
:1087C000016C249D099259EC108B0446069341B12B
:1087D000426C4A60012393408B6001F00BFD002343
:1087E0002364B9F1000AB4BF012300232B607C4B42
:1087F000BCBF2AF0004ACDF80CA033EA0A0300F00F
:10880000B2809DED027B002251EC170BB0EE479A2F
:10881000F0EE679A0023E8F7B7F9074680B1069AA9
:1088200001231360259B002B00F0DB826D4818604C
:10883000431E0093009815B0BDEC068BBDE8F08F89
:1088400012AA13A92046B0EE490AF0EE690A01F017
:10885000FBFFB0EE498AF0EE698A5FEA1A560546D8
:1088600040F09980DDE912763E4406F2324020283D
:1088700040F3AB83C0F140000AFA00FA06F212405E
:1088800028FA00F04AEA0000E7F79CFE0123013EC7
:108890000D93A1F1F871544B0022E7F755FD4AA35F
:1088A000D3E90023E7F708FF49A3D3E90023E7F75B
:1088B0004DFD804630468946E7F794FE46A3D3E94E
:1088C0000023E7F7F9FE02460B4640464946E7F724
:1088D0003DFD80468946E8F7E9FD002283460023F6
:1088E00040464946E8F75AF9002840F06D82BBF14E
:1088F000160F00F25C823D4B03EBCB03D3E9002360
:1089000051EC190BE8F74AF9002875D00023BE1B7B
:108910000C93731E0BF1FF3B049300F14F82002375
:108920000893BBF1000F6EDA089BCDF814B0A3EBEF
:108930000B030893CBF100030B93019B092B4FF022
:10894000000B69D8052B40F33E83043B01930026BE
:10895000019B023B032B00F29986DFE813F04E04E3
:108960004B0443042604069A42F20F73CAF3130A17
:1089700013605AEA08031DD1259B002B00F07D8669
:108980001B4B00930833259A0098136015B0BDEC7B
:10899000068BBDE8F08F18EE903AC3F3130351EC49
:1089A000190B43F07F510D97A6F2FF36129F41F449
:1089B000401170E7259B002B40F0DB830D4B0093AB
:1089C00038E700BFAFF3008061436F63A787D23FF2
:1089D000B3C8608B288AC63FFB799F501344D33FAE
:1089E0000000F07F4D0002080000F83FC0010208BF
:1089F0007400020870000208BE1B731E049300F18D
:108A00009A840C900890049B5B44CDE9043B0023BE
:108A10000B93019B092B95D9002301264FF0FF32C0
:108A200001930A9607920993079B0F9300216164B3
:108A3000204601F0B9FB0090002800F02F86009B33
:108A40002364079B0E2B00F2F980002E00F0F680C5
:108A50000599002940F37184BD4B01F00F0203EB2F
:108A6000C2034FEA2118C905D3E9006740F1038426
:108A7000B84B51EC190BD3E90823E7F747FF41EC5A
:108A8000180B08F00F084FF0030AB8F1000F13D0CD
:108A9000DFF8C09218F0010F09D030463946D9E905
:108AA0000023E7F709FE0AF1010A06460F465FEACE
:108AB000680809F10809EDD151EC180B32463B4624
:108AC000E7F724FF41EC1A0B0C9B5BB157EC1A6BD8
:108AD000A14B1AEE100A00223946E8F75FF8002889
:108AE00040F052855046E7F77DFD53EC1A2BE7F72F
:108AF000E3FD9A4B0022E7F729FC079B8046A1F192
:108B00005079002B00F0F383059B1093079B0E9385
:108B10000A9B002B00F0C0840E9A8D4B9049DDF823
:108B200000A003EBC20353E902230020E7F7EEFEA7
:108B300042464B46E7F708FC59EC1A8B41EC180B00
:108B400049461AEE100AE8F7B1FC0746E7F74AFD76
:108B500002460B461AEE100A4946E7F7F5FB303796
:108B60000AF8017B53EC182B06460F46E8F716F877
:108B7000002840F055854FF000080AEE105ACDF855
:108B800044B055465BEC18AB08EE104A44462AE068
:108B90000E9B01349C424BDA724B504659460022E0
:108BA000E7F78AFD6F4B002282468B4630463946F6
:108BB000E7F782FD89468046E8F778FC0746E7F745
:108BC00011FD02460B4640464946E7F7BDFB3037EC
:108BD00005F8017B52465B4606460F46E7F7DEFF87
:108BE000002840F0188532463B465B490020E7F7F5
:108BF000ABFB52465B46E7F7D1FF0028C8D0109B7D
:108C0000009A0593AA4618EE104A1AEE105A02E08E
:108C1000924500F0EA84D1461AF8013D392BF7D08D
:108C20000133DBB28AF80030059B01330593ABE1D9
:108C3000DDF844B01AEE105A18EE104A139B002BC0
:108C4000C0F29480059A0E2A00F39080404B03EB0B
:108C5000C203D3E90089099B002B1BDA079B002B79
:108C600018DC40F05D83404B002240464946E7F760
:108C700023FD02460B4651EC190BE7F799FFDDF88F
:108C80001CA05646002800F0D082099BDDF8008029
:108C9000DF43D2E242464B4651EC190BE7F736FE72
:108CA000E8F704FC06468346E7F79CFC42464B4641
:108CB000E7F702FD0B46024651EC190BE7F744FBC0
:108CC000DDF800A0334630330AF8013B079B012B47
:108CD00000F08E834FF0010B08EE105A08EE904A18
:108CE0001D465446DA461DE042464B46304639465C
:108CF000E7F70CFEE8F7DAFB8346E7F773FC42463A
:108D00004B46E7F7D9FC0AF1010A0B460246394601
:108D10003046E7F719FB0BF13003AA4504F8013B95
:108D200000F061830F4B0022E7F7C6FC002200230E
:108D300006460F46E7F728FF0028D5D0A24618EED2
:108D4000105A18EE904A059B01330593D1461BE15A
:108D5000C0010208980102080000F03F00001C401A
:108D60000000E03F00002440000014400A9A002A5E
:108D70003FD0019A012A40F39C82079B03F1FF3800
:108D80000B9B4345C0F26E82A3EB0808079B002BA8
:108D9000C0F26683049A1A440492089A17461A4449
:108DA00008920121204601F0D3FA064625E001236E
:108DB000BE1B0C93731E04937FF5B1ADC6F1010386
:108DC000089300230493ACE55846E7F70BFC4246B2
:108DD0004B46E7F7D9FE00287FF489AD0BF1FF3B46
:108DE00085E5874B0093009815B0BDEC068BBDE878
:108DF000F08FDDF82C80089F0A9E002F0CDD049A6E
:108E0000002A09DD0899BA421346A8BF3B46C91A91
:108E1000FF1AD31A089104930B9BDBB10A9B002B1A
:108E200000F08282B8F1000F0FDD31464246204645
:108E300001F06AFB2A4601460646204601F0B6FAD2
:108E400029460546204601F0D5F90B9BB3EB0802F5
:108E500040F000830121204601F07AFABBF1000FB7
:108E6000824600F3B780019B012B40F386814FF0CF
:108E700000080120BBF1000F40F0B880049A1044B4
:108E800010F01F0000F09680C0F12003042B40F387
:108E9000F883089BC0F11C00034402440893074474
:108EA0000492089B002B05DD29461A46204601F056
:108EB0008BFB0546049B002B05DD51461A462046D8
:108EC00001F082FB82460C9B002B40F03781079B10
:108ED000002B40F31E810A9B002B40F0A180059BD4
:108EE00001330593DDF80080DDF81C90012707E0D1
:108EF000294600230A22204601F086F9013705465B
:108F000051462846FFF7C0FB4F4500F1300008F8F6
:108F1000010BEDDB079A002AC8BF9346009AD8BF21
:108F20004FF0010B034693440027294601222046B7
:108F3000019301F049FB5146054601F0BDFB0028B5
:108F400040F3A5811BF8013C009A0BF1FF3B04E0C4
:108F50005A4500F0A7811BF8013D392B0BF101099F
:108F6000F6D001338BF800305146204601F042F92B
:108F700056B12FB1B74203D03946204601F03AF935
:108F80003146204601F036F92946204601F032F9F3
:108F9000002389F80030DDE905231A60259B002BAA
:108FA0003FF448AC0098C3F8009015B0BDEC068BB8
:108FB000BDE8F08F1C20089B03440893049B0344E6
:108FC000074404936DE70126C2E4C0F1200008FACB
:108FD00000F059E401465A46204601F095FA019BFB
:108FE000012B824640F3D5814FF00008DAF81030AB
:108FF0000AEB8303186901F05BF9C0F120003DE73B
:109000004C000208314600230A22204601F0FCF8F9
:109010000F9B002B064640F32383CDF81490079353
:10902000002F00F31881B8F1000F40F0FC81B0462A
:10903000029B009F079903F001027B1E1944019BCC
:109040000A9213430891099351462846FFF71CFBE7
:1090500031468346284601F02FFB42465146814661
:10906000204601F04BFBC26801460BF13003002A99
:1090700042D104902846079301F01EFB0499029008
:10908000204601F0B7F8029A079B1AB909990029FE
:1090900000F0D682B9F1000FC0F28781019949EA48
:1090A00001090A9951EA090100F07F81002A00F3C1
:1090B000E781089A3B7007F101099742CB4600F01F
:1090C000E581294600230A22204601F09DF8464505
:1090D000054631464FF000034FF00A02204612D0F9
:1090E00001F092F84146064600230A22204601F08C
:1090F0008BF84F468046A7E72046029301F07AF8A6
:10910000029B0122C6E701F07FF84F4606468046E3
:109110009AE7019B022B77DC0A9B002B80D1059BF1
:109120005146013328460593FFF7AEFADDF800B04B
:1091300000F130030BF8013B0027F6E651462846C4
:1091400001F0BAFA0028BFF6C2AE294600230A226F
:10915000204601F059F8059B03F1FF390A9B0546AB
:10916000002B7FF44FAF0F9B002B40F370820793CF
:10917000B8E6BD4B0093033305E4DDE90212002994
:109180007FF475AEC2F31303002B7FF470AEB74BC0
:109190001340002B00F03D82089B01330893049B91
:1091A000013304934FF0010863E601230A93099BFE
:1091B000059A13440F930133012B1F460793B8BF41
:1091C00001270021172F61647FF732AC01220423AD
:1091D0005B0003F11400B842114602F10102F7D915
:1091E000616425E401230A93099F002F4ADD0F974C
:1091F0000797E6E700230A93D9E700230A93F3E7EA
:109200000F9BCDF814900793079B002B7FF43DAD87
:1092100051460522204600F0F7FF014682462846C7
:1092200001F04AFA00287FF730AD0098059F3123FE
:10923000804600F8013B013700905146204600F07F
:10924000D9FF7B1CDDF800900593CDF80080002E3F
:109250007FF496AE98E631463A46204601F0B4F9DE
:109260000646E0E60B9BCDF82C80A8EB03039B445D
:109270004FF000088AE54FF0020AB0EE498AF0EE9E
:10928000698A02E4012309930793FFF7CDBB03D159
:10929000019BDB073FF556AED9461BF8013D302B4D
:1092A000FAD061E6059B009A0133059331231370D0
:1092B0005AE60D9A002A00F0638103F23343049AC0
:1092C000DDF82C801A440492089A17461A44089232
:1092D00067E55046E7F786F953EC1A2BE7F7ECF908
:1092E000634B0022E7F732F88046A1F15079614BD9
:1092F000002251EC1A0BE7F727F842464B46064688
:109300000F46E7F769FC002840F07F813046394678
:10931000424609F10043E7F741FC00283FF48EACD8
:109320004FF0000A5646B0E429460B9A204601F059
:10933000EBF805468EE50C9040E500F04E81059A6D
:109340004D4B564206F00F0203EBC203D3E9002354
:1093500051EC190BE7F7B0F9361141EC1A0B00F09C
:109360008881464F00234FF0020AF20706D5D7E95D
:109370000023E7F7A1F90AF1010A0123761007F1AA
:109380000807F2D1002B3FF49FAB41EC1A0BFFF71B
:109390009BBB029B002B7FF427AEDDE90212C2F3D8
:1093A0001303002B3FF4F3AE1EE6002A12DD29461C
:1093B00001222046019301F007F95146054601F0CC
:1093C0007BF90028019B40F33581392B00F0138194
:1093D0000BF13103B94609F8013B059B01333746D0
:1093E00005934646C0E5A24618EE105A18EE904A7C
:1093F00002460B46E6F7AAFF42464B4606460F4694
:10940000E7F7EAFB60B942464B4630463946E7F794
:10941000BBFB00283FF497AC5FEACB717FF593ACC0
:10942000009AFFF7F8BB7168204600F0BDFE0746C2
:10943000002800F03A81336902339A0006F10C01EA
:109440000C30E7F7B3FE39460122204601F0BCF8A4
:109450008046EDE52946204601F056F80546F9E438
:10946000DDE907239F1A9CE4700002080000F07FEA
:1094700000001C4000001440C001020898010208CE
:10948000392B00F0B880B9460133A4E7059A0132C0
:1094900037460592464648E50E988D4901EBC001D6
:1094A00042464B4651E90201E7F706F95AEC1A9B8E
:1094B00041EC180B51461AEE100AE7F7F7FF074682
:1094C000E7F790F802460B461AEE100A5146E6F707
:1094D0003BFF06460E98DDF800803037012808F87B
:1094E000017B0F4600F0BA800E9B009ACDF838B091
:1094F00013449B46C246774B002230463946E7F775
:10950000DBF889468046E7F7D1FF0746E7F76AF8B8
:10951000303702460B4640464946E6F715FF0AF843
:10952000017BDA4506460F46E5D1DA46DDF838B06C
:10953000694B59EC188B002218EE100A4946E6F7E1
:1095400005FF32463B46E7F729FB00286DD118EEB0
:10955000102A4B4660490020E6F7F6FE32463B46AD
:10956000E7F73AFB00283FF469ABD1460AF1FF3A2E
:1095700019F8013C302BF8D0109B0133059303E51B
:10958000129BC3F136039AE6079B002B3FF4A1AE72
:109590000F9B002B7FF752AB059A0E93013A4D4B70
:1095A00010921AEE100A39460022E7F785F80246B3
:1095B00016460F460AF10100E7F714F832463B461B
:1095C000E7F77AF8454B0022E6F7C0FE47EC1A6B46
:1095D0008046A1F15079FFF79BBA4FF0020AB0EE36
:1095E00049AAF0EE69AAFFF76FBA059B013305930C
:1095F0003123FFF717BB059BBB4601330593392386
:1096000037460BF8013B46469EE44FF0000A5646AB
:109610000BE698462DE4AA4618EE104A1AEE105AA8
:10962000109B01330593D146AEE4109B009A05933D
:10963000FFF7F1BA7FF4CEAEDA077FF5CBAEC4E622
:10964000392BD8D0B9F1000F3FF7C2AEC2E6019B6B
:10965000022B3FF7D5ADCDF8149060E5C24667E721
:10966000019B022B3FF7CCAD0F9BCDF814900793D5
:10967000D6E44FF0020AFFF727BA194B0093FFF721
:10968000D9B83FF40EACC0F13C0094E40026666407
:109690003146204600F088FD009068B9114B124811
:1096A00000224FF4D57102F023FC0E4B0E483A46CF
:1096B00040F2EA2102F01CFC009B236401224FF0DF
:1096C000FF3309960F930A920793FFF7B7BA00BFCB
:1096D000C0010208000024400000E03F00001C40E0
:1096E000740002088000020894000208B1F90C20FE
:1096F0002DE9F0410C461107804647D4636842F4D7
:109700000062002BA2815EDDA56A002D58D00023E7
:10971000D8F80060C8F8003093B212F4805256D1E5
:109720000123E1694046A847431C67D0A389A56A85
:109730005F0705D56368C01A236B0BB1E36BC01AD2
:10974000E169024600234046A847411C41D1D8F8B0
:109750000030002B3DD01D2B01D0162B56D1A389F4
:109760002269226023F4006300216160A381216BE0
:10977000C8F8006021B304F14003994202D040468A
:1097800000F078F900202063BDE8F0812669BEB1C1
:1097900093B2256826609A070CBF63690023AD1B4E
:1097A000A3600BE02B463246E169676A4046B84742
:1097B000B0F1000CA5EB0C05664417DD002DF1DCC3
:1097C0000020BDE8F081E36B002B9DDCF8E7206D05
:1097D000AEE7B4F90C302269226023F40063A38160
:1097E0000022DB046260C2D52065C0E7A38943F094
:1097F00040034FF0FF30A381BDE8F081D8F800307E
:10980000002B93D01D2B06D0162B04D0A38943F038
:109810004003A381D5E7C8F80060D1E738B50C460E
:10982000054608B1836BA3B1B4F90C00B8B1636EFF
:10983000DB0701D4810515D528462146FFF756FFE1
:10984000636EDA07054602D4A3899B050ED5284628
:1098500038BD00F017F8B4F90C000028E7D1054630
:10986000284638BDA06D00F0AFFBE5E7A06D00F025
:10987000ADFB284638BD00BF014900F079BB00BFF1
:10988000CDBF01082DE9F0478246394800F09CFB26
:10989000DAF83840002C66D1DAF80450354ACAF8B4
:1098A0003C200323CAE9B843DFF8DC90DFF8DC8012
:1098B000314F324E04230AF53B72CAF8E8222146A2
:1098C000C5E90243C5E90044C5E904446C660822C1
:1098D000AC6105F15C00FCF7FBFFC5E90759C5E980
:1098E0000987EE6205F1580000F06AFBDAF80850CB
:1098F000234BEB602146C5E90044C5E904446C668E
:10990000AC60AC61082205F15C00FCF7E1FFC5E941
:109910000759C5E90987EE6205F1580000F050FBD0
:10992000DAF80C50174BEB602146C5E90044C5E955
:1099300004446C66AC60AC61082205F15C00FCF785
:10994000C7FF05F15800C5E90759C5E90A76C5F80A
:10995000248000F035FB0123CAF838300448BDE804
:10996000F04700F033BBBDE8F047014800F02EBBE4
:109970007C6B032479980108C1AD0108E1AD0108B1
:1099800009000100120002005DAD010881AD01086F
:10999000014800F019BB00BF786B0324014800F0B8
:1099A00015BB00BF786B032438B5084B084D5B1B13
:1099B0009C1007D0043B1D44013C55F804399847DE
:1099C000002CF9D1BDE8384005F0E6B9FC090208E1
:1099D000F8090208F8B5244F0C460646FCF7CAFF02
:1099E000BA685568C4F57E630F3325F003052B4430
:1099F00023F47F6323F00F03A3F58054B4F5805F55
:109A000007DB00213046FDF72DF8BB682B44984258
:109A100004D03046FCF7B4FF0020F8BD6142304668
:109A2000FDF720F801300DD0104ABB682D1B45F022
:109A300001055D60136830461B1B1360FCF7A0FF37
:109A40000120F8BD00213046FDF70CF8BA68831AF2
:109A50000F2BDEDD43F001035360054B03491B6808
:109A6000C01A0860D5E700BFD0090024386B032472
:109A7000D80D0024002961D0F8B50C460646FCF745
:109A800079FF54F8042C7B4FA4F1080522F0010162
:109A900005EB010CB868DCF80430604523F00303E3
:109AA00000F08B80D207CCF8043032D454F8082C64
:109AB000AD1A1144AA6807F1080082426AD00CEB83
:109AC0000304D4F804E0EC68D4601EF0010FA26037
:109AD00000F0978041F001036B60CCF80010B1F505
:109AE000007F35D27A68CB084809012101338140D3
:109AF0001143796007EBC30257F83310083AC5E900
:109B0000021247F83350CD603046BDE8F840FCF70C
:109B100037BF0CEB03025268D00710D4194407F189
:109B20000800DCF80830834273D0DCF80C20DA60DF
:109B3000936041F001036B606950D0E7704741F0DA
:109B40000103B1F5007F44F8043CCCF80010C9D300
:109B5000B1F5206F4FEA512348D28B0903F1390048
:109B600003F13802C300F818FB580838984259D05E
:109B70005A6822F003028A4202D99B689842F7D1C0
:109B8000D868C5E902308560DD603046BDE8F84040
:109B9000FCF7F6BE0CEB03025268D20763D40B4409
:109BA000DCE90212CA60916043F001026A6030464B
:109BB000EB50BDE8F840FCF7E3BE0B44D10707D4F7
:109BC00054F8082CAD1A1344D5E90212CA6091600A
:109BD00043F001026A60284ABD6012689A4293D835
:109BE000264B30461968FFF7F5FE8DE7142B0AD98E
:109BF000542B1FD80B0B03F16F0003F16E02C3004F
:109C0000B1E719448DE703F15C0003F15B02C30087
:109C1000A9E741F00103C7E90455C5E902006B60FB
:109C2000695071E779689210012404FA02F20A433C
:109C30007A60A6E7B3F5AA7F06D8CB0B03F17800CC
:109C400003F17702C3008EE740F25452934206D8E4
:109C50008B0C03F17D0003F17C02C30083E74FF41A
:109C60007E737E227FE741F001036B60CCF8001029
:109C70004AE700BFD0090024DC0D0024686B0324F0
:109C80009368002B00F085802DE9F04FB1F90C307E
:109C90000C461907804683B0174698B225D523692C
:109CA0001BB310F002033D682DD04FF0000ADFF81F
:109CB000BCB25646B9465E453346524628BF5B465F
:109CC0004046002E52D0E169676AB847002856DD49
:109CD000D9F808301B1A8244361AC9F80830002B0C
:109CE000E9D1002003B0BDE8F08F21464046FEF7E1
:109CF00051FC002840F03681B4F90C303D6898B230
:109D000010F00203D1D110F0010944D14E46009762
:109D100046B38205D4F808B040F18380B3455A4673
:109D200000F2B28010F4906F40F0BF802068019282
:109D3000494600F0BDF9A368019AA3EB0B01236823
:109D4000A1601344B24623600026009B9868A0EBF4
:109D50000A00D14498600028C3D0B4F90C0080B246
:109D6000002ED6D1D5E900960835D1E7D5E900A671
:109D70000835A0E721464046FFF750FD80B3B4F90F
:109D80000C3043F040034FF0FF30A38103B0BDE837
:109D9000F08F002070471E46AA46994618461D4679
:109DA000009756B388B34A46D4E904132068B242F8
:109DB00028BF3246884205D9A16803EB010B5A45FA
:109DC00000F3A680934263DCE169676A2A46404655
:109DD000B847B0F1000BD2DDB9EB0B09CAD00120B6
:109DE000009A9368A3EB0B035D44A6EB0B0693600C
:109DF000002B3FF476AF002ED4D10AF1080353E9CB
:109E000002569A460833002EF9D032460A212846D7
:109E1000E7F7E6FA002800F09C800130A0EB050986
:109E2000C1E720682369984216D86369B34213D802
:109E30006FF00042B24228BF3246E16992FBF3F272
:109E4000676A02FB03F340464A46B847B0F1000A8E
:109E500095DDA6EB0A0678E7B345DA4628BFB24699
:109E60005246494600F024F9A3682268A3EB0A038E
:109E70005244A3602260002BEBD121464046FFF7FD
:109E8000CDFC0028E5D07AE72068B34632464EE79D
:109E90002946019200F00CF9019AA3689B1AA3606D
:109EA000236813442360934696E723682169A3EB54
:109EB000010B636903EB430A0AEBDA7A0BF1010346
:109EC0004FEA6A0A33445345524684BF9A46524683
:109ED00043052CD511464046FCF74AFA00283BD0F2
:109EE0005A4621690190E7F761F9A289019B22F4A2
:109EF000906242F08002A28103EB0B002361AAEB87
:109F00000B03C4F814A0A3602060B34632460EE7EA
:109F100029465A4600F0CCF823685B44236021466A
:109F20004046FFF77BFC00283FF456AF27E740464A
:109F300000F0F2FC03460028DED121694046FFF71D
:109F400099FDB4F90C300C2223F08003C8F80020EE
:109F500017E7721C914627E70C22B4F90C30C8F8B9
:109F600000200EE74FF0FF30BCE600BF00FCFF7F93
:109F70002DE9F8430746884600F538764FF000098A
:109F8000D6E90154013D11D4A389012B05F1FF3518
:109F900008D9B4F90E300133214603D03846C04702
:109FA00049EA00096B1C04F16804EDD13668002E03
:109FB000E6D14846BDE8F88300487047D40E002437
:109FC000704700BF704700BF704700BF704700BFB9
:109FD0002DE9F0418B890C46990796B008D504F11C
:109FE00043030122C4E90432236016B0BDE8F081C6
:109FF000B4F90E100029064627DB6A4602F0E8F89D
:10A00000002821DB019D05F47045A5F50055B5FA42
:10A0100085F54FF480686D094FF40067414630467E
:10A02000FCF7A6F9B4F90C30F0B1204AF26343F022
:10A030008003C4F81480A3812060206135BB3B43BA
:10A04000A38116B0BDE8F081A38913F0800519D073
:10A050004FF0400841463046FCF78AF90025B4F934
:10A060000C302F460028E0D19A05BED423F003031C
:10A0700004F1430243F002030121C4E90421A38156
:10A080002260B2E74FF480682F46C7E7B4F90E109C
:10A09000304602F0B3F810B9B4F90C30CFE7A38919
:10A0A00023F0030343F001031BB2C8E779980108CA
:10A0B00088420DD98B1883420AD900EB020CBAB141
:10A0C000624613F801CD02F801CD9942F9D17047EB
:10A0D0000F2A0ED8034602F1FF3C4AB10CF1010CE5
:10A0E000013B8C4411F8012B03F8012F6145F9D194
:10A0F000704740EA01039B0750D1A2F1100370B5ED
:10A1000001F1200C23F00F0501F1100E00F11004F5
:10A11000AC441B095EF8105C44F8105C5EF80C5C03
:10A1200044F80C5C5EF8085C44F8085C5EF8045C7B
:10A1300044F8045C0EF1100EE64504F11004E9D178
:10A14000013312F00C0F01EB031102F00F0400EBCE
:10A15000031327D0043C24F003064FEA940C1E445A
:10A160001C1F8E465EF8045B44F8045FB442F9D1CC
:10A170000CF1010402F0030203EB840301EB840100
:10A1800002F1FF3C4AB10CF1010C013B8C4411F887
:10A19000012B03F8012F6145F9D170BD02F1FF3C9D
:10A1A00003469BE72246EBE7C36C70B505460C46B9
:10A1B0004BB153F8240080B1026843F824200023F7
:10A1C000C0E9033370BD2122042101F0B1FE034632
:10A1D000E8640028EDD1002070BD012101FA04F6E9
:10A1E000721D9200284601F0A3FE0028F3D0C0E9BA
:10A1F0000146E4E731B1C36C4A6853F822000860B5
:10A2000043F82210704700BFF0B50C69064683B0D2
:10A210000D4601F1140E0020DEF800101FFA81FC3B
:10A2200002FB0C334FEA134C090C02FB01CC01304A
:10A230009BB203EB0C4384424EF8043B4FEA1C43B1
:10A24000EADC3BB1AA68A24207DD05EB84020134D7
:10A2500053612C61284603B0F0BD69680193013158
:10A260003046FFF7A1FF019B0746B8B12A69019369
:10A27000023205F10C0192000C30E6F797FFF26C08
:10A280006968019B52F82100286042F821503D4640
:10A2900005EB8402013453612C61DBE7024B034878
:10A2A0003A46B52101F024FE80000208140102089C
:10A2B000030C1B04D3B90004102310F07F4F04BF1C
:10A2C0000002083310F0704F04BF0001043310F097
:10A2D000404F04BF80000233002805DB10F0804FA0
:10A2E00003F1010308BF2023184670470023E4E769
:10A2F000036813F00702014607D0DA071FD4980756
:10A3000021D55B080B600120704798B2A0B11046C0
:10A31000DAB20AB908301B0A1A0704BF1B09043055
:10A320009A0704BF9B080230DA0703D45B0800F1E8
:10A33000010006D00B6070471B0C1020E8E70020DE
:10A340007047202070479B080B600220704700BFB9
:10A3500038B5C36C04460D464BB15868B0B10268BD
:10A360005A6000220123C0E90435C26038BD2122B1
:10A37000042101F0DDFD0346E0640028EDD1094B26
:10A38000094800224FF4A07101F0B2FD1C22012106
:10A39000204601F0CDFD0028F1D001220223C0E9C2
:10A3A0000123DEE780000208140102082DE9F04FC6
:10A3B0000E691569AE4285B08846144605DB2A460B
:10A3C000234635460C4616469846A3686168AF1981
:10A3D000BB42B8BF0131FFF7E7FE0190002800F053
:10A3E0008780019B03F1140909EB870AD14505D247
:10A3F0004B46002243F8042B9A45FBD808F1140879
:10A4000008EB860B04F11403D8451A4603EB8505C7
:10A410005FD22B1B153B23F0030304331534A542F5
:10A4200038BF0423CDE902A7AC461F46924605E09B
:10A43000000C29D1C34509F1040948D958F8040B87
:10A4400085B2002DF4D056464C46002356F8040B36
:10A45000216882B21FFA81FE05FB02EE000C0A0C95
:10A46000734405FB002202EB13429BB243EA024312
:10A47000B44544F8043B4FEA1243E7D849F80730A3
:10A4800058F8040C000CD5D0D9F8003054461946C1
:10A490004D4600222688090C00FB06110A449BB297
:10A4A00043EA024345F8043B54F8046B2968360C30
:10A4B0008BB200FB063303EB1243A4454FEA134271
:10A4C000E8D8C34549F8073009F10409B6D8DDE9F1
:10A4D00002A7002F02DC05E0013F03D05AF8043D3B
:10A4E000002BF9D0019B18461F6105B0BDE8F08F25
:10A4F000034B0448019A40F25D1101F0F9FC00BFE2
:10A50000800002081401020812F003032DE9F04153
:10A510001446064632D10D46A41020D0D6F8488005
:10A52000B8F1000F33D0E3074FF0000707D46410F1
:10A5300015D0D8F80000A8B18046E307F7D5424609
:10A5400029463046FFF732FFB5B16968F36C6410F5
:10A5500053F821202A6043F821500546E9D12846C6
:10A56000BDE8F081424641463046FFF71FFFC8F87C
:10A57000000007608046E0E70546D8E7013B0F4A48
:10A5800052F823200023FFF73FFE0546C4E70121D0
:10A590003046FFF709FE804640B1012340F27122A8
:10A5A000C0E904320023B0640360BCE7044B0548F3
:10A5B00042464FF4A07101F09BFC00BF88020208E4
:10A5C00080000208140102082DE9F0470C4690466D
:10A5D0002669A368496806EB6216751C9D4207460A
:10A5E0004FEA621904DD5B009D4201F10101FADCD2
:10A5F0003846FFF7D9FD8446002851D0B9F1000F45
:10A6000000F114000EDD09F105024FEA820E034647
:10A610000CEB8202002143F8041B9342FBD1AEF104
:10A6200014031844216904F1140318F01F0803EB04
:10A6300081012DD0C8F1200986464FF0000A1A6822
:10A6400002FA08F242EA0A024EF8042B53F8042BED
:10A65000994222FA09FAF2D80B1B153B23F00303A7
:10A66000043304F11502914238BF0423BAF1000FFC
:10A6700018BF2E4640F803A0FB6C6268CCF810604F
:10A6800053F822102160604643F82240BDE8F0876D
:10A69000043853F8042B40F8042F9942F9D8EBE71B
:10A6A000034B0448624640F2D91101F021FC00BF7F
:10A6B00080000208140102080B6984460069C01A70
:10A6C00016D10CF1140C14310CEB830210B401EB15
:10A6D000830301E0944508D252F8044D53F8041D59
:10A6E0008C42F7D005D24FF0FF305DF8044B704735
:10A6F000704701205DF8044B704700BF2DE9F84F0B
:10A700000F691369FF1A002F0E4690467AD101F1A6
:10A710001405143202EB830205EB830301E09D4232
:10A7200073D253F8041D52F8044DA142F7D064D3FC
:10A730007168FFF739FD8146002872D03569D8F875
:10A740001020C76008F1140E06F1140009F1140A74
:10A7500006F1100C0EEB820200EB85075646002135
:10A760005EF8044B5CF804BFA3B211FA8BF1CB1A6C
:10A77000210CC1EB1B4101EB23419BB243EA014396
:10A78000724546F8043B4FEA2141E9D8A2EB0804A0
:10A79000153C08F11508424524F0030606F10406AD
:10A7A00038BF0426304424F0030238BF0022874219
:10A7B0005244B24416D95646044654F8043B11FAA2
:10A7C00083F10A1402EB134289B241EA0243A74221
:10A7D00046F8043B4FEA2241EFD87A1E101A20F0C7
:10A7E0000302524423B952F8043D013D002BFAD034
:10A7F000C9F810504846BDE8F88F33460127464651
:10A80000984695E7F9DB002792E70021FFF7CCFC9B
:10A81000814668B101220023C9E904234846BDE806
:10A82000F88F074B07484A464FF4107101F060FB60
:10A83000034B04484A4640F2322101F059FB00BF65
:10A8400080000208140102082DE9F043884683B015
:10A85000012157EC106B1546FFF7A6FC04460028B3
:10A860004FD0C7F30A59C7F31303B9F1000F01D052
:10A8700043F48013002E019324D068460096FFF71E
:10A8800037FD002839D0DDE90013C0F1200203FABA
:10A8900002F20A43C34062610193002B14BF0222FB
:10A8A0000122A3612261B9F1000F16D0A9F233434E
:10A8B0000344C0F13500C8F800302860204603B0DA
:10A8C000BDE8F08301A8FFF713FD019B636101223E
:10A8D00020302261B9F1000FE8D104EB8203A0F22D
:10A8E0003240C8F800001869FFF7E2FCC0EB4210E4
:10A8F0002860204603B0BDE8F083009B6361019BA4
:10A90000CBE7034B0348224640F20A3101F0F0FA4C
:10A9100080000208140102082DE9F84F17460029AB
:10A9200000F0988007F10B0580460C46FCF722F8F2
:10A93000162D5DD810252A46AF425ED854F8041C67
:10A9400021F003069642A4F1080962DABC4BD3F861
:10A9500008C009EB0600844500F09780D0F804C0D9
:10A960002CF0010303445B68DB0768D42CF0030C74
:10A9700006EB0C03934247DACB0710D454F8083C9B
:10A98000A9EB030ADAF8043023F003018C44B44441
:10A99000944580F211817318934280F2E880394621
:10A9A0004046FBF7E5FC0746E0B154F8043C23F0D1
:10A9B00001034B44A0F10802934200F0D280321F01
:10A9C000242A00F2F580132A00F2AC8003462246C6
:10A9D000116819605168596092689A602146404632
:10A9E000FFF748F84046FBF7CBFF3846BDE8F88F45
:10A9F00025F00705002D2A469EDA0C23C8F8003002
:10AA000000273846BDE8F88F1E46D0E90223D36000
:10AA10009A60731B0F2B22D8D9F8043003F001037E
:10AA200033434E44C9F80430736843F00103736044
:10AA300040462746FBF7A4FF3846BDE8F88FC90714
:10AA4000ADD454F8083CA9EB030ADAF8041021F05D
:10AA50000301A0E7BDE8F84F1146FBF789BCD9F820
:10AA6000041001F001012943C9F8041009EB0501A4
:10AA70004E4443F001034B60736843F00103083117
:10AA800073604046FEF7F6FFD2E7DCF8040020F0E2
:10AA9000030B06EB0B0C05F1100084454DDAC907DA
:10AAA0003FF57DAF54F8081CA9EB010ADAF8041051
:10AAB00021F003018B44B34458453FF76CAF574630
:10AAC000DAF80C1057F8080F321F242AC16088608A
:10AAD00000F2DB80132A40F2D6802168CAF8081001
:10AAE0006168CAF80C101B2A00F2DF8008340AF1F2
:10AAF00010022168116061685160A16891600AEBE1
:10AB00000501ABEB050242F0010299604A60DAF8F8
:10AB1000043003F001031D434046CAF80450FBF71C
:10AB20002FFF6EE723680360636843601B2A68D8C1
:10AB300004F1080200F108034AE709EB05029A60F4
:10AB4000ACEB050343F00103536054F8043C03F0FD
:10AB500001031D43404644F8045CFBF711FF274600
:10AB60004FE750F8043C23F003031E4451E75746D7
:10AB7000DAF80C1057F8080F321F242AC1608860D9
:10AB80004CD8132A48D92168CAF808106168CAF855
:10AB90000C101B2A56D808340AF110021E462368EE
:10ABA000136063685360A3689360D1463C4630E706
:10ABB0002146FFF77DFA11E7D0E902135746CB6033
:10ABC000996057F8081FDAF80C30CB60321F242A3E
:10ABD00099602DD8132A29D92368CAF808306368E8
:10ABE000CAF80C301B2A42D808340AF11003226834
:10ABF0001A6062685A60A2689A606646D1463C460E
:10AC000007E7A3688360E368C360242A26D004F1C1
:10AC1000100200F11003DBE63A46BFE72146384652
:10AC20001E46D146FFF744FA3C46F2E63B46DEE7D5
:10AC3000214638466646D146FFF73AFA3C46E8E6F2
:10AC4000D0090024A168CAF81010E168CAF81410ED
:10AC5000242A20D010340AF118029FE723690361E7
:10AC60006169416104F1180200F11803B0E6A368BC
:10AC7000CAF81030E368CAF81430242A21D01034FE
:10AC80000AF11803B3E73A4633E721463846FFF79F
:10AC90000FFA164B33E72269CAF818206269CAF81E
:10ACA0001C2018340AF1200278E7A168CAF81010B5
:10ACB000E168CAF81410242A0DD010340AF11802E1
:10ACC00017E72369CAF818306369CAF81C301834CA
:10ACD0000AF120038BE72269CAF818206269CAF8D2
:10ACE0001C2018340AF1200203E700BFD009002419
:10ACF00053EC102B70B5164E23F000410025B142E5
:10AD00000446056021DC10EE106A0E431DD0114E82
:10AD10001E40184666B91946002210EE100A0E4B66
:10AD2000E5F7CAFC6FF035050246084621F0004100
:10AD300020F0FF40091520F4E000A1F2FE3140F0C0
:10AD40007F53294443F40013216043EC102B70BD62
:10AD5000FFFFEF7F0000F07F0000504310B50C466E
:10AD6000B1F90E1001F08EFA002803DB236D0344C5
:10AD7000236510BDA38923F48053A38110BD00BFB8
:10AD80002DE9F0410C46B1F90C101F46CB050546E4
:10AD900016460BD421F48051A1813B46B4F90E1024
:10ADA00032462846BDE8F04101F046B8B4F90E102D
:10ADB0000223002201F03AFAB4F90C10EAE700BFCE
:10ADC00010B50C46B1F90E1001F030FAA389421CFF
:10ADD0000EBF23F4805343F480532065A38110BD3C
:10ADE000B1F90E1001F0E0B830B540EA0104A30754
:10ADF00001D1032A0FD8844601F1FF3E07E01EF877
:10AE0000011F03F8011B541EC1B19C462246634634
:10AE1000002AF4D130BD0B468446194653F8045B32
:10AE2000A5F1013424EA050414F0803FE4D1043A8A
:10AE3000032A4CF8045B1946EFD8DDE76244002C86
:10AE4000E8D003F8011B9342FBD130BD2DE9F04F50
:10AE5000936883B09146002B6ED017688D6880464A
:10AE60000C460868083744E0A38913F4906F2ED08D
:10AE7000D4E90415A0EB010A05EB450505EBD575F2
:10AE80000AEB06006D100130A8422A4684BF054631
:10AE90002A465B0537D511464046FBF769FA00287C
:10AEA0003BD0524621690190E6F780F9A289019BC7
:10AEB00022F4906242F08002A281A5EB0A0203EB29
:10AEC0000A006561A260236120603546B24659469A
:10AED0005246FFF7EDF8A068D9F808102368451B23
:10AEE0008E1B03EB0A00A5602060C9F808601EB342
:10AEF000083757E902B6002EFAD0B542AA46B3D9B0
:10AF00003546B246E3E74046FFF706FD0346002814
:10AF1000D3D121694046FEF7ADFD0C23C8F80030BF
:10AF2000A389002243F040034FF0FF30A381C9E919
:10AF3000012203B0BDE8F08F0020C9F8040003B07F
:10AF4000BDE8F08F2DE9F84F4B6E9C0490462DD54F
:10AF50009368126843B38B46064602F1080959E923
:10AF6000025A5FEA9A0715D0043D002401E0A74287
:10AF70000ED055F8041F5A46304601F0F5F8431C30
:10AF800004F10104F3D10023C8E90133BDE8F88FCF
:10AF9000D8F808302AF0030AA3EB0A03C8F80830EF
:10AFA00009F10809002BDAD10020ECE7FEF768FE72
:10AFB0000023C8E90133BDE8F88F00BF2DE9F04F49
:10AFC0002DED028BBBB008EE101A08EE900A1C465D
:10AFD0001746039318B1836B002B00F09C8218EE88
:10AFE000102A536EDE0740F19E81B2F90C108AB22E
:10AFF000900409D441F4005218EE101A4B6E8A8165
:10B0000023F4005392B24B66110740F1F88018EE1A
:10B01000103A1B69002B00F0F28002F01A030A2B91
:10B0200000F0FE8011AB0E930023CDE90F33CDE984
:10B03000083306930DF14409079302933B78002BE4
:10B0400000F05B813C4604E014F8013F002B00F067
:10B050003481252BF8D1E51B40F031812378002B7A
:10B0600000F04B814FF0000300258DF83330671C52
:10B07000637801954FF0FF3B2B240137A3F12002A9
:10B080005A2A00F26181DFE812F0AB025F015F0132
:10B09000A7025F015F015F016A005F015F01490272
:10B0A0007E025F015402B9025F01B5025B005B00E2
:10B0B0005B005B005B005B005B005B005B005F01B3
:10B0C0005F015F015F015F015F015F015F015F0180
:10B0D000360284005F015F015F015F015F015F0174
:10B0E0005F015F015F015F01E5005F015F015F01DB
:10B0F0001A025F016C025F015F014C055F015F0195
:10B100005F015F015F015F015F015F015F015F013F
:10B11000360286005F015F015F01620286008000E7
:10B120005F0158025F019402E700820280005F0124
:10B130001A027E006C055F015F016E055F017E00F3
:10B14000A3F13002002117F8013B01EB810102EB72
:10B150004101A3F13002092AF5D901918EE718EED9
:10B16000900AFEF729FF436808931846E6F7C8F8E7
:10B170000990064618EE900AFEF71EFF83680793B3
:10B18000002E40F0A9843B7877E73B7845F0200516
:10B1900073E745F01005AC06039E40F18281073647
:10B1A00026F007063246736852F8086B03929846F9
:10B1B000002BC0F25984BBF1FF3F00F03E8556EAF8
:10B1C000080325F0800A00F034840A2E78F1000389
:10B1D00080F0EB84303601238DF8E760554600930C
:10B1E0000DF1E704009A9DF833305A45B8BF5A462E
:10B1F0009046002B00F0B78002F10108B3E018EE92
:10B20000101A18EE900A18EE105AFDF7C3F900282C
:10B2100040F0AC85AA8902F01A030A2B7FF402AF32
:10B2200018EE101AB1F90E30002BFFF6FBAE4B6E84
:10B23000DE0702D4950540F1778518EE101A18EE56
:10B24000900A23463A463BB0BDEC028BBDE8F04F76
:10B2500000F0B2BD45F0100515F0200800F0128195
:10B26000039E073626F007063346D6F8048053F8C7
:10B27000086B039325F4806A00234FF000028DF8D9
:10B280003320BBF1FF3F00F0D38156EA08022AF0D9
:10B29000800540F0CC81BBF1000F40F0D184002B41
:10B2A00040F0CC831AF00103009300F0FC833023BC
:10B2B0008DF8E7300DF1E70494E7E51B1DD00F9BF7
:10B2C000109A01332A44072BC9E9007510920F9395
:10B2D00005DC09F10809029B2B440293BEE6002A13
:10B2E00000F0A38318EE101A18EE900A0EAAFFF7CA
:10B2F00029FE40B90DF14409EDE7109B002B40F009
:10B30000248500230F9318EE102A536ED90740F1BD
:10B31000AE8093895B0600F1328502983BB0BDECAC
:10B32000028BBDE8F08FB2F90C108D0518EE103AC3
:10B330008AB23FF55DAE18EE105A986DFEF744FEE6
:10B34000B5F90C108AB253E6002BD6D08DF88430B4
:10B350004FF001084FF000038DF83330CDF8008036
:10B3600021AC4FF0000B15F00203049318BF08F155
:10B37000020815F08403059305D1019BA3EB080691
:10B38000002E00F37F82DDE90F21501C9DF8336011
:10B390008EB10DF133020131C9F8002007284FF0BA
:10B3A0000102CDE90F01C9F8042000F34C820246E6
:10B3B00009F108090130049BEBB10DAB0231C9F86A
:10B3C000003007284FF00203CDE90F01C9F804301F
:10B3D00040F35382002900F0238318EE101A18EE70
:10B3E000900A0EAAFFF7AEFD00288CD1DDE90F21EF
:10B3F0000DF14409501C059B802B00F05A81009BE5
:10B40000ABEB0306002E00F3BD81009BC9F80040A2
:10B4100019440728CDE90F01C9F8043040F34681EB
:10B42000002900F0898218EE101A18EE900A0EAA70
:10B43000FFF788FD00287FF466AF10990DF14409ED
:10B44000680705D5019BA3EB0804002C00F37E825E
:10B45000DDE901234245ACBF9B1843440293002918
:10B4600040F0E08100230F930DF14409E6E5938954
:10B470009A053FF54FAF18EE104AA06DFEF7A6FDF6
:10B48000A38947E715F0100340F03E8315F0400212
:10B4900000F0FD83039A52F8046B03929846B6B20B
:10B4A000E8E656F8043B0396E80600F108836906CF
:10B4B00040F1028343F3C0381EB2434678E6039E50
:10B4C00056F8044B4FF000038DF83330002C00F099
:10B4D000C583BBF1FF3F00F049835A460021204657
:10B4E000E5F77EFF002800F02484031B00930396F9
:10B4F0004FF0000B76E6039E4FF000038DF83330DB
:10B500004FF0010856F8043B8DF884300396CDF8CF
:10B51000008021AC25E7FEF7B5F960E5039B53F801
:10B52000042B0192002A80F2BA82019A03935242BC
:10B5300001923B7845F004059FE53B786C2B03BFF7
:10B540007B7845F02005013745F0100595E53B78FF
:10B55000682B03BF7B7845F40075013745F0400543
:10B560008BE545F0100A1AF0200800F06E82039E69
:10B57000073626F007063346D6F8048053F8086BE2
:10B580000393012379E63B788DF8334075E5039BFF
:10B5900053F8046B039330238DF8343078238DF8FF
:10B5A0003530C24B069345F0020A4FF000080223E3
:10B5B00063E6AE0600F19E82EC0600F14783680662
:10B5C00000F1A483A90540F14183039E029A56F835
:10B5D000043B03961A7031E53B7845F001054CE5D4
:10B5E0009DF83330002B7FF4CEAD20238DF833301F
:10B5F0003B7842E53B7845F080053EE5394611F859
:10B60000013B2A2B00F0C483A3F13002092A0F4624
:10B610004FF0000B3FF632AD17F8013B0BEB8B0BF5
:10B6200002EB4B0BA3F13002092AF5D926E5AA4615
:10B63000012B3FF4CAAD022B3AAC12D1069A06F0A8
:10B640000F033609D35C04F8013D46EA08764FEA59
:10B65000181856EA0803F2D13AAB1B1B5546009363
:10B66000C0E506F00703F60846EA48764FEAD80830
:10B67000303356EA0801224604F8013DF1D11AF0B0
:10B68000010FE9D0302BE7D03023023A04F8013C17
:10B690003AAB9B1A554600931446A3E500991194C2
:10B6A0000123129110910F930DF1440909F108093A
:10B6B000C6E6019BA3EB0806002E7FF7A0AE102E76
:10B6C00040F36283DFF8E8A15346CDE90445BA466A
:10B6D00018EE904A18EE105A084696461F4607E0A4
:10B6E0000EF1020C09F108099646103E102E1FDDDE
:10B6F0000EF1010210301023072ACDE90F20C9F8FE
:10B700000070C9F80430EBDD0EAA002800F0958027
:10B71000294620460DF14409FFF714FC00287FF468
:10B72000F2ADDDE90FE0103E102E0EF1010CDFDC72
:10B73000DDE904453B46014657469A463144BCF193
:10B74000070FCDE90FC1C9F800A0C9F8046040F3A4
:10B75000AD81002900F0CA8218EE101A18EE900A86
:10B760000EAAFFF7EFFB00287FF4CDAD009BDDE9CB
:10B770000F21ABEB0306002E02F101000DF144098D
:10B780007FF743AE102EDFF828A137DD5346CDE911
:10B790000445BA4618EE904A18EE105A4FF0100BB6
:10B7A000084694461F4607E00CF1020E09F108090D
:10B7B0009446103E102E1ADD0CF101021030072ABB
:10B7C000C9E9007BCDE90F20EEDD0EAA20B32946A2
:10B7D00020460DF14409FFF7B5FB00287FF493AD37
:10B7E000DDE90FC0103E102E0CF1010EE4DCDDE9A6
:10B7F00004453B460146574670469A463144072861
:10B80000CDE90F01C9F800A0C9F8046000F3F28087
:10B8100009F108090130F8E54FF0010E84460DF1F9
:10B820004409C6E718EE101A18EE900A0EAAFFF7A0
:10B8300089FB00283FF416AE65E54FF0010C864603
:10B840000DF1440951E7002900F0E78018EE101AC5
:10B8500018EE900A0EAAFFF775FB00287FF453AD8F
:10B86000DDE90F210DF14409501CA4E502210DABC7
:10B870001291119301200DF14409024609F10809C2
:10B88000501CB8E5102E40F35A82DDE90FC1DFF8F5
:10B8900024A0CDF828B00B95A34618EE105A5446B4
:10B8A000102318EE90AA08460EE000BF1C00020804
:10B8B000A4020208940202080CF1020E09F1080920
:10B8C0009446103E102E1CDD0CF101021030072AA8
:10B8D000C9E90043CDE90F20EEDD0EAA30B32946B9
:10B8E00050460DF14409FFF72DFB00287FF40BAD06
:10B8F000DDE90FC0103E102E0CF1010E4FF01003C9
:10B90000E2DCA2460B9D5C46DDF828B0014672469B
:10B910003144072ACDE90F21C9F800A0C9F8046015
:10B9200000F3AB8009F10809501C2FE584464FF065
:10B93000010E0DF14409C4E76C070F9152D5019B2C
:10B94000A3EB0804002C4DDD0DF14409102C40F34D
:10B950000882DFF85CA40F9A0B46BB46494657465F
:10B9600018EE109A18EE90AA102505E0901C0831E8
:10B970003246103C102C18DD561C1033072EC1E93E
:10B980000075CDE90F63F1DD0EAA3BB34946504681
:10B99000FFF7D8FA00287FF4B6ACDDE90F23103C9E
:10B9A000102C02F1010011A9E6DC8946BA461946BD
:10B9B0005F4621440728C9E900A4CDE90F017FF7BC
:10B9C00047AD79B118EE101A18EE900A0EAAFFF7DB
:10B9D000B9FA00287FF497AC109939E501201A468E
:10B9E00011A9C6E7DDE901234245ACBF9B184344DA
:10B9F000029337E500293FF451AE18EE101A18EE05
:10BA0000900A0EAAFFF79EFA00287FF47CAC0F98EC
:10BA1000109901300DF14409F7E4049B002B79D112
:10BA200001200A460DF14409E5E40F920DF14409A5
:10BA300051E4BBF1000F7FF4CDAB55464FF0000B46
:10BA4000CDF800B03AACFFF7CDBB1AF010033CD1F3
:10BA50001AF0400200F00C81039A52F8046B039232
:10BA60009846B6B2012308E42D2376428DF8333090
:10BA700068EB4808AA46012303E400297FD018EEAA
:10BA8000101A18EE900A0EAAFFF75CFA00287FF44D
:10BA90003AACDDE90F210DF14409501C76E4039323
:10BAA0003B78FFF7EABA3AACFFF79CBB09F108090B
:10BAB0000CF101006246A2E4AA0500F12F814FEAD1
:10BAC000E3781E464346FFF773BB039B53F8046BB2
:10BAD00003930123FFF7D1BB079B002B3FF453AB2C
:10BAE000079B1B78002B3FF44EAB3B7845F48065F9
:10BAF000FFF7C3BADDE9021656F8042B0396CB17FD
:10BB0000C2E90013FFF79ABA039B53F8046B03933F
:10BB1000FFF7B0BB02210DAB129111930DF1440957
:10BB2000ACE6A04A069215F0200836D0039E0736F0
:10BB300026F007063246D6F8048052F8086B0392C6
:10BB4000EA0709D556EA080206D08DF835303023C9
:10BB500045F002058DF8343025F4806A0223FFF7A2
:10BB60008CBBAA46FFE4904A0692DCE72046039687
:10BB7000E5F7C6FB4FF0000B0090FFF733BB9DF8D5
:10BB80003320002A00F0B88001200DF1330212901A
:10BB900011920DF14409014609E415F0100242D05A
:10BBA000039A52F8046B0392CAE70AF48063CDF853
:10BBB00000B0CDF81090BB46DDF81C9000253AACE3
:10BBC0001F4609E030464146E5F76EF90A2E78F146
:10BBD00000031BD306468846304641460A2200230E
:10BBE000E5F762F91146303104F8011C0A220023FE
:10BBF000013C0135002FE5D099F80010A942E1D1B0
:10BC0000FF2DDFD00A2E78F100035BD23AAB1B1B6D
:10BC1000CDF81C905F46DDF81090DDF800B0009381
:10BC20005546FFF7DFBA15F040013ED0039951F8B1
:10BC3000046B03919046B6B282E7AA46FFF7C5BAF5
:10BC4000012BAA467FF4F7ACFFF7C4BA039E029A11
:10BC500056F8043B1A600396FFF7F0B95B46062BD3
:10BC600028BF0623514C009303969846FFF779BBF3
:10BC7000039B1AF4007814BF53F8046B53F8046B59
:10BC800003931CBF9046F6B20123FFF7F6BA039B5D
:10BC900015F4007814BF53F8046B53F8046B039346
:10BCA0001CBF9046F6B2FFF7E5BA039A15F4007888
:10BCB00014BF52F8046B52F8046B03921CBF884601
:10BCC000F6B23DE7099B0899E41A1A462046FFF7A9
:10BCD0008BF899F801300BB109F101093046414662
:10BCE0000A2200230025E5F7DFF873E701200A4662
:10BCF0000DF14409FFF783BB049B002B7FF4B6AD25
:10BD00000A4601200DF14409FFF779BB039E029A10
:10BD100056F8043B03961A80FFF790B943F3C01816
:10BD20005EB24346FFF744BA886DFEF74FF9FFF75E
:10BD300084BACDF800B003968346FFF753BA0F9A42
:10BD40001099DFF86CA00132E2E518EE101A18EE37
:10BD5000900A0EAAFFF7F6F800283FF4D2AAFFF7E0
:10BD6000D2BA0F98DFF848A0013022E66B6EDB07ED
:10BD700005D4AB899F0502D4A86DFEF727F94FF0D3
:10BD8000FF330293FFF7C9BADFF828A08446D5E451
:10BD9000039A7B780F4652F8041B039241EAE17B39
:10BDA000FFF76BB9300002081C00020844000208CB
:10BDB00094020208A402020870B50C468989ADF508
:10BDC0008E6D21F00201ADF81410616E1B91E189B6
:10BDD000ADF81610E1690991616A0B911CA90291F5
:10BDE00006914FF4806106460491079118A800213E
:10BDF000CDE900320891FEF7E3F8DDE9003202A94F
:10BE00003046FFF7DBF8051E07DB02A93046FDF7D9
:10BE100005FD002818BF4FF0FF35BDF814305B0654
:10BE200003D5A38943F04003A3811898FEF7CAF80D
:10BE300028460DF58E6D70BD38B50C46084D84460C
:10BE4000114620461A4600232B606446E6F748FA5E
:10BE5000431C00D038BD2B68002BFBD0236038BDBD
:10BE60006C6B03242DE9F047DFF880A00646DAF872
:10BE7000000098460F469146FEF7A6F81A4B1B683D
:10BE8000D3F8484124B365681F2D26DC5EB96B1CCE
:10BE90000235DAF80000636044F82570FEF796F882
:10BEA0000020BDE8F08704EB85010123C1F88890EC
:10BEB000D4F88821AB401A43022EC4F88821C1F877
:10BEC0000881E4D1D4F88C211343C4F88C31DEE727
:10BED00003F5A674C3F84841D5E7DAF80000FEF789
:10BEE00075F84FF0FF30DCE708000208E00D002491
:10BEF00000B50B4C25681446EE681A4685B003461B
:10BF00000D464CB107490095CDE90114304606496C
:10BF100000F0C2F800F050FA04490C46F3E700BF05
:10BF2000A0050024B4020208C4020208C0020208EC
:10BF300038B5A1FB02148CBBFAF71AFA0546E0B13A
:10BF400050F8042C22F00302043A242A17D8132AAA
:10BF50001AD91B2AC0E900441DD9242A14BF00F1B4
:10BF6000100200F118024FF00003C0E9024404BFC0
:10BF700004614461C2E900339360284638BD21461C
:10BF8000FAF7A6FC284638BD02460023C2E9003372
:10BF90009360284638BD00F10802F6E7FAF7B6F9D3
:10BFA0000C2300250360E8E738B5074D002204465E
:10BFB00008462A60E6F7A2F9431C00D038BD2B687A
:10BFC000002BFBD0236038BD6C6B032470B50029B7
:10BFD0004BD006460C4610B1836B002B48D0636EE5
:10BFE000D80734D5B4F90C30002B3ED0214630466A
:10BFF000FDF77CFBE36A054633B1E16930469847BB
:10C000000028B8BF4FF0FF35A3891A063BD4216B37
:10C0100041B104F14003994202D03046FDF72AFDB8
:10C0200000232363616C21B13046FDF723FD00231B
:10C030006364FDF7ADFC636E0022DB07A28127D5A8
:10C04000A06DFDF7BFFFFDF7A9FC284670BDA389D1
:10C050009905CBD4A06DFDF7B7FFB4F90C30002BD8
:10C06000C4D1656E15F0010508D00025284670BDC5
:10C07000FDF708FC636ED807B4D4E8E7A06DFDF7C0
:10C08000A5FF284670BD21693046FDF7F3FCBEE7E9
:10C09000A06DFDF79BFFD3E70EB410B583B005ABE1
:10C0A000064C53F8042B019301462068FEF786FFE7
:10C0B00003B0BDE8104003B0704700BFA0050024E6
:10C0C0002DE9F04782B082468846144600F0A8F871
:10C0D000012803D108F1FF33FE2B36D9424604F183
:10C0E0005C0301A9504600F03BF9421C064632D0E1
:10C0F00030B39DF804C00DF10509002509E023685F
:10C100005A1C226083F800C00135B54218D219F8D4
:10C1100001CBA368013B002BA360F0DAA769BB4207
:10C1200061462246504602DBBCF10A0FE7D100F01F
:10C13000BFF8431CE8D10646304602B0BDE8F087A0
:10C140004646304602B0BDE8F0875FFA88FC8DF8BD
:10C1500004C00646CFE7A389304643F04003A381DD
:10C1600002B0BDE8F08700BF30B5536E13F0010F89
:10C17000B2F90C30144683B005469AB201D1980545
:10C180001CD5900406D4626E43F4005342F400526E
:10C19000A381626622462846FFF792FF636EDA07A4
:10C1A000054602D4A3899B0502D5284603B030BDBD
:10C1B000A06DFDF70BFF284603B030BDA06D0191C7
:10C1C000FDF702FFB4F90C3001999AB2D9E700BF2C
:10C1D00070B50C46084D03460026204611461C4605
:10C1E0002E60E6F78EF8431C00D070BD2B68002B44
:10C1F000FBD0236070BD00BF6C6B032438B5074DC6
:10C200000022044608462A60E6F780F8431C00D066
:10C2100038BD2B68002BFBD0236038BD6C6B03242A
:10C22000014B93F828017047E40D002438B50C4603
:10C23000084D8446114620461A4600232B6064466A
:10C24000E6F766F8431C00D038BD2B68002BFBD006
:10C25000236038BD6C6B032482B049B15AB16BB115
:10C2600013780B601278101E18BF012002B07047BF
:10C2700001A9002AF3D1104602B070476FF0010007
:10C28000F4E700BF38B50C46084D844611462046F9
:10C290001A4600232B606446E6F712F8431C00D0D0
:10C2A00038BD2B68002BFBD0236038BD6C6B03249A
:10C2B000F8B50D461446064610B1836B002B43D0EB
:10C2C000B4F90C20A369A360170790B21BD52369AA
:10C2D000CBB1EDB281042F4622D522686169D31A11
:10C2E000994229DD0133A1680139A160511C216007
:10C2F000157062699A422AD0A389DB0701D50A2DFD
:10C3000025D03846F8BD21463046FCF743F920BB1E
:10C31000B4F90C20236990B2EDB281042F46DCD42D
:10C3200042F40052A281626E616922F40052626698
:10C330002268D31A9942D5DC21463046FDF76EFAC1
:10C3400058B922680123CEE7FDF79CFAB8E72146E9
:10C350003046FDF763FA0028D3D04FF0FF37D0E71F
:10C3600070B5054684B01C4639B10B4ED6F8E06076
:10C37000B047431C09D004B070BD0A460649D1F845
:10C38000E06001A9B047431CF5D100228A23226056
:10C390002B6004B070BD00BFE40D002449B1FF2A3A
:10C3A00002D80A70012070478A2303604FF0FF30E3
:10C3B00070470846704700BF08B5062000F004F833
:10C3C0000120E5F777FF00BF38B5154B1F281D6822
:10C3D00020D8D5F8DC22044662B152F820304BB1A7
:10C3E000012B15D0591C0FD0002542F8205098473A
:10C3F000284638BD284600F02BF82246014628463C
:10C40000BDE8384000F00EB816232B60012038BD7F
:10C41000002038BD16232B604FF0FF3038BD00BF21
:10C42000A005002470B50C46084D034600262046A2
:10C4300011461C462E60E5F735FF431C00D070BD49
:10C440002B68002BFBD0236070BD00BF6C6B0324F6
:10C45000E5F726BF0000000051EC100B204A21F048
:10C460000043934220DD00B51E4A934285B009DDAA
:10C4700010EE102A0B46E3F767FF41EC100B05B0F6
:10C480005DF804FB684600F067F900F0030001283E
:10C490009DED021B9DED000B0AD0022816D090B135
:10C4A000012001F0F1FCEAE79FED0B1B00F084BFD7
:10C4B00001F0EAFC53EC102B03F1004300EE903A3C
:10C4C00005B05DF804FB00F077FFD8E700F074FFDB
:10C4D000F0E700BFAFF300800000000000000000A4
:10C4E000FB21E93FFFFFEF7F51EC100B204A21F0C9
:10C4F0000043934227DD00B51E4A934285B009DD13
:10C5000010EE102A0B46E3F71FFF41EC100B05B0AD
:10C510005DF804FB684600F01FF900F003000128F5
:10C520009DED021B9DED000B12D0022817D090B19B
:10C5300000F042FF53EC102B03F1004300EE903A61
:10C5400005B05DF804FB9FED081B002001F09CBCCA
:10C5500000F032FFDBE7012001F096FCD7E7012075
:10C5600001F092FCE6E700BF0000000000000000C0
:10C57000FB21E93FFFFFEF7F10EE103A184A23F04E
:10C58000004393421BDDB3F1FF4F02DB30EE400A64
:10C59000704700B583B0684600F0D6FD00F0030098
:10C5A0000128DDED010A9DED000A0CD0022812D011
:10C5B00070B1012002F0E2F803B05DF804FBDFED9A
:10C5C000090A01F01FBD02F0D9F8B1EE400AF3E705
:10C5D00001F018FDF0E701F015FDB1EE400AEBE7C0
:10C5E000D80F493F0000000010EE103A194A23F01E
:10C5F000004393421CDDB3F1FF4F02DB30EE400AF3
:10C60000704700B583B0684600F09EFD00F003005F
:10C610000128DDED010A9DED000A0ED0022813D09D
:10C6200070B101F0EFFCB1EE400A03B05DF804FB1D
:10C63000DFED090A002002F0A1B801F0E3FCF4E705
:10C64000012002F09BF8F0E7012002F097F8B1EE2C
:10C65000400AEAE7D80F493F0000000008B52DED79
:10C66000028BB0EE408A00F09DFAB4EE488AF1EEFB
:10C6700010FAF0EE408A0AD6B0EE480A02F0C0FA8C
:10C68000F7EE007AB4EEE70AF1EE10FA04DCB0EE51
:10C69000680ABDEC028B08BDF9F738FEBDEC028BD1
:10C6A000034621221A600248BDE8084002F0F6BAAB
:10C6B000C002020808B52DED028BB0EE408A00F0F2
:10C6C00095FBB4EE488AF1EE10FAF0EE408A0AD6F5
:10C6D000B0EE480A02F094FAF7EE007AB4EEE70AF8
:10C6E000F1EE10FA04DCB0EE680ABDEC028B08BD76
:10C6F000F9F70CFEBDEC028B034621221A600248BA
:10C70000BDE8084002F0CABAC002020800F074BCDA
:10C7100008B52DED028BB0EE408A00F047FEB4EE76
:10C72000488AF1EE10FA06D6DFED098AB4EEE88AFF
:10C73000F1EE10FA02D4BDEC028B08BDF9F7E6FD6C
:10C7400088EEA80ABDEC028B2123036008BD00BF60
:10C7500000000000000000002DE9F04F53EC102B0A
:10C760002DED048B904923F000458D428BB004469B
:10C7700040F38C808D498D421F462BDC002F1946DB
:10C7800010EE100A7EA3D3E9002340F3B681E3F74D
:10C79000DBFD874B9D428046894600F08F807AA35F
:10C7A000D3E90023E3F7D0FD02460B46C4E900239A
:10C7B00040464946E3F7C8FD73A3D3E90023E3F7F6
:10C7C000C3FDC4E90201012630460BB0BDEC048B69
:10C7D000BDE8F08F77498D4240F3928076498D42D3
:10C7E00061DC2E15A6F2164610EE100AA5EB0651D6
:10C7F00090468946E4F75AFEE3F7F4FE02460B46FC
:10C8000040464946CDE90423E3F79EFD6B4B0022E9
:10C81000E3F752FF89468046E4F748FE0546E3F712
:10C82000E1FE02460B4640464946CDE90623E3F7C2
:10C830008BFD624B0022E3F73FFF02460B46CDE93A
:10C84000082300220023E4F79FF9002800F0538119
:10C85000002D0CBF01230223594A019202220092AB
:10C860002146324604A800F0E7FE002F0646ABDA68
:10C870006168226801F10043E168C4E90023A2680D
:10C8800001F10043C4E9022346429DE70020002154
:10C890000026C4E90201304684ED000B0BB0BDEC6C
:10C8A000048BBDE8F08F10EE100A1946E3F74CFD3B
:10C8B0000026C4E90201C4E9000185E734A3D3E9F5
:10C8C0000023E3F741FD34A3D3E9002380468946E2
:10C8D000E3F73AFD02460B46C4E9002340464946C9
:10C8E000E3F732FD2CA3D3E90023E3F72DFD012666
:10C8F000C4E9020130460BB0BDEC048BBDE8F08FFB
:10C9000001F084FF59EC108B10EE100A24A3D3E938
:10C9100000234946E3F7D0FE2A4B0022E3F716FD39
:10C92000E4F7C4FD0646E3F75DFE02460B4643EC22
:10C93000182B13A3D3E90023B0EE489AF0EE689ABF
:10C94000E3F7BAFE02460B4640464946E3F7FCFCD5
:10C950000DA3D3E9002382468B4651EC180BE3F775
:10C96000ABFE1F2E41EC180B30DC174B721E53F838
:10C970002230AB422AD002460B469BE0AFF3008048
:10C9800000004054FB21F93F3163621A61B4D03D8D
:10C990000000601A61B4D03D7370032E8A19A33B66
:10C9A00083C8C96D305FE43FFB21E93F7BD902407A
:10C9B000FB21F93FFB213941FFFFEF7F0000704170
:10C9C000880402080000E03F080402082B150393C6
:10C9D000504653EC182B5946E3F7B6FCC1F30A5303
:10C9E000C3EB1555102D8046894669DD64A3D3E954
:10C9F000002351EC190BE3F75FFE8046894642465F
:10CA00004B4650465946E3F79FFC02460B465046BC
:10CA1000594692469B46E3F797FC42464B46E3F75E
:10CA200093FC59A3D3E900238046894651EC190BA6
:10CA3000E3F742FE42464B46E3F786FC02460B46CE
:10CA40005046594643EC182BE3F77EFC039AC1F39A
:10CA50000A53D31A312B8046894631DD4DA3D3E9E1
:10CA6000002351EC190BE3F727FE80468946424626
:10CA70004B4650465946E3F767FC02460B46504684
:10CA8000594692469B46E3F75FFC42464B46E3F726
:10CA90005BFC42A3D3E900238046894651EC190B85
:10CAA000E3F70AFE42464B46E3F74EFC02460B46CE
:10CAB00043EC182B50465946E3F746FC804689461E
:10CAC00042464B46C4E9008950465946E3F73CFCD0
:10CAD00053EC182BE3F738FC002FC4E90201BFF632
:10CAE00073AE09F10043C4E9008301F10043C4E9D6
:10CAF0000203764268E60323AEE6E3F727FC244B05
:10CB00009D428046894616D01BA3D3E90023E3F754
:10CB10001DFC02460B46C4E9002340464946E3F7A4
:10CB200013FC15A3D3E90023E3F710FC4FF0FF3605
:10CB3000C4E9020148E612A3D3E90023E3F706FCA7
:10CB400011A3D3E9002380468946E3F7FFFB0246A1
:10CB50000B46C4E9002340464946E3F7F5FB0AA328
:10CB6000D3E90023E3F7F2FB4FF0FF36C4E90201FB
:10CB70002AE600BFAFF300803163621A61B4D03D92
:10CB80000000601A61B4D03D7370032E8A19A33B74
:10CB9000FB21F93F0000002E8A19A33BC149202543
:10CBA0009A837B3908B510EE102A22F00043B3F1C6
:10CBB0007E5F2DED028B12D00ADCB3F17C5F19DAB7
:10CBC000B3F10C5F6CDCBDEC028B9FED770A08BD06
:10CBD00070EE407A87EEA70ABDEC028B08BDBDEC73
:10CBE000028B9FED720ADFED727A002AD8BFB0EE99
:10CBF000670A08BD002AC0F29080F7EE008A38EE7E
:10CC0000C00AB6EE008A20EE088AB0EE480A00F0AC
:10CC1000CDFBDFED687A9FED687A9FED686ADFED06
:10CC2000685ADFED686AA8EE277ADFED677AA7EE2B
:10CC3000086AE8EE257AE6EE086ADFED645A9FEDB1
:10CC4000647AE7EE885AA6EE887ADFED627A10EE13
:10CC5000103AE5EE887A23F47F6323F00F03B0EEF9
:10CC6000476A9FED5D7AF0EE676AA6EE087A07EEF6
:10CC7000903AB0EE486AE6EE888AA7EEE76A70EE70
:10CC8000276A27EE088A86EE267AC8EE286ABDEC67
:10CC9000028BA0EE267A37EE870A30EE000A08BD36
:10CCA00020EE007ADFED437A9FED436ADFED436AC1
:10CCB0009FED435ADFED435AA7EE276ABDEC028B86
:10CCC000E6EE076ADFED407A9FED406AE7EE057A0F
:10CCD000E6EE875AA7EE876A9FED3D5ADFED3D7A73
:10CCE000DFED3D6AA5EE875AE6EE077AE5EE076AC4
:10CCF000F7EE005AE7EE875A26EE877A9FED376AFD
:10CD0000DFED377AC7EE256AB0EE467AA0EE667A96
:10CD100030EE470A37EEC00A08BDB7EE007A30EEB3
:10CD2000070AF6EE007A60EE277ADFED226A9FEDC1
:10CD3000226ADFED224ADFED225A9FED225A9FED53
:10CD4000268AA7EEA66ADFED206AE6EE274AE7EE1E
:10CD5000A56ADFED1E5A9FED1E6AA4EEA75AE6EE05
:10CD6000A75ADFED1C6AA5EE276AE5EEA76AA6EED4
:10CD7000278AA6EEA77A28EE278AF0EE478AB0EE39
:10CD8000670A00F013FB88EE286ADFED167AB0EE32
:10CD9000407AE7EE067A9FED140A77EE877AF0EE96
:10CDA000006AA7EEE60A17E7DB0FC93F00000000A4
:10CDB000DB0F494008EF1138047F4F3A461124BD7C
:10CDC0002EC69D3DA80A4E3E613330BF2D5701400F
:10CDD00090B0A6BE39D119C0ABAA2A3E6821A233B1
:10CDE000DA0FC93F6821A2B3DA0F494038B510EE17
:10CDF000105A25F00044B4F17E5F2DED048B00F055
:10CE000085807ADCB4F17C5F0FDAB4F1485F80F2A0
:10CE10009C80DFED697A70EE277AB7EE007AF4EE47
:10CE2000C77AF1EE10FA00F38D8001F0E9FEF7EE1B
:10CE3000007A37EEC00AB6EE008A20EE088A9FED2F
:10CE40005F7ADFED5F6A9FED5F6A9FED5F5ADFED0E
:10CE50005F5ADFED5F8AE8EE076A9FED5E7AA8EE23
:10CE6000067A9FED5D6AA6EE885AA7EE086A9FEDE6
:10CE70005B7ADFED5B6AE5EE085AA6EE087AE5EE2E
:10CE8000886AE7EE087AE6EE888AB0EE480AB0EEE5
:10CE9000679A00F08BFA534B9C4268EE888A42DC1A
:10CEA00010EE103A23F47F6323F00F0306EE903A5E
:10CEB000A6EEE68A70EE267A88EE895AC8EE274AF0
:10CEC0009FED497ADFED497AB0EE006AA4EEC67AAA
:10CED00030EE000AF0EE675AE6EEC65A90EE057A9A
:10CEE00037EE657A37EEC77A002D0ADCBDEC048B8D
:10CEF000B1EE477AB0EE470A38BD70EE407A87EE61
:10CF0000A77ABDEC048BB0EE470A38BD9FED367AA8
:10CF1000DFED377A20EE077ABDEC048BA0EE277A9E
:10CF2000B0EE470A38BD88EE896A9FED327ADFEDB0
:10CF3000307AA0EE060AF0EE006AA0EE267A37EE0E
:10CF4000C77AD1E7B0EE407ADBE760EE007A9FED7A
:10CF50001B7ADFED1B6A9FED1C6ADFED1A5A9FED0D
:10CF60001B5AE7EE876ABDEC048BA6EEA76A9FED1D
:10CF7000197ADFED196AA7EEA57AA6EE275AE7EE31
:10CF8000276ADFED175A9FED156A9FED117AE5EEDE
:10CF9000275AA6EEA76AA5EEA77AF7EE006AE6EE94
:10CFA000276A67EE277AB0EE407A87EEA66AA0EE8F
:10CFB000067AB0EE470A38BDCAF2497108EF113857
:10CFC000047F4F3A2EC69D3D461124BDA80A4E3E11
:10CFD000ABAA2A3E613330BF2D57014039D119C069
:10CFE00090B0A6BE9999793F2EBD3BB3DB0F493F68
:10CFF000DB0FC93F2EBD3B3310B582B0CDED010A2A
:10D00000019B23F00042B2F1FF4FF0EE407A30DC9A
:10D0100010EE100A20F00041B1F1FF4F29DCB3F10E
:10D020007E5F42D09C1704F0020444EAD07431B30E
:10D030007AB3B2F1FF4F40D0B1F1FF4F29D08A1A35
:10D04000B2F1F45F4FEAE25134DA002B42DA3C31BC
:10D0500040DA9FED340A012C4ED0022C43D064B14B
:10D060009FED317ADFED317A30EE070A30EE670A54
:10D0700003E09DED017A37EE270A02B010BD022CC5
:10D0800010D09FED2B0A032C18BFB0EE670A02B038
:10D0900010BD9FED280ADFED287A0028B8BFB0EE5A
:10D0A000670AEAE79FED210AE7E702B0BDE8104012
:10D0B00001F0CCBC9FED1F0ACDE7B1F1FF4F04F1A9
:10D0C000FF3420D0022C26D81C4B03EB840494EDB3
:10D0D000000AD2E79DED017A87EE870A01F090FD04
:10D0E00001F0B4FCB7E79FED107ADFED107A30EE77
:10D0F000070A37EEC00AC0E710EE103A03F100430A
:10D1000000EE103AB9E7022C08D80D4B03EB84046B
:10D1100094ED000AB1E79FED030AAEE79FED090A1F
:10D12000ABE700BF000000002EBDBB33DB0F494062
:10D13000DB0F49C0DB0FC93FDB0FC9BF9C050208ED
:10D1400090050208DB0F493F70B510EE103A894A8E
:10D1500023F00044944286B0054670DD864A94422E
:10D1600010EE106A22DC002BDFED847A844A24F072
:10D170000F04B0EE407A40F3E480944270EE677A98
:10D1800009BFDFED806A9FED807A9FED807A77EEB0
:10D19000E67A012077EEC76A77EEE67AC5ED006A97
:10D1A00077EEC77AC5ED017A06B070BD784A944231
:10D1B00054DDB4F1FF4F49DAE215863AA4EBC253CD
:10D1C00007EE903ABDEEE77ADFED726AB8EEC77A05
:10D1D00077EEC77A8DED037A67EEA67ABDEEE77A31
:10D1E000B8EEC77A77EEC77A8DED047A67EEA67A45
:10D1F000F5EE407AF1EE10FACDED057A40F0908030
:10D20000B5EE407AF1EE10FA14BF02230123624911
:10D2100001910221009103A8294600F075FF002E1C
:10D22000C2DA95ED007AD5ED017AB1EE477AF1EEEA
:10D23000677A85ED007AC5ED017A4042B4E70022B5
:10D2400085ED000A4260002006B070BD70EE407AA5
:10D250000020C5ED017AC5ED007AA5E701F0D0FC0C
:10D260009FED4E7A9FED456AF6EE007AE0EE077A82
:10D270009FED457AFDEEE77A17EE900AF8EEE76A41
:10D280001F28A6EEC60A66EE877AB1EE666A1EDC35
:10D29000434A411E24F0FF0352F82120934216D046
:10D2A00030EE677A85ED007A30EE470A002E30EED8
:10D2B000670A85ED010ABFF677AFB1EE477AB1EEA6
:10D2C000400A85ED007A85ED010A40426CE730EEB8
:10D2D000677AE21517EE103AC3F3C753C3EBD45481
:10D2E000082CDFDDDFED277A9FED287AF0EE405A3B
:10D2F000E6EE275A30EE650AA6EE270AF0EE407AEF
:10D30000D6EE877A35EEE77A17EE103AC3F3C753B5
:10D31000D21A192A06DCB0EE650A85ED007AC3E759
:10D32000032374E79FED1F7A9FED1F5AB0EE650A45
:10D33000A6EE070A75EEC07AE6EE077AD6EE857A93
:10D34000AEE7944270EE277A09BFDFED0E6A9FEDDB
:10D350000E7A9FED0E7A77EEA67A4FF0FF3077EED9
:10D36000876A77EEE67AC5ED006A77EE877AC5EDD3
:10D37000017A19E7D80F493FE3CB1640800FC93F28
:10D38000D00FC93F004435374344353708A3852EB5
:10D39000800F4943000080432806020884F9223F99
:10D3A000A805020800A3852E32318D24B1EEC00AF3
:10D3B000704700BF000000002DE9F84F57EC106BDC
:10D3C00027F00049B9F1795F2DED048B5BEC11ABCF
:10D3D00071DA10EE100A3946E4F768F8002800F018
:10D3E000F68032463B4630463946E3F765F97CA382
:10D3F000D3E9002304460D46E3F75EF97AA3D3E9A7
:10D400000023E2F7A3FF22462B46E3F755F978A362
:10D41000D3E90023E2F798FF22462B46E3F74CF9C5
:10D4200075A3D3E90023E2F791FF22462B46E3F7E9
:10D4300043F973A3D3E90023E2F786FF22462B4684
:10D44000E3F73AF970A3D3E90023E2F77FFF22461E
:10D450002B46E3F731F941EC180B714B00222046C3
:10D460002946E3F729F953EC182B804689462046D4
:10D470002946E3F721F952465B4604460D463046FD
:10D480003946E3F719F902460B4620462946E2F7EA
:10D490005BFF02460B4640464946E2F755FF02460F
:10D4A0000B4600205F49E2F74FFFBDEC048B41ECD7
:10D4B000100BBDE8F88F10EE102A10EE100A3B4654
:10D4C0003946E3F7F9F846A3D3E9002304460D46AD
:10D4D000E3F7F2F844A3D3E90023E2F737FF22464B
:10D4E0002B46E3F7E9F842A3D3E90023E2F72CFF48
:10D4F00022462B46E3F7E0F83FA3D3E90023E2F707
:10D5000025FF22462B46E3F7D7F83DA3D3E90023B6
:10D51000E2F71AFF22462B46E3F7CEF83AA3D3E907
:10D520000023E2F713FF2B462246E3F7C5F83E4BF4
:10D53000994541EC180B90DD3C4B99453CDC0022B1
:10D54000A9F500133749002090469946E2F7FCFE02
:10D5500041EC190B324B002220462946E3F7ACF888
:10D5600042464B46E2F7F0FE53EC182B80468946C4
:10D5700020462946E3F7A0F852465B4604460D468E
:10D5800030463946E3F798F802460B4620462946CE
:10D59000E2F7DAFE02460B4640464946E2F7D4FE81
:10D5A00002460B4651EC190BE2F7CEFEBDEC048BA4
:10D5B00041EC100BBDE8F88F9FED157BDFF8709004
:10D5C000B0EE479AF0EE679A4FF00008C2E7BDEC64
:10D5D000048B9FED110BBDE8F88F00BFAFF3008007
:10D5E000D43888BEE9FAA8BDC4B1B4BD9EEE213ED0
:10D5F000AD529C804F7E923E9015CB19A001FA3E11
:10D600007751C1166CC1563F4C5555555555A53FE0
:10D61000000000000000E73F000000000000F03FB5
:10D620000000E03F0000F03F3233D33F0000E93F0D
:10D630000000D23F000000002DE9F04FADF5197D4C
:10D640001C4608930B91BA4BA299049053F82110F1
:10D650000591631E12F1140F0393C0F24B83B54979
:10D66000D31E81FB0301DB17C3EBA1030793013337
:10D67000A3EB8303DB00D3180693079A039BD41A0A
:10D68000059AD6181AD40136A39F264420AD4FF030
:10D6900000084FF0000908E057F82400E2F7A2FF65
:10D6A0000134B442E5E8020108D0002CF4DA013478
:10D6B00040464946B442E5E80201F6D1059B002BFD
:10D6C000C0F2C683089BDDF80C9020AA02EBC30AC7
:10D6D000DA000292059A1A440192049A0DF5E07B51
:10D6E00002EBC308039B002BC0F2A781049E5746A0
:10D6F0000024002577E90223F6E80201E2F7DCFFC7
:10D7000002460B4620462946E2F720FE46450446DF
:10D710000D46EFD1019B09F101099945EBE802455E
:10D720000AF1080ADED1049A029B1344059A019279
:10D730009B460BAB03EB82030A930CAB03EB820318
:10D74000083B0993019A98AB03EBC203002A53E903
:10D75000284529DD0DF5E07A0AEBC2080DF1300904
:10D76000754B002220462946E2F7A6FFE3F79EFE0E
:10D77000E2F738FF714B002206460F46E2F79CFFA6
:10D7800002460B4620462946E2F7DEFDE3F78EFE11
:10D7900078E9022349F8040B39463046E2F7D6FD12
:10D7A000D04504460D46DBD1DDF8189045EC104B12
:10D7B000484601F0B9F855EC104B00224FF07F536A
:10D7C00010EE100A2946E2F777FF41EC100B01F04A
:10D7D00027F85B4B51EC100B0022E2F76DFF02467D
:10D7E0000B4620462946E2F7AFFD0D460446E3F717
:10D7F0005DFE8046E2F7F6FE0B46024629462046CD
:10D80000E2F7A2FD4B46002B06460F4640F39A80F6
:10D81000019A511E0CAAC9F1180352F8212042FAAC
:10D8200003F000FA03F3D31AC9F117050CAA43FA5F
:10D8300005F5002D42F82130804400F38D80002250
:10D84000002330463946E3F79FF9002800F059825B
:10D85000019B059A03F1FF3A524510DC03F1804326
:10D860000CAA013B0A9802EB8303002253F8041927
:10D87000834242EA0102F9D1002A40F0E180059B8F
:10D880000CAA013B52F82330002B40F0D180099ABA
:10D89000012352F8041901330029FAD0019AD31850
:10D8A0000293531C9946019A08990A449046079A94
:10D8B00002EB030A0AF1804AA39A0AF1FF3A02EB4B
:10D8C0008A0A20AA02EBC80870AA02EBC3030193DC
:10D8D0005AF8040FE2F786FE0B4603990246002928
:10D8E000C8E90023474608F108081EDB049E00240F
:10D8F000002501E077E90223F6E80201E2F7DCFE09
:10D9000002460B4620462946E2F720FD5E450446C6
:10D910000D46EFD1019BE3E802450193029B09F11B
:10D9200001099945D4DD01930CE700240025F1E7B6
:10D9300080090208ABAAAA2A0000703E00007041CC
:10D94000000020406BD1019B0CAA013B52F82350F0
:10D95000ED15002D7FF773AF019B002B08F1010837
:10D9600040F3CD810C9C002C51D1019B012B20D088
:10D970000CAB012253F8044F002C4BD0531C0CA9C4
:10D98000C4F1807441F822400199994210DD0CAA3B
:10D990000CA852F8232000EB830300EB81006FF00A
:10D9A0007F4100E01A688A1A43F8042B8342F9D1B8
:10D9B0000124069B002B0EDD012B00F06C81022B55
:10D9C00009D1019B5A1E0CAB0CA953F82230C3F3AA
:10D9D000150341F82230022D7FF431AF32463B4629
:10D9E000B7490020E2F7B0FC06460F46002C3FF492
:10D9F00026AF06989FEDAE0B00F096FF30463946F5
:10DA000053EC102BE2F7A0FC06460F4617E7012364
:10DA10000022B4E7019901328A42ABD1C9E7A94B90
:10DA20000022E3F7CFF8002840F05281054606E7D0
:10DA3000019B01339946029335E70024002569E6EE
:10DA4000069B0395A3F118020CABCDF81C8053F88C
:10DA50002A30069273B9019B03F18043023B0CA963
:10DA600001EB830353F804190AF1FF3A183A00292D
:10DA7000F8D006929FED8E0B069800F055FFBAF194
:10DA8000000F55EC104BC0F2D98170AB03EBCA0B01
:10DA90000CAA0AF10103069302EB8306DFF8289231
:10DAA0004FEACA0304930BF108074FF0000856F839
:10DAB000040DE2F797FD22462B46E2F7FDFD4B46AB
:10DAC00067E90201424620462946E2F7F5FD0CAB24
:10DAD0009E4204460D46EAD148ABCDE9013ADDF855
:10DAE00014A0BAF1000F4FF000092CDB72A3D3E9A8
:10DAF0000023DFF8D8815F4600260024002503E0DC
:10DB0000B14510DBF8E80223F7E80201E2F7D4FDA3
:10DB100002460B4620462946E2F718FC0136B2457C
:10DB200004460D46ECDA019B029A03EBC9034A4511
:10DB3000C3E90045ABF1080B09F1010306D0BAF1C6
:10DB4000000F9946D2DA00240025ECE7A29BDDF80D
:10DB500008A0022B1EDC002B00F3098113D1049CCA
:10DB6000019D08342C440020002174E90223E2F7CF
:10DB7000EDFBA542F9D1039B13B101F10043194616
:10DB80000B9BC3E90001079B03F007000DF5197D0E
:10DB9000BDE8F08FA29B032BF5D1BAF1000F00F086
:10DBA0006981019A049BD318D3E9004502EBCA0BA3
:10DBB0007BE902672046294632463B46E2F7C6FB30
:10DBC000A046A94604460D4622462B463046394615
:10DBD000E2F7BAFB4B464246E2F7B8FB019B5B45D6
:10DBE000CBE90201CBE90045E2D1BAF1010F40F3E4
:10DBF0004181019A049B0AF1005A0AF1FF3A134449
:10DC00004FEACA01D3E9004501F1080A02919244A2
:10DC10000DF5947B7AE902672046294632463B4659
:10DC2000E2F794FBA046A94604460D4622462B4641
:10DC300030463946E2F788FB42464B46E2F786FB20
:10DC4000D345CAE90201CAE90045E3D1029C019B20
:10DC500010341C4403F110050020002174E9022354
:10DC6000E2F774FBA542F9D1039B002B40F0BD8085
:10DC70000B9CC4E904010198D0E90023C4E9002306
:10DC8000D0E90223C4E90223079B03F007000DF546
:10DC9000197DBDE8F08F019B5A1E0CAB0CA953F8FF
:10DCA0002230C3F3160341F8223094E6AFF300802C
:10DCB000000000000000F03F00000040FB21F93FA1
:10DCC0000000F03F0000E03F0000703E48090208FD
:10DCD000019B002B08F10108C8BF02253FF742AEA7
:10DCE00032463B4665490020E2F72EFB02250646F8
:10DCF0000F46A4E500216FF017030791BBE4002451
:10DD000057E647EC106B069E03957042CDF81C80D9
:10DD100000F00AFE55EC104B594B10EE100A002291
:10DD20002946E2F74FFF002855D0564B019F0022AD
:10DD30001836204629460696E2F7BEFCE3F7B6FB06
:10DD40000646E2F74FFC4E4B0022E2F7B5FC0B46CD
:10DD5000024629462046E2F7F7FAE3F7A7FB07F168
:10DD6000010A0CAB43F8270043F82A6082E6019DC4
:10DD7000069B002005EBC304002174E90223E2F7AF
:10DD8000E5FAA542F9D1039B002B47D10B9BC3E9D0
:10DD900000010B4601990246D1E90001E2F7D4FAED
:10DDA000BAF1000F0DDD4AAD0124F5E8022301347C
:10DDB000E2F7CCFAA245F8DA039B13B101F1004374
:10DDC00019460B9BC3E90201079B03F007000DF501
:10DDD000197DBDE8F08F20462946E3F767FB019BDC
:10DDE0000CAA9A4642F8230044E6019E01F1004342
:10DDF00074680B993268F568C1E9040304F10043C3
:10DE0000C1E90023B26805F10043C1E90223079B81
:10DE100003F007000DF5197DBDE8F08F0B9A01F1B5
:10DE2000004353600B46019910600246D1E900019E
:10DE3000E2F78AFABAF1000FB5DCBFE7A29B022B2A
:10DE40000ADC002B11DC7FF49EAE0020002192E65C
:10DE5000089BDB00029366E4A29B032B7FF493AE46
:10DE600048AB002000210193FEE648AB00200021D2
:10DE7000019388E700200021F6E600BF0000F03F94
:10DE8000000070410000703E2DE9F04F55EC104B42
:10DE900085B025F00043B3F1795F8DED001B039051
:10DEA00007DA10EE100A2946E3F700FB002800F01D
:10DEB000898022462B4620462946E2F7FDFB06468E
:10DEC0000F4632463B4620462946E2F7F5FB43A380
:10DED000D3E9002382468B4630463946E2F7ECFB15
:10DEE00040A3D3E90023E2F72FFA32463B46E2F79C
:10DEF000E3FB3EA3D3E90023E2F728FA32463B4690
:10DF0000E2F7DAFB3BA3D3E90023E2F71DFA32463E
:10DF10003B46E2F7D1FB39A3D3E90023E2F716FA37
:10DF2000039B80468946ABB3DDE900012A4B002202
:10DF3000E2F7C2FB42464B46804689465046594668
:10DF4000E2F7BAFB02460B4640464946E2F7FCF9C7
:10DF500032463B46E2F7B0FBDDE90023E2F7F4F995
:10DF60001BA3D3E9002306460F4650465946E2F765
:10DF7000A3FB02460B4630463946E2F7E7F9024674
:10DF80000B4620462946E2F7DFF941EC100B05B0BD
:10DF9000BDE8F08F02460B4630463946E2F78CFB6F
:10DFA0000BA3D3E90023E2F7CFF952465B46E2F731
:10DFB00083FB22462B46E2F7C9F941EC100B05B072
:10DFC000BDE8F08F45EC104B05B0BDE8F08F00BF09
:10DFD000495555555555C53F0000E03F7CD5CF5AB2
:10DFE0003AD9E53DEB9C2B8AE6E55A3E7DFEB157DA
:10DFF000E31DC73ED561C119A0012A3FA6F8101143
:10E000001111813F10EE103A23F00043B3F1485F45
:10E010002CDAFDEEC07A17EE903A002B60D020EE9D
:10E02000007ADFED317A9FED315ADFED315A9FED05
:10E03000316ADFED316AA7EE275ADFED307AE7EE7D
:10E04000055AA7EE256AE7EE067AE7EE276A67EE3D
:10E05000266A60EEC00AF6EE007AE7EE260AB7EE10
:10E06000000AD7EE270A30EE600A704720EE007AE9
:10E07000DFED1D7A9FED1D5ADFED1D5A9FED1D6AE4
:10E08000DFED1D6A1E4AA7EE275A9342DFED1B7A89
:10E09000E5EE075AA5EE876AE6EE077AE7EE876AAD
:10E0A00066EE876AD5DD174A934214DC03F17F439D
:10E0B00007EE903AB7EE006A36EE676A60EEC00A85
:10E0C000F6EE005AD7EE257AE7EE260A77EEE00A5A
:10E0D00036EE600A7047B6EE076AF5EE027AEDE7B3
:10E0E000B7EE000A704700BF4ED747ADF6740F3148
:10E0F0007CF293B4010DD037ABAA2A3D610BB6BABE
:10E100009999993E0000483F2DE9F04F2DED048B81
:10E11000DBB01C4603930691A24B6899089253F812
:10E120002150111D824604F1FF38C0F2A382D31E94
:10E1300048BF131DDB1002930133DB000793DDE9B9
:10E1400007239B1A0593029B15EB0801A3EB080319
:10E1500016D401319FED947A699819441EAA002BB8
:10E16000A4BF50F8234007EE904A03F10103ACBF6F
:10E17000F8EEE77AF0EE477A8B42E2EC017AEED1E4
:10E18000002DC0F2E782039B1EAA02EB830446AE79
:10E190004FEA830C4046EF180AEB8301B8F1000FF9
:10E1A000DFED817A09DB22465346F3EC016A32ED5A
:10E1B000017A8B42E6EE877AF7D10130B842E6EC7D
:10E1C000017A04F10404E9D109AB0AAF03EB850934
:10E1D00007EB8503083B9FED769ADFED748A05987F
:10E1E00004930AEB0C0446AE00955AAB03EB85038F
:10E1F000002D13ED140A4FEA850B16DD06EB85039F
:10E200003A4660EE097AB0EE407AFDEEE77A73EDB9
:10E21000016AF8EEE77AB342A7EEE87A37EEA60A8B
:10E22000BDEEC77AA2EC017AEBD1019000F03CFD83
:10E23000B0EE408AB4EE000A28EE000A00F0E8FCD6
:10E24000F2EE007AA0EE678A01980028FDEEC89AE7
:10E25000F8EEE97A38EE678A79DD05F1FF3EC0F124
:10E26000080357F82E1041FA03FC0CFA03F3CB1AFB
:10E27000C0F1070219EE901A43FA02F26144002A33
:10E2800047F82E3009EE901A69DCB5EE408AF1EEBF
:10E2900010FA40F0C080009B05F1FF3B5B4510DCAD
:10E2A00005F18043013B07EB83030021944653F8BB
:10E2B00004294B4541EA0201F9D16246002940F0A8
:10E2C000F280009B013B57F82330002B40F0E780A1
:10E2D000049B4FF0010C53F804290CF1010C002AA7
:10E2E000F9D06B1CAC449E46039A5119029A02EB7A
:10E2F000030B0BF1804B699A0BF1FF3B06EB830597
:10E300001EAB02EB8B0B03EB8101DBED017A9FED82
:10E31000267AF8EEE77AB8F1000F0BF1040BC1EDA5
:10E32000007A0A4601F1040109DB534601E072ED6F
:10E33000017AF3EC016AA342A6EEA77AF7D10EF1B7
:10E34000010EE645A5EC017ADFDD65464DE740F0BC
:10E350009C806B1E57F82320D211002A95DD19EE00
:10E36000903A002D03F1010309EE903A40F39881B1
:10E37000396800297FD1012D26D03B464FF0010C92
:10E3800053F8041F00297AD00CF10103C1F5807104
:10E390009D4247F82C1016DD57F82310BB4407EBBD
:10E3A00083030AE0BC09020800000000000080436B
:10E3B0000000803B0000C93F1968C1F1FF0143F82C
:10E3C000041B5B45F8D1012100280CDD012800F079
:10E3D0004881022807D105F1FF3C57F82C3003F0A3
:10E3E0003F0347F82C30022A7FF44FAFB7EE000A04
:10E3F00030EE488A00293FF448AF0992019000F0BE
:10E4000053FC38EE408A099A0198B5EE408AF1EE45
:10E4100010FA3FF440AF0292DDE90732B0EE480A4D
:10E42000981A0195009D00F03FFC1FED207AB4EE94
:10E43000C70AF1EE10FADDE90132C0F259815FED51
:10E44000247A059960EE277A0831FDEEE77A059186
:10E45000F8EEE77A03F1010BA7EEC70AFDEEE77AC3
:10E46000BDEEC00A10EE101A47F8231017EE903ACE
:10E4700047F82B302EE001234FF0000C86E70CF11B
:10E48000010CAC457FF47CAF9EE7F6EE007AB4EE6B
:10E49000E78AF1EE10FA80F2F2800022F5E66B1CBA
:10E4A0009E469C4620E70599A1F1080057F82B10DD
:10E4B00005902B46009D69B903F18043023B07EBB1
:10E4C0008303014653F804090BF1FF3B0839002888
:10E4D000F8D0059105980092B7EE000A00F0E4FB31
:10E4E000BBF1000F009AC0F228814FEA8B0E46ABB9
:10E4F00003EB0E060EF1040C1FED537A07EB0C0331
:10E50000311D73ED017AF8EEE77ABB4267EE807A4F
:10E5100020EE070A61ED017AF3D1002D1FED5B6A51
:10E520004FF0000420DB9348DFED937AB0EE467A9B
:10E530003146002303E09C4208DBB0EC017AF1ECA9
:10E54000016A01339D42E6EE877AF4DA5AAB03EBB7
:10E550008403A34543ED287AA6F1040604F10103E0
:10E5600005D0002D1C46DEDADFED837AEEE76899F0
:10E5700002291CDC002900F395800FD132ABDFEDBE
:10E580007E7A9C443CED017A634577EE877AF9D137
:10E590000AB1F1EE677A069BC3ED007A19EE903A64
:10E5A00003F007005BB0BDEC048BBDE8F08F689B07
:10E5B000032BF3D1BBF1000F00F0D4800EF5B47340
:10E5C0006B4432A913ED287A01EB8B0373ED017ACA
:10E5D000F0EE476A37EE277A994277EEC77A83EDF5
:10E5E000007A77EEA67AC3ED017AEFD1BBF1010F85
:10E5F00040F3B8800BF1804B0EF5B4730BF1FF3B89
:10E600000DEB030E4FEA8B0B0BF104031EED287A82
:10E610000B4433A873ED017AF0EE476A37EE277AA0
:10E62000984277EEC77A83ED007A77EEA67AC3ED4B
:10E63000017AEFD10BF1080BDFED4F7A01EB0B0301
:10E64000083133ED017A994277EE877AF9D1002AC1
:10E6500056D10699329A339B0A604B60C1ED027A1B
:10E660009CE705F1FF3C57F82C3003F07F0347F897
:10E670002C30B8E608230793002302935FE519EED8
:10E68000903A002D03F1010309EE903AC8BF02222F
:10E690003FF76EAEF7EE007A37EEC88A0222F4E555
:10E6A000002191E632A9DFED347A01EB830333EDEB
:10E6B000017A994277EE877AF9D19DED327A8ABB59
:10E6C000069BBBF1000FC3ED007A77EE677A0BDD96
:10E6D00033A90123B1EC017A01339B4577EE877AA8
:10E6E000F8DA0AB1F1EE677A069BC3ED017A55E7D5
:10E6F000BDEEC00A9B4610EE101A47F82310E9E65B
:10E70000DDED326A9DED337A069BF1EE666AB1EE7D
:10E71000477AF1EE677AC3ED006A83ED017AC3EDC3
:10E72000027A3BE7069BF1EE676ABBF1000F77EEDA
:10E73000677AC3ED006ACBDCD4E7689B022B0DDC63
:10E74000002B14DC7FF42AAFDFED0B7A002A3FF4B4
:10E7500022AF1EE7039B4FEA830C35E5689B032B32
:10E760007FF41CAFDFED047A002AC9D171E7DFED39
:10E77000027AA2E7940902080000000010EE103AA5
:10E7800023F00043B3F1485F04DAFDEEC07A17EEE0
:10E79000903A5BB360EE007A9FED157ADFED155A83
:10E7A0009FED156ADFED156AE7EE875A9FED147A43
:10E7B000A5EEA76A20EE275AE6EE276AA6EEA77A0C
:10E7C00030B9DFED106AE7EE876AA6EE850A70477A
:10E7D00027EE457AF6EE006AA0EEA67ADFED0A6A29
:10E7E000D7EE270AE5EE260A30EE600A704700BF32
:10E7F000D3C92E2F342FD7B21BEF3836010D50B9A5
:10E800008988083CABAA2ABEABAA2A3E51EC100B61
:10E8100010EE102A21F0004343EC102B704700BF8C
:10E8200051EC100BF8B5C1F30A53A3F2FF35132DC9
:10E8300010EE106A0C4630DC002D1EDB384F2F41E5
:10E8400001EA070303432DD033A3D3E90023E1F703
:10E850007DFD00220023E2F7BFF948B1002C04DA65
:10E860004FF4801343FA05F52C4424EA07040026EC
:10E870002346324643EC102BF8BD27A3D3E90023EF
:10E88000E1F764FD00220023E2F7A6F90028EFD0AB
:10E89000002C29DB00263446EAE7332D05DDB5F5EB
:10E8A000806F19D041EC100BF8BDA3F213434FF069
:10E8B000FF37DF400742F5D017A3D3E90023E1F784
:10E8C00045FD00220023E2F787F90028D0D0002C74
:10E8D00013DB26EA0706CBE710EE102A0B46E1F71A
:10E8E00035FD41EC100BF8BD24F000430D4A1E43EA
:10E8F000002E18BF14460026BAE7142D08D00123B5
:10E90000C5F1340503FA05F5AE1928BFE418E0E7B0
:10E910000134DEE7AFF300809C7500883CE4377E6D
:10E92000FFFF0F000000F0BF38B553EC102BC3F30E
:10E930000A5104469C4689BB10EE101A23F0004C85
:10E940005CEA010129D0194600223D4B3D4D10EEF5
:10E95000100AE1F7B1FEAC4202460B4616DB8C46CC
:10E96000C1F30A513639214440F2FE70814221DC64
:10E97000002947DC11F1350F34DA4CF250318C426A
:10E9800018DC002B26A1D1E9000144DB24A3D3E944
:10E990000023E1F791FE41EC100B38BD40F2FF700F
:10E9A0008142E0D110EE100A1946E1F7CFFC41ECAC
:10E9B000100B38BD002B1CA1D1E9000107DB1AA305
:10E9C000D3E90023E1F778FE41EC100B38BD18A124
:10E9D000D1E9000114A3D3E90023E1F76DFE41EC76
:10E9E000100BF3E72CF0FF4C2CF4E00C36314CEA22
:10E9F0000153104619460022134BE1F75DFE41EC2E
:10EA0000100B38BD2CF0FF4C2CF4E00C4CEA0153F9
:10EA100043EC102B38BD08A1D1E90001B6E700BFD7
:10EA200059F3F8C21F6EA5019C7500883CE4377E3F
:10EA30009C7500883CE437FE59F3F8C21F6EA5812F
:10EA400000005043B03CFFFF0000903C38B510EE92
:10EA5000105A25F00044B4F1A14FF0EE407A0BDBE0
:10EA6000B4F1FF4F5BDCDFED537A9FED530A002DCD
:10EA7000C8BFB0EE670A38BD504B9C425EDCB4F1B3
:10EA8000445F4FDB4FF0FF3367EEA76ADFED4C4A80
:10EA9000DFED4C5A9FED4C5A9FED4C4A26EEA67A7C
:10EAA000B0EE666AE7EE245A5A1CDFED494ADFED04
:10EAB000496AA5EE875AE7EE246ADFED475ADFED93
:10EAC000474AE6EE875AA5EE074A9FED455ADFED25
:10EAD000456AA5EE875AE4EE074ADFED435AE4EEB5
:10EAE000876AE5EE075A66EE866A25EE877A3AD09F
:10EAF0003E4A02EB830276EE876A92ED000A3C4AB8
:10EB000096EEA70A02EB8303002D93ED007A70EED8
:10EB1000677A37EE670AAEDAB1EE400A38BD30EEFA
:10EB2000000A38BD9FED337A30EE077AF7EE006ABF
:10EB3000B4EEE67AF1EE10FAA4DD38BD00F060F82C
:10EB40002D4B9C4216DCA3F5D0039C4227DCF0EE53
:10EB5000007ABFEE007AA0EE277A002330EE270A73
:10EB6000C7EE007A90E776EE876AE6EEE77AB0EED7
:10EB7000670A38BD214B9C420BDCF7EE087AB7EEF2
:10EB8000007AA0EE277A022330EE670AC0EE077AF9
:10EB90007AE7BFEE007AC7EE007A032374E7F7EE58
:10EBA000007A30EE677A30EE270A0123C7EE007A4A
:10EBB0006AE700BFDB0FC93FDB0FC9BFFFFFDF3EC6
:10EBC000D769853C59DA4B3D356B883D6E2EBA3D91
:10EBD00021A215BD6BF16EBD95879DBD2549123EE5
:10EBE000388EE3BDABAAAA3ECDCC4CBED8090208F4
:10EBF000C8090208CAF24971FFFF973FFFFF1B4097
:10EC000010EE103A23F0004300EE103A704700BFB8
:10EC100010EE102AC2F3C7537F3B162B22F000419F
:10EC200028DC002B18DB1A4919410A4221D0DFEDFC
:10EC3000197A70EE277AF5EEC07AF1EE10FA18DD47
:10EC4000002A04DA4FF4000040FA03F31A4422EADF
:10EC5000010300EE103A7047DFED0E7A70EE277A6E
:10EC6000F5EEC07AF1EE10FA03DD002A08DB9FED25
:10EC70000A0A7047B1F1FF4FFBD330EE000A70472C
:10EC8000FFEE007A002918BFB0EE670A704700BF98
:10EC9000FFFF7F00CAF24971000000009FED010AEA
:10ECA000704700BF0000C07F82B08DED010A019B5C
:10ECB00033F000422AD0B2F1FF4F23D213F0FF4FBE
:10ECC00028D19DED017ADFED2A7A2A4B67EE277A6B
:10ECD0009842CDED017A37DB019BC3F3C752193A55
:10ECE0000244FE2A1ADD9FED240A9FED247A019B3F
:10ECF000002BF0EE407AB8BFB0EE470A20EE270AAC
:10ED000002B0704730EE000A02B070479DED010A74
:10ED100002B07047D20D0244FE2AE4DC002A0BDC6C
:10ED200012F1160F17DA4CF250339842DBDC9FEDEC
:10ED3000140A9FED147ADAE723F0FF4343EAC25343
:10ED400000EE103A02B070479FED0D0ADDED017A3A
:10ED500027EE800AD8E7193223F0FF4343EAC25373
:10ED6000DFED097A07EE103A27EE270ACCE700BF5D
:10ED70000000004CB03CFFFFCAF24971CAF249F1F1
:10ED80006042A20D6042A28D00000033F8B500BFC2
:10ED9000F8BC08BC9E467047F8B500BFF8BC08BC7C
:04EDA0009E467047D4
:10EDA800DCEE0108E1180008020000000000000085
:10EDB80080000000000000000000000000000000CB
:10EDC800000000000000000000000000000000003B
:10EDD8000100000002000000030000000400000021
:10EDE8000000000005000000000000000000000016
:10EDF8000000000006000000000000000000000005
:10EE080000000000070000000000000000000000F3
:10EE180028F50108ED52010800000000000000007C
:10EE280000040000000000000000000030F50108A8
:10EE3800A54F0108000000000000000000080000C5
:10EE480000000000000000003CF501084D500108DA
:10EE580000000000000000000008000000000000A2
:10EE68000000000048F50108F55001080000000006
:10EE78000000000000040000000000000000000086
:10EE880050F501084552010800000000000000008C
:10EE98000004000000000000000000005CF501080C
:10EEA8009D5101080000000000000000000400005F
:10EEB800000000000000000068F501080D5A010874
:10EEC8000100000000000000000400000000000035
:10EED8000000000064656661756C745461736B00B2
:10EEE80000000000010203040102030406070809E8
:10EEF8000006101600061016000102030405060796
:10EF0800080C10141820304001000200040006000C
:10EF180008000A000C0010002000400080000001DA
:10EF280008040204080101010101010307010000AE
:10EF380049444C4500000000546D72510000000027
:10EF4800546D7220537663005465726D696E616CFE
:10EF580000000000000000000000545452205245F8
:10EF680047474553000000003031323334353637D7
:10EF7800383941424344454653544D33322056694B
:10EF8800727475616C20436F6D506F72740000006D
:10EF980053544D6963726F656C656374726F6E6903
:10EFA8006373000043444320436F6E666967000043
:10EFB80043444320496E74657266616365000000CE
:10EFC8000000803F0000000000000000000000007A
:10EFD8000000000000000000000000000000803F6A
:10EFE8000000000000000000000000000000000019
:10EFF80000000000000000000000803F000000004A
:10F0080000000000000000000000000000000000F8
:10F01800000000000000803F000000000000000029
:10F0280000000000000000000000000000000000D8
:10F038000000803F00000000000000000000000009
:10F048000000000000000000000000000000803FF9
:10F05800005EBCE2613FDD83C29C7E20A3FD1F41B0
:10F068009DC3217FFCA2401E5F01E3BD3E6082DCA0
:10F07800237D9FC1421CFEA0E1BF5D0380DE3C6290
:10F08800BEE0025CDF81633D7C22C09E1D43A1FF80
:10F098004618FAA427799BC584DA3866E5BB590770
:10F0A800DB856739BAE406581947A5FB7826C49A60
:10F0B800653BD987045AB8E6A7F91B45C6987A2450
:10F0C800F8A6441A99C7257B3A6486D85B05E7B940
:10F0D8008CD2306EEDB3510F4E10F2AC2F7193CD30
:10F0E800114FADF3702ECC92D38D6F31B2EC0E5020
:10F0F800AFF1134DCE90722C6D33D18F0C52B0EE10
:10F10800326C8ED0530DEFB1F0AE4C1291CF2D73FF
:10F11800CA947628ABF517490856B4EA6937D58BEF
:10F128005709EBB536688AD495CB2977F4AA4816DF
:10F13800E9B7550B88D6346A2B7597C94A14F6A8CF
:10F14800742AC896154BA9F7B6E80A54D7896B35BF
:10F158000000891112239B322446AD573665BF74CF
:10F16800488CC19D5AAF53BE6CCAE5DB7EE9F7F8FF
:10F178008110080193331A22A5562C47B7753E64AF
:10F18800C99C408DDBBF52AEEDDA64CBFFF976E85F
:10F1980002218B30100299132667AF763444BD558F
:10F1A8004AADC3BC588ED19F6EEBE7FA7CC8F5D93F
:10F1B80083310A2091121803A7772E66B5543C456F
:10F1C800CBBD42ACD99E508FEFFB66EAFDD874C91F
:10F1D80004428D5316619F702004A9153227BB364F
:10F1E8004CCEC5DF5EEDD7FC6888E1997AABF3BAFF
:10F1F80085520C4397711E60A1142805B3373A262F
:10F20800CDDE44CFDFFD56ECE9986089FBBB72AADE
:10F2180006638F7214409D512225AB343006B9170E
:10F228004EEFC7FE5CCCD5DD6AA9E3B8788AF19BBE
:10F2380087730E6295501C41A3352A24B1163807EE
:10F24800CFFF46EEDDDC54CDEBB962A8F99A708B9E
:10F25800088481951AA793B62CC2A5D33EE1B7F0CE
:10F268004008C919522BDB3A644EED5F766DFF7C7E
:10F27800899400859BB712A6ADD224C3BFF136E0AE
:10F28800C1184809D33B5A2AE55E6C4FF77D7E6C5E
:10F298000AA583B4188691972EE3A7F23CC0B5D18E
:10F2A8004229CB38500AD91B666FEF7E744CFD5D3E
:10F2B8008BB502A499961087AFF326E2BDD034C16E
:10F2C800C3394A28D11A580BE77F6E6EF55C7C4D1E
:10F2D8000CC685D71EE597F42880A1913AA3B3B24E
:10F2E800444ACD5B5669DF78600CE91D722FFB3EFE
:10F2F8008DD604C79FF516E4A9902081BBB332A22E
:10F30800C55A4C4BD7795E68E11C680DF33F7A2EDD
:10F318000EE787F61CC495D52AA1A3B03882B1930D
:10F32800466BCF7A5448DD59622DEB3C700EF91FBD
:10F338008FF706E69DD414C5ABB122A0B9923083ED
:10F34800C77B4E6AD5585C49E33D6A2CF11E780F9D
:10F358007D04017C000240AB0341010553080658B7
:10F36800040700000F000810810911000A15800B1E
:10F3780016000C18010D00002D25642E25640000D0
:10F3880025642E25640000006C69667465725F66EA
:10F3980064625F746F706963000000006C69667472
:10F3A80065725F636D645F746F706963000000006D
:10F3B8007472616E736D697373696F6E5F66646290
:10F3C8000000000073686F6F745F6664620000007D
:10F3D80067696D62616C5F666462000073686F6F75
:10F3E800745F636D6400000067696D62616C5F63E0
:10F3F8006D6400007472616E735F66646200000081
:10F4080067696D62616C5F696E735F746F70696361
:10F4180000000000696E735F746F7069630000001C
:10F42800636861737369735F6664620063686173BC
:10F438007369735F636D64007936010829360108C2
:10F44800D935010889350108554301087542010875
:10F4580095410108B5400108493A00001B5B313B62
:10F4680033326D002020257325735B667265655203
:10F47800544F535D20496E73205461736B2053744D
:10F488006172740D0A0D0A25730000001B5B306D54
:10F49800000000000000000000000000C3F51C414F
:10F4A8000000803F00000000000000000000000095
:10F4B8000000803F00000000000000000000000085
:10F4C8000000803F2020257325734D6F746F7220D4
:10F4D8005461736B2053746172740D0A0D0A25739D
:10F4E80000000000453A00001B5B313B33316D00E2
:10F4F8002020257325734D6F746F72205461736BD0
:10F50800206973206265696E672044454C41592122
:10F51800206474203D205B25665D0A0D0A25730072
:10F52800696E737461736B006D6F746F727461735D
:10F538006B000000636861737369737461736B00B7
:10F54800636D647461736B0067696D62616C74618B
:10F55800736B00007472616E737461736B000000EA
:10F56800756172745F7461736B00000020202573ED
:10F5780025735B6672656552544F535D204D6F74F9
:10F588006F72205461736B2053746172740D0A0D8D
:10F598000A2573002020257325735B667265655202
:10F5A800544F535D204D6F746F72205461736B20FC
:10F5B8006973206265696E672044454C4159212072
:10F5C8006474203D2025730D0A0D0A257300000080
:10F5D8002020257325735B6672656552544F535D11
:10F5E8002043686173736973205461736B2053748B
:10F5F8006172740D0A0D0A2573000000202025731E
:10F6080025735B6672656552544F535D204368618C
:10F6180073736973205461736B2069732062656921
:10F628006E672044454C415921206474203D2025B3
:10F63800730D0A0D0A2573002020257325735B6658
:10F6480072656552544F535D20436D642054617355
:10F658006B2053746172740D0A0D0A257300000043
:10F668002020257325735B6672656552544F535D80
:10F6780020436D64205461736B206973206265694F
:10F688006E672044454C415921206474203D202553
:10F69800730D0A0D0A2573002020257325735B66F8
:10F6A80072656552544F535D205472616E732054D5
:10F6B80061736B2053746172740D0A0D0A2573000F
:10F6C8002020257325735B6672656552544F535D20
:10F6D800205472616E73205461736B2069732062C9
:10F6E80065696E672044454C415921206474203D6A
:10F6F8002025730D0A0D0A257300000020202573AC
:10F7080025735B6672656552544F535D2067696D5A
:10F7180062616C205461736B2053746172740D0ABA
:10F728000D0A2573000000002020257325735B66F1
:10F7380072656552544F535D2047696D62616C2054
:10F748005461736B206973206265696E6720444554
:10F758004C415921206474203D2025730D0A0D0A5F
:10F76800257300002020257325735B66726565523A
:10F77800544F535D20696E73205461736B2053742A
:10F788006172740D0A0D0A2573000000202025738C
:10F7980025735B6672656552544F535D20696E73BD
:10F7A800205461736B206973206265696E67204419
:10F7B800454C415921206474203D2025730D0A0DC4
:10F7C8000A2573002020257325735472616E736DAA
:10F7D800697373696F6E205461736B20697320625B
:10F7E80065696E672044454C415921206474203D69
:10F7F800205B25665D0D0A0D0A25730000000000D8
:10F80800920E493CB10AC93C2BC3163D2EFB483D1C
:10F81800752B7B3D04A9963D80B6AF3D36BDC83DEE
:10F828002FBCE13D73B2FA3D87CF093E8340163EB7
:10F83800B5AB223EA2102F3ECF6E3B3EC2C5473E1F
:10F848000115543E135C603E7F9A6C3ECCCF783EE7
:10F85800C07D823E938E883E229A8E3E32A0943E90
:10F8680086A09A3EE59AA03E128FA63ED47CAC3E76
:10F87800EF63B23E2A44B83E491DBE3E15EFC33E73
:10F8880053B9C93ECA7BCF3E4136D53E80E8DA3E01
:10F898004F92E03E7533E63EBBCBEB3EEA5AF13E73
:10F8A800CBE0F63E275DFC3EE4E7003F3D9C033F8E
:10F8B800824B063F9BF5083F6B9A0B3FDA390E3FA8
:10F8C800CDD3103F2A68133FD9F6153FC07F183FA4
:10F8D800C6021B3FD17F1D3FCBF61F3F9967223FD2
:10F8E80025D2243F5636273F1594293F4AEB2B3F14
:10F8F800DE3B2E3FBB85303FC9C8323FF304353F5E
:10F90800233A373F4268393F3B8F3B3FF9AE3D3F93
:10F9180067C73F3F70D8413F01E2433F03E4453F9B
:10F9280065DE473F12D1493FF8BB4B3F029F4D3F31
:10F93800207A4F3F3D4D513F4918533F31DB543FEB
:10F94800E595563F5348583F6AF2593F1A945B3F32
:10F95800532D5D3F05BE5E3F2146603F97C5613F21
:10F968005A3C633F59AA643F880F663FD86B673F8C
:10F978003CBF683FA7096A3F0C4B6B3F5E836C3FF7
:10F9880093B26D3F9ED86E3F73F56F3F0809713F84
:10F998005213723F4714733FDD0B743F0BFA743FE9
:10F9A800C6DE753F07BA763FC58B773FF853783F79
:10F9B8009812793F9DC7793F02737A3FBE147B3F07
:10F9C800CDAC7B3F283B7C3FC9BF7C3FAC3A7D3FF9
:10F9D800CCAB7D3F23137E3FB0707E3F6DC47E3F2E
:10F9E800580E7F3F6D4E7F3FAB847F3F0FB17F3F07
:10F9F80097D37F3F43EC7F3F11FB7F3F0000803F61
:10FA080011FB7F3F43EC7F3F97D37F3F0FB17F3F91
:10FA1800AB847F3F6D4E7F3F580E7F3F6DC47E3F66
:10FA2800B0707E3F23137E3FCCAB7D3FAC3A7D3F29
:10FA3800C9BF7C3F283B7C3FCDAC7B3FBE147B3F9E
:10FA480002737A3F9DC7793F9812793FF853783F00
:10FA5800C58B773F07BA763FC6DE753F0BFA743F12
:10FA6800DD0B743F4714733F5213723F0809713F0F
:10FA780073F56F3F9ED86E3F93B26D3F5E836C3FC8
:10FA88000C4B6B3FA7096A3F3CBF683FD86B673F89
:10FA9800880F663F59AA643F5A3C633F97C5613F48
:10FAA8002146603F05BE5E3F532D5D3F1A945B3F84
:10FAB8006AF2593F5348583FE595563F31DB543F6A
:10FAC8004918533F3D4D513F207A4F3F029F4D3FCC
:10FAD800F8BB4B3F12D1493F65DE473F03E4453F42
:10FAE80001E2433F70D8413F67C73F3FF9AE3D3F12
:10FAF8003B8F3B3F4268393F233A373FF304353F5A
:10FB0800C9C8323FBB85303FDE3B2E3F4AEB2B3F17
:10FB18001594293F5636273F25D2243F9967223F1F
:10FB2800CBF61F3FD17F1D3FC6021B3FC07F183F4A
:10FB3800D9F6153F2A68133FCDD3103FDA390E3F67
:10FB48006B9A0B3F9BF5083F824B063F3D9C033F5A
:10FB5800E4E7003F275DFC3ECBE0F63EEA5AF13E83
:10FB6800BBCBEB3E7533E63E4F92E03E80E8DA3E93
:10FB78004136D53ECA7BCF3E53B9C93E15EFC33E89
:10FB8800491DBE3E2A44B83EEF63B23ED47CAC3E2B
:10FB9800128FA63EE59AA03E86A09A3E32A0943ED9
:10FBA800229A8E3E938E883EC07D823ECCCF783E90
:10FBB8007F9A6C3E135C603E0115543EC2C5473EB9
:10FBC800CF6E3B3EA2102F3EB5AB223E8340163E81
:10FBD80087CF093E73B2FA3D2FBCE13D36BDC83D23
:10FBE80080B6AF3D04A9963D752B7B3D2EFB483D65
:10FBF8002BC3163DB10AC93C920E493C00000000D7
:10FC0800920E49BCB10AC9BC2BC316BD2EFB48BD18
:10FC1800752B7BBD04A996BD80B6AFBD36BDC8BDEA
:10FC28002FBCE1BD73B2FABD87CF09BE834016BEB3
:10FC3800B5AB22BEA2102FBECF6E3BBEC2C547BE1B
:10FC4800011554BE135C60BE7F9A6CBECCCF78BEE3
:10FC5800C07D82BE938E88BE229A8EBE32A094BE8C
:10FC680086A09ABEE59AA0BE128FA6BED47CACBE72
:10FC7800EF63B2BE2A44B8BE491DBEBE15EFC3BE6F
:10FC880053B9C9BECA7BCFBE4136D5BE80E8DABEFD
:10FC98004F92E0BE7533E6BEBBCBEBBEEA5AF1BE6F
:10FCA800CBE0F6BE275DFCBEE4E700BF3D9C03BF8A
:10FCB800824B06BF9BF508BF6B9A0BBFDA390EBFA4
:10FCC800CDD310BF2A6813BFD9F615BFC07F18BFA0
:10FCD800C6021BBFD17F1DBFCBF61FBF996722BFCE
:10FCE80025D224BF563627BF159429BF4AEB2BBF10
:10FCF800DE3B2EBFBB8530BFC9C832BFF30435BF5A
:10FD0800233A37BF426839BF3B8F3BBFF9AE3DBF8F
:10FD180067C73FBF70D841BF01E243BF03E445BF97
:10FD280065DE47BF12D149BFF8BB4BBF029F4DBF2D
:10FD3800207A4FBF3D4D51BF491853BF31DB54BFE7
:10FD4800E59556BF534858BF6AF259BF1A945BBF2E
:10FD5800532D5DBF05BE5EBF214660BF97C561BF1D
:10FD68005A3C63BF59AA64BF880F66BFD86B67BF88
:10FD78003CBF68BFA7096ABF0C4B6BBF5E836CBFF3
:10FD880093B26DBF9ED86EBF73F56FBF080971BF80
:10FD9800521372BF471473BFDD0B74BF0BFA74BFE5
:10FDA800C6DE75BF07BA76BFC58B77BFF85378BF75
:10FDB800981279BF9DC779BF02737ABFBE147BBF03
:10FDC800CDAC7BBF283B7CBFC9BF7CBFAC3A7DBFF5
:10FDD800CCAB7DBF23137EBFB0707EBF6DC47EBF2A
:10FDE800580E7FBF6D4E7FBFAB847FBF0FB17FBF03
:10FDF80097D37FBF43EC7FBF11FB7FBF000080BF5D
:10FE080011FB7FBF43EC7FBF97D37FBF0FB17FBF8D
:10FE1800AB847FBF6D4E7FBF580E7FBF6DC47EBF62
:10FE2800B0707EBF23137EBFCCAB7DBFAC3A7DBF25
:10FE3800C9BF7CBF283B7CBFCDAC7BBFBE147BBF9A
:10FE480002737ABF9DC779BF981279BFF85378BFFC
:10FE5800C58B77BF07BA76BFC6DE75BF0BFA74BF0E
:10FE6800DD0B74BF471473BF521372BF080971BF0B
:10FE780073F56FBF9ED86EBF93B26DBF5E836CBFC4
:10FE88000C4B6BBFA7096ABF3CBF68BFD86B67BF85
:10FE9800880F66BF59AA64BF5A3C63BF97C561BF44
:10FEA800214660BF05BE5EBF532D5DBF1A945BBF80
:10FEB8006AF259BF534858BFE59556BF31DB54BF66
:10FEC800491853BF3D4D51BF207A4FBF029F4DBFC8
:10FED800F8BB4BBF12D149BF65DE47BF03E445BF3E
:10FEE80001E243BF70D841BF67C73FBFF9AE3DBF0E
:10FEF8003B8F3BBF426839BF233A37BFF30435BF56
:10FF0800C9C832BFBB8530BFDE3B2EBF4AEB2BBF13
:10FF1800159429BF563627BF25D224BF996722BF1B
:10FF2800CBF61FBFD17F1DBFC6021BBFC07F18BF46
:10FF3800D9F615BF2A6813BFCDD310BFDA390EBF63
:10FF48006B9A0BBF9BF508BF824B06BF3D9C03BF56
:10FF5800E4E700BF275DFCBECBE0F6BEEA5AF1BE7F
:10FF6800BBCBEBBE7533E6BE4F92E0BE80E8DABE8F
:10FF78004136D5BECA7BCFBE53B9C9BE15EFC3BE85
:10FF8800491DBEBE2A44B8BEEF63B2BED47CACBE27
:10FF9800128FA6BEE59AA0BE86A09ABE32A094BED5
:10FFA800229A8EBE938E88BEC07D82BECCCF78BE8C
:10FFB8007F9A6CBE135C60BE011554BEC2C547BEB5
:10FFC800CF6E3BBEA2102FBEB5AB22BE834016BE7D
:10FFD80087CF09BE73B2FABD2FBCE1BD36BDC8BD1F
:10FFE80080B6AFBD04A996BD752B7BBD2EFB48BD61
:08FFF8002BC316BDB10AC9BC00
:020000040802F0
:10000000920E49BC00000080A8050024494E46001D
:10001000696E66004E414E006E616E0030313233C3
:100020003435363738396162636465660000000034
:10003000303132333435363738394142434445461E
:1000400000000000286E756C6C2900003000000074
:1000500020202020202020202020202020202020A0
:100060003030303030303030303030303030303090
:100070004E614E00496E66696E6974790000000039
:1000800042616C6C6F63207375636365656465645E
:10009000000000002F6D6E742F776F726B737061AC
:1000A00063652F776F726B73706163652F4743438E
:1000B0002D31302D706970656C696E652F6A656EC3
:1000C0006B696E732D4743432D31302D7069706518
:1000D0006C696E652D3333385F32303231313031F7
:1000E000385F313633343531363230332F73726303
:1000F0002F6E65776C69622F6E65776C69622F6C05
:100100006962632F7374646C69622F64746F612E0B
:10011000630000002F6D6E742F776F726B737061C8
:1001200063652F776F726B73706163652F4743430D
:100130002D31302D706970656C696E652F6A656E42
:100140006B696E732D4743432D31302D7069706597
:100150006C696E652D3333385F3230323131303176
:10016000385F313633343531363230332F73726382
:100170002F6E65776C69622F6E65776C69622F6C84
:100180006962632F7374646C69622F6D707265634A
:100190002E630000000000000080E03779C3414377
:1001A000176E05B5B5B89346F5F93FE9034F384DDD
:1001B000321D30F94877825A3CBF737FDD4F157589
:1001C000000000000000F03F00000000000024409C
:1001D00000000000000059400000000000408F4077
:1001E000000000000088C34000000000006AF840E2
:1001F0000000000080842E4100000000D012634106
:100200000000000084D797410000000065CDCD417B
:10021000000000205FA00242000000E8764837425C
:10022000000000A2941A6D42000040E59C30A242FA
:100230000000901EC4BCD64200003426F56B0C436F
:100240000080E03779C3414300A0D8855734764316
:1002500000C84E676DC1AB43003D9160E458E14377
:10026000408CB5781DAF154450EFE2D6E41A4B44EC
:1002700092D54D06CFF08044F64AE1C7022DB54431
:10028000B49DD9794378EA440500000019000000C4
:100290007D00000020202020202020202020202061
:1002A000202020203030303030303030303030308E
:1002B000303030302C2066756E6374696F6E3A2072
:1002C00000000000617373657274696F6E202225EF
:1002D0007322206661696C65643A2066696C6520EA
:1002E000222573222C206C696E65202564257325D8
:1002F000730A000043000000504F534958000000AB
:100300002E0000000020202020202020202028284F
:1003100028282820202020202020202020202020C5
:100320002020202020881010101010101010101005
:100330001010101010040404040404040404041035
:1003400010101010101041414141414101010101C3
:10035000010101010101010101010101010101018D
:100360001010101010104242424242420202020299
:10037000020202020202020202020202020202025D
:10038000101010102000000000000000000000000D
:10039000000000000000000000000000000000005D
:1003A000000000000000000000000000000000004D
:1003B000000000000000000000000000000000003D
:1003C000000000000000000000000000000000002D
:1003D000000000000000000000000000000000001D
:1003E000000000000000000000000000000000000D
:1003F00000000000000000000000000000000000FD
:100400000000000000000000FB21F93FFB21094033
:100410007CD91240FB2119407A6A1F407CD92240C6
:10042000BBFD2540FB2129403A462C407A6A2F40EB
:100430005C4731407CD932409C6B3440BBFD354039
:10044000DB8F3740FB2139401BB43A403A463C40F1
:100450005AD83D407A6A3F404C7E40405C4741401C
:100460006C1042407CD942408CA243409C6B44407B
:10047000AC344540BBFD4540CBC64640DB8F4740D2
:10048000EB584840FB21494083F9A200444E6E00DE
:10049000FC291500D1572700DD34F50062DBC000D0
:1004A0003C999500419043006351FE00BBDEAB00D8
:1004B000B761C5003A6E2400D24D42004906E00003
:1004C00009EA2E001C92D100EB1DFE0029B11C0090
:1004D000E83EA700F535820044BB2E009CE984006D
:1004E000B4267000417E5F00D691390053833900F5
:1004F0009CF439008B5F840028F9BD00F81F3B0095
:10050000DEFF97000F980500112FEF000A5A8B00AD
:100510006D1F6D00CF7E360009CB2700464FB70018
:100520009E663F002DEA5F00BA277500E5EBC70025
:100530003D7BF100F739070092528A00FB6BEA001D
:100540001FB15F00085D8D00300356007BFC460044
:10055000F0AB6B0020BCCF0036F49A00E3A91D007D
:100560005E619100081BE60085996500A0145F009C
:100570008D40680080D8FF0027734D0006063100CB
:10058000CA561500C9A873007BE260006B8CC000DE
:10059000DB0F49BFE4CB1640E4CB16C0000000805F
:1005A000DB0F4940DB0F49C0000FC93F000F494036
:1005B00000CB9640000FC9400053FB4000CB1641D2
:1005C00000ED2F41000F49410031624100537B4152
:1005D000003A8A4100CB9641005CA34100EDAF4157
:1005E000007EBC41000FC94100A0D5410031E2416D
:1005F00000C2EE410053FB4100F20342003A0A42BE
:100600000083104200CB164200141D42005C2342BE
:1006100000A5294200ED2F4200363642007E3C42C2
:1006200000C74242000F4942A2000000F90000004A
:10063000830000006E0000004E0000004400000037
:100640001500000029000000FC0000002700000049
:1006500057000000D1000000F50000003400000049
:10066000DD000000C0000000DB00000062000000B0
:1006700095000000990000003C00000043000000CD
:100680009000000041000000FE000000510000004A
:1006900063000000AB000000DE000000BB000000B3
:1006A000C500000061000000B70000002400000049
:1006B0006E0000003A000000420000004D00000003
:1006C000D2000000E0000000060000004900000029
:1006D0002E000000EA00000009000000D100000028
:1006E000920000001C000000FE0000001D00000041
:1006F000EB0000001C000000B10000002900000019
:10070000A70000003E000000E8000000820000009A
:1007100035000000F50000002E000000BB000000C6
:100720004400000084000000E90000009C0000007C
:100730007000000026000000B40000005F00000010
:100740007E00000041000000390000009100000020
:10075000D6000000390000008300000053000000B4
:1007600039000000F40000009C000000840000003C
:100770005F0000008B000000BD000000F9000000D9
:10078000280000003B0000001F000000F8000000EF
:1007900097000000FF000000DE00000005000000E0
:1007A000980000000F000000EF0000002F00000084
:1007B000110000008B0000005A0000000A00000039
:1007C0006D0000001F0000006D00000036000000FA
:1007D0007E000000CF00000027000000CB000000DA
:1007E00009000000B70000004F00000046000000B4
:1007F0003F000000660000009E0000005F00000057
:10080000EA0000002D000000750000002700000035
:10081000BA000000C7000000EB000000E500000087
:10082000F10000007B0000003D0000000700000018
:1008300039000000F70000008A00000052000000AC
:1008400092000000EA0000006B000000FB000000C6
:100850005F000000B10000001F0000008D000000DC
:100860005D000000080000005600000003000000CA
:100870003000000046000000FC0000007B0000008B
:100880006B000000AB000000F0000000CF00000093
:10089000BC000000200000009A000000F4000000EE
:1008A000360000001D000000A9000000E300000069
:1008B00091000000610000005E000000E600000002
:1008C0001B00000008000000650000009900000007
:1008D000850000005F00000014000000A000000080
:1008E00068000000400000008D000000FF000000D4
:1008F000D8000000800000004D00000073000000E0
:100900002700000031000000060000000600000083
:100910001500000056000000CA000000730000002F
:10092000A8000000C900000060000000E200000014
:100930007B000000C00000008C0000006B00000085
:1009400000000040FB21F93F000000002D44743EF0
:10095000000000809846F83C0000006051CC783BD5
:1009600000000080831BF0390000004020257A3809
:10097000000000802282E336000000001DF369358C
:100980000200000003000000040000000600000058
:100990000000C93F0000F0390000DA370000A23340
:1009A0000000842E0000502B0000C2270000D0223F
:1009B0000000C41F0000C61B000044170400000014
:1009C00007000000090000003863ED3EDA0F493FE0
:1009D0005E987B3FDA0FC93F6937AC31682122331B
:0809E000B40F14336821A233A7
:0809E800F004FE7F0100000095
:0809F0006986010825030008D7
:0409F80001030008EF
:1009FC000090D0030090D003010000001000000014
:100A0C000FB60008ABB5000891B400080000000058
:100A1C00B9B2000815B40008DDB3000800000000EE
:100A2C00000000000000000095B300084DB3000862
:100A3C0005B30008F9B2000809024300020100C026
:100A4C003209040000010202010005240010010516
:100A5C00240100010424020205240600010705827A
:100A6C000308001009040100020A00000007050138
:100A7C000240000007058102400000000A06000247
:100A8C000000004001000000AAAAAAAAADEF0008CD
:100A9C0085EF000889EF000891EF00088DEF000842
:100AAC0001F000080DF00008D1F00008ADF00008CE
:100ABC0099F00008EDF0000811F1000800000000AA
:100ACC00120100020202004083044057000201029E
:100ADC0003010000040309041A03000000000000D5
:100AEC0000000000000000000000000000000000FA
:100AFC00000000000050C347CDCCCC3DCDCCCC3D4C
:100B0C00CDCCCC3DCDCCCC3DCDCCCC3DCDCCCC3D51
:100B1C000050C347CDCCCC3DCDCCCC3DCDCCCC3D89
:100B2C00CDCCCC3DCDCCCC3DCDCCCC3D0050C34779
:100B3C00CDCCCC3DCDCCCC3DCDCCCC3DCDCCCC3D21
:100B4C00CDCCCC3DCDCCCC3D0050C347CDCCCC3D59
:100B5C00CDCCCC3DCDCCCC3DCDCCCC3DCDCCCC3D01
:100B6C00CDCCCC3D0000C842CDCCCC3DCDCCCC3D89
:100B7C00CDCCCC3DCDCCCC3DCDCCCC3DCDCCCC3DE1
:100B8C000000C842FFFF00003333EB3A58A08B3A09
:100B9C0001000000FF010000000000000000000048
:100BAC00000200000000000000000000FF02000036
:100BBC000000000000000000FF0100000000000029
:100BCC000000000000020000000000000000000017
:100BDC00FF020000000000000000000034F40108D7
:100BEC0014000000000000000000000000000000E5
:100BFC0000000000000000000000000000000000E9
:100C0C0000000000000000000000000028F40108B3
:100C1C0014000000000000000000000000000000B4
:100C2C0000000000000000000000000000000000B8
:100C3C00000000000000000000000000F0F30108BC
:100C4C001400000000000000000000000000000084
:100C5C000000000000000000000000000000000088
:100C6C00000000000000000000000000D8F30108A4
:100C7C001400000000000000000000000000000054
:100C8C000000000000000000000000000000000058
:100C9C0000000000000000000000000008F4010843
:100CAC004C000000000000000000000000000000EC
:100CBC000000000000000000000000000000000028
:100CCC000000000000000000000000001CF40108FF
:100CDC004C000000000000000000000000000000BC
:100CEC0000000000000000000000000000000000F8
:100CFC00000000000000000000000000A4F3010848
:100D0C001C000000000000000000000000000000BB
:100D1C0000000000000000000000000000000000C7
:100D2C0000000000000000000000000090F301082B
:100D3C001000000000000000000000000000000097
:100D4C000000000000000000000000000000000097
:100D5C00000000000000000000000000E4F30108A7
:100D6C000C0000000000000000000000000000006B
:100D7C000000000000000000000000000000000067
:100D8C00000000000000000000000000CCF301088F
:100D9C00080000000000000000000000000000003F
:100DAC000000000000000000000000000000000037
:100DBC00000000000000000000000000FCF301082F
:100DCC001000000000000000000000000000000007
:100DDC000000000000000000000000000000000007
:100DEC00000000000000000000000000B8F3010843
:100DFC0010000000000000000000000000000000D7
:100E0C0000000000000000000000000000000000D6
:100E1C00000000000000000000000000CDCC4C3DA4
:100E2C0000000000000000000080BB440000000037
:100E3C0007000000000096430000000000000000C6
:100E4C000000000000000000020000000100000093
:100E5C000102000001020000C06303240000000036
:100E6C000000000000000000000000000200000074
:100E7C00010000000202000002020000C46303240F
:100E8C000000000000000000000000000000000056
:100E9C000200000001000000030200000302000039
:100EAC00C8630324000000000000000000000000E4
:100EBC00000000000200000001000000040200001D
:100ECC0004020000CC6303240000000000000000BA
:100EDC0000000000000000000600000002000000FE
:100EEC0001000000100000000000000000000000E5
:100EFC0000000000000000000000000006000000E0
:100F0C0002000000020000001000000000000000C1
:100F1C0000000000000000000000000000000000C5
:100F2C00060000000200000003000000100000009A
:100F3C0000000000000000000000000000000000A5
:100F4C000000000000000000000000000000000095
:100F5C000000000000000000010000000000000084
:100F6C000000000000000000000000000000000075
:100F7C00FF0120190000000000000000000000002C
:100F8C000000000000000000000000000000000055
:100F9C00A8050024000000000000000094080024B4
:100FAC00FC0800246409002400000000000000007C
:100FBC000000000000000000000000000000000025
:100FCC000000000000000000000000000000000015
:100FDC000000000000000000000000000000000005
:100FEC0000000000000000000000000000000000F5
:100FFC0000000000000000000000000000000000E5
:10100C0000000000000000000000000000000000D4
:10101C0000000000000000000000000000000000C4
:10102C0000000000000000000000000000000000B4
:10103C0000000000000000000000000000000000A4
:10104C0001000000000000000E33CDAB34126DE641
:10105C00ECDE05000B0000000000000000000000AA
:10106C000000000000000000000000000000000074
:10107C000000000000000000000000000000000064
:10108C000000000000000000000000000000000054
:10109C000000000000000000000000000000000044
:1010AC000000000000000000000000000000000034
:1010BC000000000000000000000000000000000024
:1010CC000000000000000000000000000000000014
:1010DC000000000000000000000000000000000004
:1010EC0000000000000000000000000000000000F4
:1010FC0000000000000000000000000000000000E4
:10110C0000000000000000000000000000000000D3
:10111C0000000000000000000000000000000000C3
:10112C0000000000000000000000000000000000B3
:10113C0000000000000000000000000000000000A3
:10114C000000000000000000000000000000000093
:10115C000000000000000000000000000000000083
:10116C000000000000000000000000000000000073
:10117C000000000000000000000000000000000063
:10118C000000000000000000000000000000000053
:10119C000000000000000000000000000000000043
:1011AC000000000000000000000000000000000033
:1011BC000000000000000000000000000000000023
:1011CC000000000000000000000000000000000013
:1011DC000000000000000000000000000000000003
:1011EC0000000000000000000000000000000000F3
:1011FC0000000000000000000000000000000000E3
:10120C0000000000000000000000000000000000D2
:10121C0000000000000000000000000000000000C2
:10122C0000000000000000000000000000000000B2
:10123C0000000000000000000000000000000000A2
:10124C000000000000000000000000000000000092
:10125C000000000000000000000000000000000082
:10126C000000000000000000000000000000000072
:10127C000000000000000000000000000000000062
:10128C000000000000000000000000000000000052
:10129C000000000000000000000000000000000042
:1012AC000000000000000000000000000000000032
:1012BC000000000000000000000000000000000022
:1012CC000000000000000000000000000000000012
:1012DC000000000000000000000000000000000002
:1012EC0000000000000000000000000000000000F2
:1012FC0000000000000000000000000000000000E2
:10130C0000000000000000000000000000000000D1
:10131C0000000000000000000000000000000000C1
:10132C0000000000000000000000000000000000B1
:10133C0000000000000000000000000000000000A1
:10134C000000000000000000000000000000000091
:10135C000000000000000000000000000000000081
:10136C000000000000000000000000000000000071
:10137C000000000000000000000000000000000061
:10138C000000000000000000000000000000000051
:10139C000000000000000000000000000000000041
:1013AC000000000000000000000000000000000031
:1013BC000000000000000000000000000000000021
:1013CC000000000000000000D0090024D009002417
:1013DC00D8090024D8090024E0090024E0090024DD
:1013EC00E8090024E8090024F0090024F00900248D
:1013FC00F8090024F8090024000A0024000A00243B
:10140C00080A0024080A0024100A0024100A0024E8
:10141C00180A0024180A0024200A0024200A002498
:10142C00280A0024280A0024300A0024300A002448
:10143C00380A0024380A0024400A0024400A0024F8
:10144C00480A0024480A0024500A0024500A0024A8
:10145C00580A0024580A0024600A0024600A002458
:10146C00680A0024680A0024700A0024700A002408
:10147C00780A0024780A0024800A0024800A0024B8
:10148C00880A0024880A0024900A0024900A002468
:10149C00980A0024980A0024A00A0024A00A002418
:1014AC00A80A0024A80A0024B00A0024B00A0024C8
:1014BC00B80A0024B80A0024C00A0024C00A002478
:1014CC00C80A0024C80A0024D00A0024D00A002428
:1014DC00D80A0024D80A0024E00A0024E00A0024D8
:1014EC00E80A0024E80A0024F00A0024F00A002488
:1014FC00F80A0024F80A0024000B0024000B002436
:10150C00080B0024080B0024100B0024100B0024E3
:10151C00180B0024180B0024200B0024200B002493
:10152C00280B0024280B0024300B0024300B002443
:10153C00380B0024380B0024400B0024400B0024F3
:10154C00480B0024480B0024500B0024500B0024A3
:10155C00580B0024580B0024600B0024600B002453
:10156C00680B0024680B0024700B0024700B002403
:10157C00780B0024780B0024800B0024800B0024B3
:10158C00880B0024880B0024900B0024900B002463
:10159C00980B0024980B0024A00B0024A00B002413
:1015AC00A80B0024A80B0024B00B0024B00B0024C3
:1015BC00B80B0024B80B0024C00B0024C00B002473
:1015CC00C80B0024C80B0024D00B0024D00B002423
:1015DC00D80B0024D80B0024E00B0024E00B0024D3
:1015EC00E80B0024E80B0024F00B0024F00B002483
:1015FC00F80B0024F80B0024000C0024000C002431
:10160C00080C0024080C0024100C0024100C0024DE
:10161C00180C0024180C0024200C0024200C00248E
:10162C00280C0024280C0024300C0024300C00243E
:10163C00380C0024380C0024400C0024400C0024EE
:10164C00480C0024480C0024500C0024500C00249E
:10165C00580C0024580C0024600C0024600C00244E
:10166C00680C0024680C0024700C0024700C0024FE
:10167C00780C0024780C0024800C0024800C0024AE
:10168C00880C0024880C0024900C0024900C00245E
:10169C00980C0024980C0024A00C0024A00C00240E
:1016AC00A80C0024A80C0024B00C0024B00C0024BE
:1016BC00B80C0024B80C0024C00C0024C00C00246E
:1016CC00C80C0024C80C0024D00C0024D00C00241E
:1016DC00D80C0024D80C0024E00C0024E00C0024CE
:1016EC00E80C0024E80C0024F00C0024F00C00247E
:1016FC00F80C0024F80C0024000D0024000D00242C
:10170C00080D0024080D0024100D0024100D0024D9
:10171C00180D0024180D0024200D0024200D002489
:10172C00280D0024280D0024300D0024300D002439
:10173C00380D0024380D0024400D0024400D0024E9
:10174C00480D0024480D0024500D0024500D002499
:10175C00580D0024580D0024600D0024600D002449
:10176C00680D0024680D0024700D0024700D0024F9
:10177C00780D0024780D0024800D0024800D0024A9
:10178C00880D0024880D0024900D0024900D002459
:10179C00980D0024980D0024A00D0024A00D002409
:1017AC00A80D0024A80D0024B00D0024B00D0024B9
:1017BC00B80D0024B80D0024C00D0024C00D002469
:1017CC00C80D0024C80D0024FFFFFFFF000002001D
:1017DC00706B0324430000000000000000000000B8
:1017EC0000000000000000000000000000000000ED
:1017FC00000000004300000000000000000000009A
:10180C0000000000000000000000000000000000CC
:10181C000000000043000000000000000000000079
:10182C0000000000000000000000000000000000AC
:10183C000000000043000000000000000000000059
:10184C00000000000000000000000000000000008C
:10185C000000000043000000000000000000000039
:10186C00000000000000000000000000000000006C
:10187C000000000043000000000000000000000019
:10188C00000000000000000000000000000000004C
:10189C0000000000430000000000000000000000F9
:1018AC00000000000000000000000000000000002C
:1018BC00000000009DC3010859C20108000000008F
:1018CC000403020800030208C0020208C002020856
:1018DC00C0020208C0020208C0020208C0020208CC
:1018EC00C0020208C0020208C0020208FFFFFFFF8C
:1018FC00FFFFFFFFFFFFFFFFFFFF00000100415351
:10190C0043494900000000000000000000000000F6
:10191C000000000000000000000000000000415327
:10192C0043494900000000000000000000000000D6
:10193C00000000000000000000000000000000009B
:0400000508002BD1F3
:00000001FF
